Log file open, 08/11/26 16:38:09
LogWindows: Failed to load 'aqProf.dll' (GetLastError=126)
LogWindows: File 'aqProf.dll' does not exist
LogWindows: Failed to load 'VtuneApi.dll' (GetLastError=126)
LogWindows: File 'VtuneApi.dll' does not exist
LogWindows: Failed to load 'VtuneApi32e.dll' (GetLastError=126)
LogWindows: File 'VtuneApi32e.dll' does not exist
LogConsoleResponse: Display: Failed to find resolution value strings in scalability ini. Falling back to default.
LogConsoleResponse: Display: Failed to find resolution value strings in scalability ini. Falling back to default.
LogInit: Display: Running engine for game: Bar
LogPlatformFile: Not using cached read wrapper
LogTaskGraph: Started task graph with 5 named threads and 23 total threads with 3 sets of task threads.
LogStats: Stats thread started at 0.722580
LogICUInternationalization: ICU TimeZone Detection - Raw Offset: +8:00, Platform Override: ''
LogInit: Display: Loading text-based GConfig....
LogPluginManager: Mounting plugin MeshPainting
LogPluginManager: Mounting plugin XGEController
LogPluginManager: Mounting plugin Paper2D
LogPluginManager: Mounting plugin LiveLink
LogPluginManager: Mounting plugin GameplayCameras
LogPluginManager: Mounting plugin CameraShakePreviewer
LogPluginManager: Mounting plugin AnimationSharing
LogPluginManager: Mounting plugin CLionSourceCodeAccess
LogPluginManager: Mounting plugin GitSourceControl
LogPluginManager: Mounting plugin PixWinPlugin
LogPluginManager: Mounting plugin CodeLiteSourceCodeAccess
LogPluginManager: Mounting plugin PerforceSourceControl
LogPluginManager: Mounting plugin PlasticSourceControl
LogPluginManager: Mounting plugin NullSourceCodeAccess
LogPluginManager: Mounting plugin PluginUtils
LogPluginManager: Mounting plugin KDevelopSourceCodeAccess
LogPluginManager: Mounting plugin PropertyAccessNode
LogPluginManager: Mounting plugin RiderSourceCodeAccess
LogPluginManager: Mounting plugin TextureFormatOodle
LogPluginManager: Mounting plugin SubversionSourceControl
LogPluginManager: Mounting plugin VisualStudioCodeSourceCodeAccess
LogPluginManager: Mounting plugin UObjectPlugin
LogPluginManager: Mounting plugin VisualStudioSourceCodeAccess
LogPluginManager: Mounting plugin DatasmithContent
LogPluginManager: Mounting plugin XCodeSourceCodeAccess
LogPluginManager: Mounting plugin LightPropagationVolume
LogPluginManager: Mounting plugin VariantManagerContent
LogPluginManager: Mounting plugin OodleData
LogPluginManager: Mounting plugin AISupport
LogPluginManager: Mounting plugin OodleNetwork
LogPluginManager: Mounting plugin AlembicImporter
LogPluginManager: Mounting plugin AutomationUtils
LogPluginManager: Mounting plugin BackChannel
LogPluginManager: Mounting plugin EnvironmentQueryEditor
LogPluginManager: Mounting plugin ChaosClothEditor
LogPluginManager: Mounting plugin ChaosCloth
LogPluginManager: Mounting plugin ChaosEditor
LogPluginManager: Mounting plugin ChaosNiagara
LogPluginManager: Mounting plugin ChaosSolverPlugin
LogPluginManager: Mounting plugin CharacterAI
LogPluginManager: Mounting plugin GeometryCache
LogPluginManager: Mounting plugin GeometryCollectionPlugin
LogPluginManager: Mounting plugin AssetManagerEditor
LogPluginManager: Mounting plugin GeometryProcessing
LogPluginManager: Mounting plugin MotoSynth
LogPluginManager: Mounting plugin OpenImageDenoise
LogPluginManager: Mounting plugin PlanarCut
LogPluginManager: Mounting plugin CryptoKeys
LogPluginManager: Mounting plugin PlatformCrypto
LogPluginManager: Mounting plugin ProxyLODPlugin
LogPluginManager: Mounting plugin PythonScriptPlugin
LogPluginManager: Mounting plugin CurveEditorTools
LogPluginManager: Mounting plugin DataValidation
LogPluginManager: Mounting plugin FacialAnimation
LogPluginManager: Mounting plugin GameplayTagsEditor
LogPluginManager: Mounting plugin GeometryMode
LogPluginManager: Mounting plugin SkeletalReduction
LogPluginManager: Mounting plugin MaterialAnalyzer
LogPluginManager: Mounting plugin PluginBrowser
LogPluginManager: Mounting plugin MobileLauncherProfileWizard
LogPluginManager: Mounting plugin MacGraphicsSwitching
LogPluginManager: Mounting plugin SpeedTreeImporter
LogPluginManager: Mounting plugin Niagara
LogPluginManager: Mounting plugin LuminPlatformFeatures
LogPluginManager: Mounting plugin MagicLeap
LogPluginManager: Mounting plugin MagicLeapLightEstimation
LogPluginManager: Mounting plugin MagicLeapMedia
LogPluginManager: Mounting plugin MagicLeapPassableWorld
LogPluginManager: Mounting plugin MLSDK
LogPluginManager: Mounting plugin AndroidMedia
LogPluginManager: Mounting plugin AvfMedia
LogPluginManager: Mounting plugin ImgMedia
LogPluginManager: Mounting plugin MediaCompositing
LogPluginManager: Mounting plugin MediaPlayerEditor
LogPluginManager: Mounting plugin WebMMedia
LogPluginManager: Mounting plugin WmfMedia
LogPluginManager: Mounting plugin ActorSequence
LogPluginManager: Mounting plugin LevelSequenceEditor
LogPluginManager: Mounting plugin MatineeToLevelSequence
LogPluginManager: Mounting plugin TemplateSequence
LogPluginManager: Mounting plugin TcpMessaging
LogPluginManager: Mounting plugin UdpMessaging
LogPluginManager: Mounting plugin OnlineSubsystem
LogPluginManager: Mounting plugin OnlineSubsystemNull
LogPluginManager: Mounting plugin OnlineSubsystemUtils
LogPluginManager: Mounting plugin LauncherChunkInstaller
LogPluginManager: Mounting plugin ActorLayerUtilities
LogPluginManager: Mounting plugin AndroidPermission
LogPluginManager: Mounting plugin AndroidDeviceProfileSelector
LogPluginManager: Mounting plugin AppleImageUtils
LogPluginManager: Mounting plugin AndroidMoviePlayer
LogPluginManager: Mounting plugin ArchVisCharacter
LogPluginManager: Mounting plugin AssetTags
LogPluginManager: Mounting plugin AudioCapture
LogPluginManager: Mounting plugin AppleMoviePlayer
LogPluginManager: Mounting plugin AudioSynesthesia
LogPluginManager: Mounting plugin CableComponent
LogPluginManager: Mounting plugin ChunkDownloader
LogPluginManager: Mounting plugin CustomMeshComponent
LogPluginManager: Mounting plugin EditableMesh
LogPluginManager: Mounting plugin ExampleDeviceProfileSelector
LogPluginManager: Mounting plugin GooglePAD
LogPluginManager: Mounting plugin GoogleCloudMessaging
LogPluginManager: Mounting plugin IOSDeviceProfileSelector
LogPluginManager: Mounting plugin LocationServicesBPLibrary
LogPluginManager: Mounting plugin LinuxDeviceProfileSelector
LogPluginManager: Mounting plugin MobilePatchingUtils
LogPluginManager: Mounting plugin OpenXR
LogPluginManager: Mounting plugin OpenXREyeTracker
LogPluginManager: Mounting plugin OpenXRHandTracking
LogPluginManager: Mounting plugin PhysXVehicles
LogPluginManager: Mounting plugin PostSplashScreen
LogPluginManager: Mounting plugin ProceduralMeshComponent
LogPluginManager: Mounting plugin PropertyAccessEditor
LogPluginManager: Mounting plugin RuntimePhysXCooking
LogPluginManager: Mounting plugin SignificanceManager
LogPluginManager: Mounting plugin SoundFields
LogPluginManager: Mounting plugin Synthesis
LogPluginManager: Mounting plugin WebMMoviePlayer
LogPluginManager: Mounting plugin WindowsMoviePlayer
LogPluginManager: Mounting plugin ScreenshotTools
LogPluginManager: Mounting plugin Takes
LogPluginManager: Mounting plugin ContentBrowserAssetDataSource
LogPluginManager: Mounting plugin ContentBrowserFileDataSource
LogPluginManager: Mounting plugin ContentBrowserClassDataSource
LogPluginManager: Mounting plugin OnlineSubsystemGooglePlay
LogPluginManager: Mounting plugin OnlineSubsystemIOS
LogPluginManager: Mounting plugin OculusVR
LogPluginManager: Mounting plugin SteamVR
PixWinPlugin: PIX capture plugin failed to initialize! Check that the process is launched from PIX.
LogInit: Using libcurl 7.55.1-DEV
LogInit:  - built for x86_64-pc-win32
LogInit:  - supports SSL with OpenSSL/1.1.1
LogInit:  - supports HTTP deflate (compression) using libz 1.2.8
LogInit:  - other features:
LogInit:      CURL_VERSION_SSL
LogInit:      CURL_VERSION_LIBZ
LogInit:      CURL_VERSION_IPV6
LogInit:      CURL_VERSION_ASYNCHDNS
LogInit:      CURL_VERSION_LARGEFILE
LogInit:      CURL_VERSION_IDN
LogInit:  CurlRequestOptions (configurable via config and command line):
LogInit:  - bVerifyPeer = true  - Libcurl will verify peer certificate
LogInit:  - bUseHttpProxy = false  - Libcurl will NOT use HTTP proxy
LogInit:  - bDontReuseConnections = false  - Libcurl will reuse connections
LogInit:  - MaxHostConnections = 16  - Libcurl will limit the number of connections to a host
LogInit:  - LocalHostAddr = Default
LogInit:  - BufferSize = 65536
LogOnline: OSS: Creating online subsystem instance for: NULL
LogInit: WinSock: version 1.1 (2.2), MaxSocks=32767, MaxUdp=65467
LogOnline: OSS: TryLoadSubsystemAndSetDefault: Loaded subsystem for module [NULL]
LogOculusPluginWrapper: OculusPlugin initialized successfully
LogHMD: Failed initializing OVRPlugin 1.59.0
LogInit: Build: ++UE4+Release-4.27-CL-18319896
LogInit: Engine Version: 4.27.2-18319896+++UE4+Release-4.27
LogInit: Compatible Engine Version: 4.27.0-17155196+++UE4+Release-4.27
LogInit: Net CL: 17155196
LogInit: OS: Windows 10 (Release 2009) (), CPU: Intel(R) Xeon(R) CPU E3-1231 v3 @ 3.40GHz, GPU: NVIDIA GeForce GTX 1660
LogInit: Compiled (64-bit): Nov 30 2021 07:12:08
LogInit: Compiled with Visual C++: 19.24.28315.00
LogInit: Build Configuration: Development
LogInit: Branch Name: ++UE4+Release-4.27
LogInit: Command Line: 
LogInit: Base Directory: C:/Program Files/Epic Games/UE_4.27/Engine/Binaries/Win64/
LogInit: Allocator: TBB
LogInit: Installed Engine Build: 1
LogDevObjectVersion: Number of dev versions registered: 29
LogDevObjectVersion:   Dev-Blueprints (B0D832E4-1F89-4F0D-ACCF-7EB736FD4AA2): 10
LogDevObjectVersion:   Dev-Build (E1C64328-A22C-4D53-A36C-8E866417BD8C): 0
LogDevObjectVersion:   Dev-Core (375EC13C-06E4-48FB-B500-84F0262A717E): 4
LogDevObjectVersion:   Dev-Editor (E4B068ED-F494-42E9-A231-DA0B2E46BB41): 40
LogDevObjectVersion:   Dev-Framework (CFFC743F-43B0-4480-9391-14DF171D2073): 37
LogDevObjectVersion:   Dev-Mobile (B02B49B5-BB20-44E9-A304-32B752E40360): 3
LogDevObjectVersion:   Dev-Networking (A4E4105C-59A1-49B5-A7C5-40C4547EDFEE): 0
LogDevObjectVersion:   Dev-Online (39C831C9-5AE6-47DC-9A44-9C173E1C8E7C): 0
LogDevObjectVersion:   Dev-Physics (78F01B33-EBEA-4F98-B9B4-84EACCB95AA2): 14
LogDevObjectVersion:   Dev-Platform (6631380F-2D4D-43E0-8009-CF276956A95A): 0
LogDevObjectVersion:   Dev-Rendering (12F88B9F-8875-4AFC-A67C-D90C383ABD29): 45
LogDevObjectVersion:   Dev-Sequencer (7B5AE74C-D270-4C10-A958-57980B212A5A): 13
LogDevObjectVersion:   Dev-VR (D7296918-1DD6-4BDD-9DE2-64A83CC13884): 3
LogDevObjectVersion:   Dev-LoadTimes (C2A15278-BFE7-4AFE-6C17-90FF531DF755): 1
LogDevObjectVersion:   Private-Geometry (6EACA3D4-40EC-4CC1-B786-8BED09428FC5): 3
LogDevObjectVersion:   Dev-AnimPhys (29E575DD-E0A3-4627-9D10-D276232CDCEA): 17
LogDevObjectVersion:   Dev-Anim (AF43A65D-7FD3-4947-9873-3E8ED9C1BB05): 15
LogDevObjectVersion:   Dev-ReflectionCapture (6B266CEC-1EC7-4B8F-A30B-E4D90942FC07): 1
LogDevObjectVersion:   Dev-Automation (0DF73D61-A23F-47EA-B727-89E90C41499A): 1
LogDevObjectVersion:   FortniteMain (601D1886-AC64-4F84-AA16-D3DE0DEAC7D6): 47
LogDevObjectVersion:   FortniteRelease (E7086368-6B23-4C58-8439-1B7016265E91): 1
LogDevObjectVersion:   Dev-Enterprise (9DFFBCD6-494F-0158-E221-12823C92A888): 10
LogDevObjectVersion:   Dev-Niagara (F2AED0AC-9AFE-416F-8664-AA7FFA26D6FC): 1
LogDevObjectVersion:   Dev-Destruction (174F1F0B-B4C6-45A5-B13F-2EE8D0FB917D): 10
LogDevObjectVersion:   Dev-Physics-Ext (35F94A83-E258-406C-A318-09F59610247C): 41
LogDevObjectVersion:   Dev-PhysicsMaterial-Chaos (B68FC16E-8B1B-42E2-B453-215C058844FE): 1
LogDevObjectVersion:   Dev-CineCamera (B2E18506-4273-CFC2-A54E-F4BB758BBA07): 1
LogDevObjectVersion:   Dev-VirtualProduction (64F58936-FD1B-42BA-BA96-7289D5D0FA4E): 1
LogDevObjectVersion:   Dev-MediaFramework (6F0ED827-A609-4895-9C91-998D90180EA4): 2
LogInit: Presizing for max 25165824 objects, including 0 objects not considered by GC, pre-allocating 0 bytes for permanent pool.
LogConfig: Applying CVar settings from Section [/Script/Engine.StreamingSettings] File [C:/Users/Administrator/Downloads/Bar-z1/Bar/Saved/Config/Windows/Engine.ini]
LogConfig: Setting CVar [[s.MinBulkDataSizeForAsyncLoading:131072]]
LogConfig: Setting CVar [[s.AsyncLoadingThreadEnabled:0]]
LogConfig: Setting CVar [[s.EventDrivenLoaderEnabled:1]]
LogConfig: Setting CVar [[s.WarnIfTimeLimitExceeded:0]]
LogConfig: Setting CVar [[s.TimeLimitExceededMultiplier:1.5]]
LogConfig: Setting CVar [[s.TimeLimitExceededMinTime:0.005]]
LogConfig: Setting CVar [[s.UseBackgroundLevelStreaming:1]]
LogConfig: Setting CVar [[s.PriorityAsyncLoadingExtraTime:15.0]]
LogConfig: Setting CVar [[s.LevelStreamingActorsUpdateTimeLimit:5.0]]
LogConfig: Setting CVar [[s.PriorityLevelStreamingActorsUpdateExtraTime:5.0]]
LogConfig: Setting CVar [[s.LevelStreamingComponentsRegistrationGranularity:10]]
LogConfig: Setting CVar [[s.UnregisterComponentsTimeLimit:1.0]]
LogConfig: Setting CVar [[s.LevelStreamingComponentsUnregistrationGranularity:5]]
LogConfig: Setting CVar [[s.FlushStreamingOnExit:1]]
LogInit: Object subsystem initialized
LogConfig: Setting CVar [[con.DebugEarlyDefault:1]]
LogConfig: Setting CVar [[r.setres:1280x720]]
[2026.08.11-08.38.11:398][  0]LogConfig: Setting CVar [[r.VSync:0]]
[2026.08.11-08.38.11:398][  0]LogConfig: Setting CVar [[r.RHICmdBypass:0]]
[2026.08.11-08.38.11:398][  0]LogConfig: Applying CVar settings from Section [/Script/Engine.RendererSettings] File [C:/Users/Administrator/Downloads/Bar-z1/Bar/Saved/Config/Windows/Engine.ini]
[2026.08.11-08.38.11:398][  0]LogConfig: Setting CVar [[r.GPUCrashDebugging:0]]
[2026.08.11-08.38.11:398][  0]LogConfig: Setting CVar [[r.AllowGlobalClipPlane:1]]
[2026.08.11-08.38.11:398][  0]LogConfig: Applying CVar settings from Section [/Script/Engine.RendererOverrideSettings] File [C:/Users/Administrator/Downloads/Bar-z1/Bar/Saved/Config/Windows/Engine.ini]
[2026.08.11-08.38.11:398][  0]LogConfig: Applying CVar settings from Section [/Script/Engine.StreamingSettings] File [C:/Users/Administrator/Downloads/Bar-z1/Bar/Saved/Config/Windows/Engine.ini]
[2026.08.11-08.38.11:398][  0]LogConfig: Setting CVar [[s.MinBulkDataSizeForAsyncLoading:131072]]
[2026.08.11-08.38.11:398][  0]LogConfig: Setting CVar [[s.AsyncLoadingThreadEnabled:0]]
[2026.08.11-08.38.11:398][  0]LogConfig: Setting CVar [[s.EventDrivenLoaderEnabled:1]]
[2026.08.11-08.38.11:398][  0]LogConfig: Setting CVar [[s.WarnIfTimeLimitExceeded:0]]
[2026.08.11-08.38.11:398][  0]LogConfig: Setting CVar [[s.TimeLimitExceededMultiplier:1.5]]
[2026.08.11-08.38.11:398][  0]LogConfig: Setting CVar [[s.TimeLimitExceededMinTime:0.005]]
[2026.08.11-08.38.11:398][  0]LogConfig: Setting CVar [[s.UseBackgroundLevelStreaming:1]]
[2026.08.11-08.38.11:398][  0]LogConfig: Setting CVar [[s.PriorityAsyncLoadingExtraTime:15.0]]
[2026.08.11-08.38.11:398][  0]LogConfig: Setting CVar [[s.LevelStreamingActorsUpdateTimeLimit:5.0]]
[2026.08.11-08.38.11:398][  0]LogConfig: Setting CVar [[s.PriorityLevelStreamingActorsUpdateExtraTime:5.0]]
[2026.08.11-08.38.11:398][  0]LogConfig: Setting CVar [[s.LevelStreamingComponentsRegistrationGranularity:10]]
[2026.08.11-08.38.11:398][  0]LogConfig: Setting CVar [[s.UnregisterComponentsTimeLimit:1.0]]
[2026.08.11-08.38.11:398][  0]LogConfig: Setting CVar [[s.LevelStreamingComponentsUnregistrationGranularity:5]]
[2026.08.11-08.38.11:398][  0]LogConfig: Setting CVar [[s.FlushStreamingOnExit:1]]
[2026.08.11-08.38.11:398][  0]LogConfig: Applying CVar settings from Section [/Script/Engine.GarbageCollectionSettings] File [C:/Users/Administrator/Downloads/Bar-z1/Bar/Saved/Config/Windows/Engine.ini]
[2026.08.11-08.38.11:398][  0]LogConfig: Setting CVar [[gc.MaxObjectsNotConsideredByGC:1]]
[2026.08.11-08.38.11:398][  0]LogConfig: Setting CVar [[gc.SizeOfPermanentObjectPool:0]]
[2026.08.11-08.38.11:398][  0]LogConfig: Setting CVar [[gc.FlushStreamingOnGC:0]]
[2026.08.11-08.38.11:398][  0]LogConfig: Setting CVar [[gc.NumRetriesBeforeForcingGC:10]]
[2026.08.11-08.38.11:398][  0]LogConfig: Setting CVar [[gc.AllowParallelGC:1]]
[2026.08.11-08.38.11:398][  0]LogConfig: Setting CVar [[gc.TimeBetweenPurgingPendingKillObjects:61.1]]
[2026.08.11-08.38.11:398][  0]LogConfig: Setting CVar [[gc.MaxObjectsInEditor:25165824]]
[2026.08.11-08.38.11:398][  0]LogConfig: Setting CVar [[gc.IncrementalBeginDestroyEnabled:1]]
[2026.08.11-08.38.11:398][  0]LogConfig: Setting CVar [[gc.CreateGCClusters:1]]
[2026.08.11-08.38.11:399][  0]LogConfig: Setting CVar [[gc.MinGCClusterSize:5]]
[2026.08.11-08.38.11:399][  0]LogConfig: Setting CVar [[gc.ActorClusteringEnabled:0]]
[2026.08.11-08.38.11:399][  0]LogConfig: Setting CVar [[gc.BlueprintClusteringEnabled:0]]
[2026.08.11-08.38.11:399][  0]LogConfig: Setting CVar [[gc.UseDisregardForGCOnDedicatedServers:0]]
[2026.08.11-08.38.11:399][  0]LogConfig: Setting CVar [[gc.MultithreadedDestructionEnabled:1]]
[2026.08.11-08.38.11:399][  0]LogConfig: Applying CVar settings from Section [/Script/Engine.NetworkSettings] File [C:/Users/Administrator/Downloads/Bar-z1/Bar/Saved/Config/Windows/Engine.ini]
[2026.08.11-08.38.11:399][  0]LogConfig: Applying CVar settings from Section [/Script/UnrealEd.CookerSettings] File [C:/Users/Administrator/Downloads/Bar-z1/Bar/Saved/Config/Windows/Engine.ini]
[2026.08.11-08.38.11:410][  0]LogConfig: Applying CVar settings from Section [ViewDistanceQuality@3] File [C:/Users/Administrator/Downloads/Bar-z1/Bar/Saved/Config/Windows/Scalability.ini]
[2026.08.11-08.38.11:410][  0]LogConfig: Setting CVar [[r.SkeletalMeshLODBias:0]]
[2026.08.11-08.38.11:410][  0]LogConfig: Setting CVar [[r.ViewDistanceScale:1.0]]
[2026.08.11-08.38.11:410][  0]LogConfig: Applying CVar settings from Section [AntiAliasingQuality@3] File [C:/Users/Administrator/Downloads/Bar-z1/Bar/Saved/Config/Windows/Scalability.ini]
[2026.08.11-08.38.11:410][  0]LogConfig: Setting CVar [[r.PostProcessAAQuality:4]]
[2026.08.11-08.38.11:410][  0]LogConfig: Applying CVar settings from Section [ShadowQuality@3] File [C:/Users/Administrator/Downloads/Bar-z1/Bar/Saved/Config/Windows/Scalability.ini]
[2026.08.11-08.38.11:410][  0]LogConfig: Setting CVar [[r.LightFunctionQuality:1]]
[2026.08.11-08.38.11:410][  0]LogConfig: Setting CVar [[r.ShadowQuality:5]]
[2026.08.11-08.38.11:410][  0]LogConfig: Setting CVar [[r.Shadow.CSM.MaxCascades:10]]
[2026.08.11-08.38.11:410][  0]LogConfig: Setting CVar [[r.Shadow.MaxResolution:2048]]
[2026.08.11-08.38.11:410][  0]LogConfig: Setting CVar [[r.Shadow.MaxCSMResolution:2048]]
[2026.08.11-08.38.11:410][  0]LogConfig: Setting CVar [[r.Shadow.RadiusThreshold:0.01]]
[2026.08.11-08.38.11:410][  0]LogConfig: Setting CVar [[r.Shadow.DistanceScale:1.0]]
[2026.08.11-08.38.11:410][  0]LogConfig: Setting CVar [[r.Shadow.CSM.TransitionScale:1.0]]
[2026.08.11-08.38.11:410][  0]LogConfig: Setting CVar [[r.Shadow.PreShadowResolutionFactor:1.0]]
[2026.08.11-08.38.11:410][  0]LogConfig: Setting CVar [[r.DistanceFieldShadowing:1]]
[2026.08.11-08.38.11:410][  0]LogConfig: Setting CVar [[r.DistanceFieldAO:1]]
[2026.08.11-08.38.11:410][  0]LogConfig: Setting CVar [[r.AOQuality:2]]
[2026.08.11-08.38.11:410][  0]LogConfig: Setting CVar [[r.VolumetricFog:1]]
[2026.08.11-08.38.11:410][  0]LogConfig: Setting CVar [[r.VolumetricFog.GridPixelSize:8]]
[2026.08.11-08.38.11:410][  0]LogConfig: Setting CVar [[r.VolumetricFog.GridSizeZ:128]]
[2026.08.11-08.38.11:410][  0]LogConfig: Setting CVar [[r.VolumetricFog.HistoryMissSupersampleCount:4]]
[2026.08.11-08.38.11:410][  0]LogConfig: Setting CVar [[r.LightMaxDrawDistanceScale:1]]
[2026.08.11-08.38.11:410][  0]LogConfig: Setting CVar [[r.CapsuleShadows:1]]
[2026.08.11-08.38.11:410][  0]LogConfig: Applying CVar settings from Section [PostProcessQuality@3] File [C:/Users/Administrator/Downloads/Bar-z1/Bar/Saved/Config/Windows/Scalability.ini]
[2026.08.11-08.38.11:410][  0]LogConfig: Setting CVar [[r.MotionBlurQuality:4]]
[2026.08.11-08.38.11:410][  0]LogConfig: Setting CVar [[r.AmbientOcclusionMipLevelFactor:0.4]]
[2026.08.11-08.38.11:410][  0]LogConfig: Setting CVar [[r.AmbientOcclusionMaxQuality:100]]
[2026.08.11-08.38.11:410][  0]LogConfig: Setting CVar [[r.AmbientOcclusionLevels:-1]]
[2026.08.11-08.38.11:410][  0]LogConfig: Setting CVar [[r.AmbientOcclusionRadiusScale:1.0]]
[2026.08.11-08.38.11:410][  0]LogConfig: Setting CVar [[r.DepthOfFieldQuality:2]]
[2026.08.11-08.38.11:410][  0]LogConfig: Setting CVar [[r.RenderTargetPoolMin:400]]
[2026.08.11-08.38.11:410][  0]LogConfig: Setting CVar [[r.LensFlareQuality:2]]
[2026.08.11-08.38.11:410][  0]LogConfig: Setting CVar [[r.SceneColorFringeQuality:1]]
[2026.08.11-08.38.11:411][  0]LogConfig: Setting CVar [[r.EyeAdaptationQuality:2]]
[2026.08.11-08.38.11:411][  0]LogConfig: Setting CVar [[r.BloomQuality:5]]
[2026.08.11-08.38.11:411][  0]LogConfig: Setting CVar [[r.FastBlurThreshold:100]]
[2026.08.11-08.38.11:411][  0]LogConfig: Setting CVar [[r.Upscale.Quality:3]]
[2026.08.11-08.38.11:411][  0]LogConfig: Setting CVar [[r.Tonemapper.GrainQuantization:1]]
[2026.08.11-08.38.11:411][  0]LogConfig: Setting CVar [[r.LightShaftQuality:1]]
[2026.08.11-08.38.11:411][  0]LogConfig: Setting CVar [[r.Filter.SizeScale:1]]
[2026.08.11-08.38.11:411][  0]LogConfig: Setting CVar [[r.Tonemapper.Quality:5]]
[2026.08.11-08.38.11:411][  0]LogConfig: Setting CVar [[r.DOF.Gather.AccumulatorQuality:1        ; higher gathering accumulator quality]]
[2026.08.11-08.38.11:411][  0]LogConfig: Setting CVar [[r.DOF.Gather.PostfilterMethod:1          ; Median3x3 postfilering method]]
[2026.08.11-08.38.11:411][  0]LogConfig: Setting CVar [[r.DOF.Gather.EnableBokehSettings:0       ; no bokeh simulation when gathering]]
[2026.08.11-08.38.11:411][  0]LogConfig: Setting CVar [[r.DOF.Gather.RingCount:4                 ; medium number of samples when gathering]]
[2026.08.11-08.38.11:411][  0]LogConfig: Setting CVar [[r.DOF.Scatter.ForegroundCompositing:1    ; additive foreground scattering]]
[2026.08.11-08.38.11:411][  0]LogConfig: Setting CVar [[r.DOF.Scatter.BackgroundCompositing:2    ; additive background scattering]]
[2026.08.11-08.38.11:411][  0]LogConfig: Setting CVar [[r.DOF.Scatter.EnableBokehSettings:1      ; bokeh simulation when scattering]]
[2026.08.11-08.38.11:411][  0]LogConfig: Setting CVar [[r.DOF.Scatter.MaxSpriteRatio:0.1         ; only a maximum of 10% of scattered bokeh]]
[2026.08.11-08.38.11:411][  0]LogConfig: Setting CVar [[r.DOF.Recombine.Quality:1                ; cheap slight out of focus]]
[2026.08.11-08.38.11:411][  0]LogConfig: Setting CVar [[r.DOF.Recombine.EnableBokehSettings:0    ; no bokeh simulation on slight out of focus]]
[2026.08.11-08.38.11:411][  0]LogConfig: Setting CVar [[r.DOF.TemporalAAQuality:1                ; more stable temporal accumulation]]
[2026.08.11-08.38.11:411][  0]LogConfig: Setting CVar [[r.DOF.Kernel.MaxForegroundRadius:0.025]]
[2026.08.11-08.38.11:411][  0]LogConfig: Setting CVar [[r.DOF.Kernel.MaxBackgroundRadius:0.025]]
[2026.08.11-08.38.11:411][  0]LogConfig: Applying CVar settings from Section [TextureQuality@3] File [C:/Users/Administrator/Downloads/Bar-z1/Bar/Saved/Config/Windows/Scalability.ini]
[2026.08.11-08.38.11:411][  0]LogConfig: Setting CVar [[r.Streaming.MipBias:0]]
[2026.08.11-08.38.11:411][  0]LogConfig: Setting CVar [[r.Streaming.AmortizeCPUToGPUCopy:0]]
[2026.08.11-08.38.11:411][  0]LogConfig: Setting CVar [[r.Streaming.MaxNumTexturesToStreamPerFrame:0]]
[2026.08.11-08.38.11:411][  0]LogConfig: Setting CVar [[r.Streaming.Boost:1]]
[2026.08.11-08.38.11:411][  0]LogConfig: Setting CVar [[r.MaxAnisotropy:8]]
[2026.08.11-08.38.11:411][  0]LogConfig: Setting CVar [[r.VT.MaxAnisotropy:8]]
[2026.08.11-08.38.11:411][  0]LogConfig: Setting CVar [[r.Streaming.LimitPoolSizeToVRAM:0]]
[2026.08.11-08.38.11:411][  0]LogConfig: Setting CVar [[r.Streaming.PoolSize:1000]]
[2026.08.11-08.38.11:411][  0]LogConfig: Setting CVar [[r.Streaming.MaxEffectiveScreenSize:0]]
[2026.08.11-08.38.11:411][  0]LogConfig: Applying CVar settings from Section [EffectsQuality@3] File [C:/Users/Administrator/Downloads/Bar-z1/Bar/Saved/Config/Windows/Scalability.ini]
[2026.08.11-08.38.11:411][  0]LogConfig: Setting CVar [[r.TranslucencyLightingVolumeDim:64]]
[2026.08.11-08.38.11:411][  0]LogConfig: Setting CVar [[r.RefractionQuality:2]]
[2026.08.11-08.38.11:411][  0]LogConfig: Setting CVar [[r.SSR.Quality:3]]
[2026.08.11-08.38.11:411][  0]LogConfig: Setting CVar [[r.SSR.HalfResSceneColor:0]]
[2026.08.11-08.38.11:411][  0]LogConfig: Setting CVar [[r.SceneColorFormat:4]]
[2026.08.11-08.38.11:411][  0]LogConfig: Setting CVar [[r.DetailMode:2]]
[2026.08.11-08.38.11:411][  0]LogConfig: Setting CVar [[r.TranslucencyVolumeBlur:1]]
[2026.08.11-08.38.11:411][  0]LogConfig: Setting CVar [[r.MaterialQualityLevel:1 ; High quality]]
[2026.08.11-08.38.11:411][  0]LogConfig: Setting CVar [[r.AnisotropicMaterials:1]]
[2026.08.11-08.38.11:411][  0]LogConfig: Setting CVar [[r.SSS.Scale:1]]
[2026.08.11-08.38.11:411][  0]LogConfig: Setting CVar [[r.SSS.SampleSet:2]]
[2026.08.11-08.38.11:411][  0]LogConfig: Setting CVar [[r.SSS.Quality:1]]
[2026.08.11-08.38.11:411][  0]LogConfig: Setting CVar [[r.SSS.HalfRes:0]]
[2026.08.11-08.38.11:411][  0]LogConfig: Setting CVar [[r.SSGI.Quality:3]]
[2026.08.11-08.38.11:411][  0]LogConfig: Setting CVar [[r.EmitterSpawnRateScale:1.0]]
[2026.08.11-08.38.11:411][  0]LogConfig: Setting CVar [[r.ParticleLightQuality:2]]
[2026.08.11-08.38.11:411][  0]LogConfig: Setting CVar [[r.SkyAtmosphere.AerialPerspectiveLUT.FastApplyOnOpaque:1 ; Always have FastSkyLUT 1 in this case to avoid wrong sky]]
[2026.08.11-08.38.11:411][  0]LogConfig: Setting CVar [[r.SkyAtmosphere.AerialPerspectiveLUT.SampleCountMaxPerSlice:4]]
[2026.08.11-08.38.11:411][  0]LogConfig: Setting CVar [[r.SkyAtmosphere.AerialPerspectiveLUT.DepthResolution:16.0]]
[2026.08.11-08.38.11:411][  0]LogConfig: Setting CVar [[r.SkyAtmosphere.FastSkyLUT:1]]
[2026.08.11-08.38.11:411][  0]LogConfig: Setting CVar [[r.SkyAtmosphere.FastSkyLUT.SampleCountMin:4.0]]
[2026.08.11-08.38.11:411][  0]LogConfig: Setting CVar [[r.SkyAtmosphere.FastSkyLUT.SampleCountMax:128.0]]
[2026.08.11-08.38.11:411][  0]LogConfig: Setting CVar [[r.SkyAtmosphere.SampleCountMin:4.0]]
[2026.08.11-08.38.11:411][  0]LogConfig: Setting CVar [[r.SkyAtmosphere.SampleCountMax:128.0]]
[2026.08.11-08.38.11:411][  0]LogConfig: Setting CVar [[r.SkyAtmosphere.TransmittanceLUT.UseSmallFormat:0]]
[2026.08.11-08.38.11:411][  0]LogConfig: Setting CVar [[r.SkyAtmosphere.TransmittanceLUT.SampleCount:10.0]]
[2026.08.11-08.38.11:411][  0]LogConfig: Setting CVar [[r.SkyAtmosphere.MultiScatteringLUT.SampleCount:15.0]]
[2026.08.11-08.38.11:411][  0]LogConfig: Setting CVar [[r.SkyLight.RealTimeReflectionCapture:1]]
[2026.08.11-08.38.11:411][  0]LogConfig: Applying CVar settings from Section [FoliageQuality@3] File [C:/Users/Administrator/Downloads/Bar-z1/Bar/Saved/Config/Windows/Scalability.ini]
[2026.08.11-08.38.11:411][  0]LogConfig: Setting CVar [[foliage.DensityScale:1.0]]
[2026.08.11-08.38.11:411][  0]LogConfig: Setting CVar [[grass.DensityScale:1.0]]
[2026.08.11-08.38.11:411][  0]LogConfig: Applying CVar settings from Section [ShadingQuality@3] File [C:/Users/Administrator/Downloads/Bar-z1/Bar/Saved/Config/Windows/Scalability.ini]
[2026.08.11-08.38.11:411][  0]LogConfig: Setting CVar [[r.HairStrands.SkyLighting.IntegrationType:2]]
[2026.08.11-08.38.11:412][  0]LogConfig: Setting CVar [[r.HairStrands.SkyAO.SampleCount:4]]
[2026.08.11-08.38.11:412][  0]LogConfig: Setting CVar [[r.HairStrands.Visibility.MSAA.SamplePerPixel:4]]
[2026.08.11-08.38.11:412][  0]LogInit: Selected Device Profile: [Windows]
[2026.08.11-08.38.11:412][  0]LogInit: Applying CVar settings loaded from the selected device profile: [Windows]
[2026.08.11-08.38.11:413][  0]LogHAL: Display: Platform has ~ 16 GB [17118175232 / 17179869184 / 16], which maps to Larger [LargestMinGB=32, LargerMinGB=12, DefaultMinGB=8, SmallerMinGB=6, SmallestMinGB=0)
[2026.08.11-08.38.11:413][  0]LogInit: Going up to parent DeviceProfile []
[2026.08.11-08.38.11:413][  0]LogConfig: Applying CVar settings from Section [ViewDistanceQuality@3] File [C:/Users/Administrator/Downloads/Bar-z1/Bar/Saved/Config/Windows/Scalability.ini]
[2026.08.11-08.38.11:413][  0]LogConfig: Setting CVar [[r.SkeletalMeshLODBias:0]]
[2026.08.11-08.38.11:413][  0]LogConfig: Setting CVar [[r.ViewDistanceScale:1.0]]
[2026.08.11-08.38.11:413][  0]LogConfig: Applying CVar settings from Section [AntiAliasingQuality@3] File [C:/Users/Administrator/Downloads/Bar-z1/Bar/Saved/Config/Windows/Scalability.ini]
[2026.08.11-08.38.11:413][  0]LogConfig: Setting CVar [[r.PostProcessAAQuality:4]]
[2026.08.11-08.38.11:413][  0]LogConfig: Applying CVar settings from Section [ShadowQuality@3] File [C:/Users/Administrator/Downloads/Bar-z1/Bar/Saved/Config/Windows/Scalability.ini]
[2026.08.11-08.38.11:413][  0]LogConfig: Setting CVar [[r.LightFunctionQuality:1]]
[2026.08.11-08.38.11:413][  0]LogConfig: Setting CVar [[r.ShadowQuality:5]]
[2026.08.11-08.38.11:413][  0]LogConfig: Setting CVar [[r.Shadow.CSM.MaxCascades:10]]
[2026.08.11-08.38.11:413][  0]LogConfig: Setting CVar [[r.Shadow.MaxResolution:2048]]
[2026.08.11-08.38.11:413][  0]LogConfig: Setting CVar [[r.Shadow.MaxCSMResolution:2048]]
[2026.08.11-08.38.11:413][  0]LogConfig: Setting CVar [[r.Shadow.RadiusThreshold:0.01]]
[2026.08.11-08.38.11:413][  0]LogConfig: Setting CVar [[r.Shadow.DistanceScale:1.0]]
[2026.08.11-08.38.11:413][  0]LogConfig: Setting CVar [[r.Shadow.CSM.TransitionScale:1.0]]
[2026.08.11-08.38.11:413][  0]LogConfig: Setting CVar [[r.Shadow.PreShadowResolutionFactor:1.0]]
[2026.08.11-08.38.11:413][  0]LogConfig: Setting CVar [[r.DistanceFieldShadowing:1]]
[2026.08.11-08.38.11:413][  0]LogConfig: Setting CVar [[r.DistanceFieldAO:1]]
[2026.08.11-08.38.11:413][  0]LogConfig: Setting CVar [[r.AOQuality:2]]
[2026.08.11-08.38.11:413][  0]LogConfig: Setting CVar [[r.VolumetricFog:1]]
[2026.08.11-08.38.11:413][  0]LogConfig: Setting CVar [[r.VolumetricFog.GridPixelSize:8]]
[2026.08.11-08.38.11:413][  0]LogConfig: Setting CVar [[r.VolumetricFog.GridSizeZ:128]]
[2026.08.11-08.38.11:413][  0]LogConfig: Setting CVar [[r.VolumetricFog.HistoryMissSupersampleCount:4]]
[2026.08.11-08.38.11:413][  0]LogConfig: Setting CVar [[r.LightMaxDrawDistanceScale:1]]
[2026.08.11-08.38.11:413][  0]LogConfig: Setting CVar [[r.CapsuleShadows:1]]
[2026.08.11-08.38.11:413][  0]LogConfig: Applying CVar settings from Section [PostProcessQuality@3] File [C:/Users/Administrator/Downloads/Bar-z1/Bar/Saved/Config/Windows/Scalability.ini]
[2026.08.11-08.38.11:413][  0]LogConfig: Setting CVar [[r.MotionBlurQuality:4]]
[2026.08.11-08.38.11:413][  0]LogConfig: Setting CVar [[r.AmbientOcclusionMipLevelFactor:0.4]]
[2026.08.11-08.38.11:413][  0]LogConfig: Setting CVar [[r.AmbientOcclusionMaxQuality:100]]
[2026.08.11-08.38.11:413][  0]LogConfig: Setting CVar [[r.AmbientOcclusionLevels:-1]]
[2026.08.11-08.38.11:413][  0]LogConfig: Setting CVar [[r.AmbientOcclusionRadiusScale:1.0]]
[2026.08.11-08.38.11:413][  0]LogConfig: Setting CVar [[r.DepthOfFieldQuality:2]]
[2026.08.11-08.38.11:413][  0]LogConfig: Setting CVar [[r.RenderTargetPoolMin:400]]
[2026.08.11-08.38.11:414][  0]LogConfig: Setting CVar [[r.LensFlareQuality:2]]
[2026.08.11-08.38.11:414][  0]LogConfig: Setting CVar [[r.SceneColorFringeQuality:1]]
[2026.08.11-08.38.11:414][  0]LogConfig: Setting CVar [[r.EyeAdaptationQuality:2]]
[2026.08.11-08.38.11:414][  0]LogConfig: Setting CVar [[r.BloomQuality:5]]
[2026.08.11-08.38.11:414][  0]LogConfig: Setting CVar [[r.FastBlurThreshold:100]]
[2026.08.11-08.38.11:414][  0]LogConfig: Setting CVar [[r.Upscale.Quality:3]]
[2026.08.11-08.38.11:414][  0]LogConfig: Setting CVar [[r.Tonemapper.GrainQuantization:1]]
[2026.08.11-08.38.11:414][  0]LogConfig: Setting CVar [[r.LightShaftQuality:1]]
[2026.08.11-08.38.11:414][  0]LogConfig: Setting CVar [[r.Filter.SizeScale:1]]
[2026.08.11-08.38.11:414][  0]LogConfig: Setting CVar [[r.Tonemapper.Quality:5]]
[2026.08.11-08.38.11:414][  0]LogConfig: Setting CVar [[r.DOF.Gather.AccumulatorQuality:1        ; higher gathering accumulator quality]]
[2026.08.11-08.38.11:414][  0]LogConfig: Setting CVar [[r.DOF.Gather.PostfilterMethod:1          ; Median3x3 postfilering method]]
[2026.08.11-08.38.11:414][  0]LogConfig: Setting CVar [[r.DOF.Gather.EnableBokehSettings:0       ; no bokeh simulation when gathering]]
[2026.08.11-08.38.11:414][  0]LogConfig: Setting CVar [[r.DOF.Gather.RingCount:4                 ; medium number of samples when gathering]]
[2026.08.11-08.38.11:414][  0]LogConfig: Setting CVar [[r.DOF.Scatter.ForegroundCompositing:1    ; additive foreground scattering]]
[2026.08.11-08.38.11:414][  0]LogConfig: Setting CVar [[r.DOF.Scatter.BackgroundCompositing:2    ; additive background scattering]]
[2026.08.11-08.38.11:414][  0]LogConfig: Setting CVar [[r.DOF.Scatter.EnableBokehSettings:1      ; bokeh simulation when scattering]]
[2026.08.11-08.38.11:414][  0]LogConfig: Setting CVar [[r.DOF.Scatter.MaxSpriteRatio:0.1         ; only a maximum of 10% of scattered bokeh]]
[2026.08.11-08.38.11:414][  0]LogConfig: Setting CVar [[r.DOF.Recombine.Quality:1                ; cheap slight out of focus]]
[2026.08.11-08.38.11:414][  0]LogConfig: Setting CVar [[r.DOF.Recombine.EnableBokehSettings:0    ; no bokeh simulation on slight out of focus]]
[2026.08.11-08.38.11:414][  0]LogConfig: Setting CVar [[r.DOF.TemporalAAQuality:1                ; more stable temporal accumulation]]
[2026.08.11-08.38.11:414][  0]LogConfig: Setting CVar [[r.DOF.Kernel.MaxForegroundRadius:0.025]]
[2026.08.11-08.38.11:414][  0]LogConfig: Setting CVar [[r.DOF.Kernel.MaxBackgroundRadius:0.025]]
[2026.08.11-08.38.11:414][  0]LogConfig: Applying CVar settings from Section [TextureQuality@3] File [C:/Users/Administrator/Downloads/Bar-z1/Bar/Saved/Config/Windows/Scalability.ini]
[2026.08.11-08.38.11:414][  0]LogConfig: Setting CVar [[r.Streaming.MipBias:0]]
[2026.08.11-08.38.11:414][  0]LogConfig: Setting CVar [[r.Streaming.AmortizeCPUToGPUCopy:0]]
[2026.08.11-08.38.11:414][  0]LogConfig: Setting CVar [[r.Streaming.MaxNumTexturesToStreamPerFrame:0]]
[2026.08.11-08.38.11:414][  0]LogConfig: Setting CVar [[r.Streaming.Boost:1]]
[2026.08.11-08.38.11:414][  0]LogConfig: Setting CVar [[r.MaxAnisotropy:8]]
[2026.08.11-08.38.11:414][  0]LogConfig: Setting CVar [[r.VT.MaxAnisotropy:8]]
[2026.08.11-08.38.11:414][  0]LogConfig: Setting CVar [[r.Streaming.LimitPoolSizeToVRAM:0]]
[2026.08.11-08.38.11:414][  0]LogConfig: Setting CVar [[r.Streaming.PoolSize:1000]]
[2026.08.11-08.38.11:414][  0]LogConfig: Setting CVar [[r.Streaming.MaxEffectiveScreenSize:0]]
[2026.08.11-08.38.11:414][  0]LogConfig: Applying CVar settings from Section [EffectsQuality@3] File [C:/Users/Administrator/Downloads/Bar-z1/Bar/Saved/Config/Windows/Scalability.ini]
[2026.08.11-08.38.11:414][  0]LogConfig: Setting CVar [[r.TranslucencyLightingVolumeDim:64]]
[2026.08.11-08.38.11:414][  0]LogConfig: Setting CVar [[r.RefractionQuality:2]]
[2026.08.11-08.38.11:414][  0]LogConfig: Setting CVar [[r.SSR.Quality:3]]
[2026.08.11-08.38.11:414][  0]LogConfig: Setting CVar [[r.SSR.HalfResSceneColor:0]]
[2026.08.11-08.38.11:414][  0]LogConfig: Setting CVar [[r.SceneColorFormat:4]]
[2026.08.11-08.38.11:414][  0]LogConfig: Setting CVar [[r.DetailMode:2]]
[2026.08.11-08.38.11:414][  0]LogConfig: Setting CVar [[r.TranslucencyVolumeBlur:1]]
[2026.08.11-08.38.11:414][  0]LogConfig: Setting CVar [[r.MaterialQualityLevel:1 ; High quality]]
[2026.08.11-08.38.11:414][  0]LogConfig: Setting CVar [[r.AnisotropicMaterials:1]]
[2026.08.11-08.38.11:414][  0]LogConfig: Setting CVar [[r.SSS.Scale:1]]
[2026.08.11-08.38.11:414][  0]LogConfig: Setting CVar [[r.SSS.SampleSet:2]]
[2026.08.11-08.38.11:414][  0]LogConfig: Setting CVar [[r.SSS.Quality:1]]
[2026.08.11-08.38.11:414][  0]LogConfig: Setting CVar [[r.SSS.HalfRes:0]]
[2026.08.11-08.38.11:414][  0]LogConfig: Setting CVar [[r.SSGI.Quality:3]]
[2026.08.11-08.38.11:414][  0]LogConfig: Setting CVar [[r.EmitterSpawnRateScale:1.0]]
[2026.08.11-08.38.11:414][  0]LogConfig: Setting CVar [[r.ParticleLightQuality:2]]
[2026.08.11-08.38.11:414][  0]LogConfig: Setting CVar [[r.SkyAtmosphere.AerialPerspectiveLUT.FastApplyOnOpaque:1 ; Always have FastSkyLUT 1 in this case to avoid wrong sky]]
[2026.08.11-08.38.11:414][  0]LogConfig: Setting CVar [[r.SkyAtmosphere.AerialPerspectiveLUT.SampleCountMaxPerSlice:4]]
[2026.08.11-08.38.11:414][  0]LogConfig: Setting CVar [[r.SkyAtmosphere.AerialPerspectiveLUT.DepthResolution:16.0]]
[2026.08.11-08.38.11:414][  0]LogConfig: Setting CVar [[r.SkyAtmosphere.FastSkyLUT:1]]
[2026.08.11-08.38.11:414][  0]LogConfig: Setting CVar [[r.SkyAtmosphere.FastSkyLUT.SampleCountMin:4.0]]
[2026.08.11-08.38.11:414][  0]LogConfig: Setting CVar [[r.SkyAtmosphere.FastSkyLUT.SampleCountMax:128.0]]
[2026.08.11-08.38.11:414][  0]LogConfig: Setting CVar [[r.SkyAtmosphere.SampleCountMin:4.0]]
[2026.08.11-08.38.11:414][  0]LogConfig: Setting CVar [[r.SkyAtmosphere.SampleCountMax:128.0]]
[2026.08.11-08.38.11:414][  0]LogConfig: Setting CVar [[r.SkyAtmosphere.TransmittanceLUT.UseSmallFormat:0]]
[2026.08.11-08.38.11:414][  0]LogConfig: Setting CVar [[r.SkyAtmosphere.TransmittanceLUT.SampleCount:10.0]]
[2026.08.11-08.38.11:414][  0]LogConfig: Setting CVar [[r.SkyAtmosphere.MultiScatteringLUT.SampleCount:15.0]]
[2026.08.11-08.38.11:414][  0]LogConfig: Setting CVar [[r.SkyLight.RealTimeReflectionCapture:1]]
[2026.08.11-08.38.11:414][  0]LogConfig: Applying CVar settings from Section [FoliageQuality@3] File [C:/Users/Administrator/Downloads/Bar-z1/Bar/Saved/Config/Windows/Scalability.ini]
[2026.08.11-08.38.11:414][  0]LogConfig: Setting CVar [[foliage.DensityScale:1.0]]
[2026.08.11-08.38.11:414][  0]LogConfig: Setting CVar [[grass.DensityScale:1.0]]
[2026.08.11-08.38.11:414][  0]LogConfig: Applying CVar settings from Section [ShadingQuality@3] File [C:/Users/Administrator/Downloads/Bar-z1/Bar/Saved/Config/Windows/Scalability.ini]
[2026.08.11-08.38.11:414][  0]LogConfig: Setting CVar [[r.HairStrands.SkyLighting.IntegrationType:2]]
[2026.08.11-08.38.11:414][  0]LogConfig: Setting CVar [[r.HairStrands.SkyAO.SampleCount:4]]
[2026.08.11-08.38.11:414][  0]LogConfig: Setting CVar [[r.HairStrands.Visibility.MSAA.SamplePerPixel:4]]
[2026.08.11-08.38.11:414][  0]LogConfig: Applying CVar settings from Section [Startup] File [../../../Engine/Config/ConsoleVariables.ini]
[2026.08.11-08.38.11:414][  0]LogConfig: Setting CVar [[net.UseAdaptiveNetUpdateFrequency:0]]
[2026.08.11-08.38.11:414][  0]LogConfig: Setting CVar [[p.chaos.AllowCreatePhysxBodies:1]]
[2026.08.11-08.38.11:414][  0]LogConfig: Setting CVar [[fx.SkipVectorVMBackendOptimizations:1]]
[2026.08.11-08.38.11:414][  0]LogConfig: Applying CVar settings from Section [ConsoleVariables] File [C:/Users/Administrator/Downloads/Bar-z1/Bar/Saved/Config/Windows/Engine.ini]
[2026.08.11-08.38.11:414][  0]LogConfig: Applying CVar settings from Section [ConsoleVariables] File [C:/Users/Administrator/Downloads/Bar-z1/Bar/Saved/Config/Windows/Editor.ini]
[2026.08.11-08.38.11:414][  0]LogInit: Computer: 备用机
[2026.08.11-08.38.11:414][  0]LogInit: User: Administrator
[2026.08.11-08.38.11:414][  0]LogInit: CPU Page size=4096, Cores=4
[2026.08.11-08.38.11:414][  0]LogInit: High frequency timer resolution =10.000000 MHz
[2026.08.11-08.38.11:414][  0]LogMemory: Memory total: Physical=15.9GB (16GB approx)
[2026.08.11-08.38.11:415][  0]LogMemory: Platform Memory Stats for Windows
[2026.08.11-08.38.11:415][  0]LogMemory: Process Physical Memory: 144.05 MB used, 144.06 MB peak
[2026.08.11-08.38.11:415][  0]LogMemory: Process Virtual Memory: 126.27 MB used, 126.27 MB peak
[2026.08.11-08.38.11:415][  0]LogMemory: Physical Memory: 9439.48 MB used,  6885.68 MB free, 16325.16 MB total
[2026.08.11-08.38.11:415][  0]LogMemory: Virtual Memory: 134205160.00 MB used,  12569.43 MB free, 134217728.00 MB total
[2026.08.11-08.38.11:418][  0]LogWindows: WindowsPlatformFeatures enabled
[2026.08.11-08.38.11:627][  0]LogInit: Physics initialised using underlying interface: PhysX
[2026.08.11-08.38.11:632][  0]LogInit: Using OS detected language (zh-CN).
[2026.08.11-08.38.11:632][  0]LogInit: Using OS detected locale (zh-CN).
[2026.08.11-08.38.11:658][  0]LogTextLocalizationManager: No specific localization for 'zh-CN' exists, so the 'zh-Hans' localization will be used.
[2026.08.11-08.38.11:892][  0]LogTextLocalizationResource: LocRes '../../../Engine/Content/Localization/Editor/zh/Editor.locres' could not be opened for reading!
[2026.08.11-08.38.11:892][  0]LogTextLocalizationResource: LocRes '../../../Engine/Content/Localization/EditorTutorials/zh/EditorTutorials.locres' could not be opened for reading!
[2026.08.11-08.38.11:893][  0]LogTextLocalizationResource: LocRes '../../../Engine/Content/Localization/Keywords/zh/Keywords.locres' could not be opened for reading!
[2026.08.11-08.38.11:893][  0]LogTextLocalizationResource: LocRes '../../../Engine/Content/Localization/Category/zh/Category.locres' could not be opened for reading!
[2026.08.11-08.38.11:893][  0]LogTextLocalizationResource: LocRes '../../../Engine/Content/Localization/ToolTips/zh/ToolTips.locres' could not be opened for reading!
[2026.08.11-08.38.11:893][  0]LogTextLocalizationResource: LocRes '../../../Engine/Content/Localization/PropertyNames/zh/PropertyNames.locres' could not be opened for reading!
[2026.08.11-08.38.11:894][  0]LogTextLocalizationResource: LocRes '../../../Engine/Content/Localization/Engine/zh/Engine.locres' could not be opened for reading!
[2026.08.11-08.38.11:894][  0]LogTextLocalizationResource: LocRes '../../../Engine/Plugins/Online/OnlineSubsystem/Content/Localization/OnlineSubsystem/zh/OnlineSubsystem.locres' could not be opened for reading!
[2026.08.11-08.38.11:895][  0]LogTextLocalizationResource: LocRes '../../../Engine/Plugins/Online/OnlineSubsystemUtils/Content/Localization/OnlineSubsystemUtils/zh/OnlineSubsystemUtils.locres' could not be opened for reading!
[2026.08.11-08.38.11:895][  0]LogTextLocalizationResource: LocRes '../../../Engine/Plugins/Online/Android/OnlineSubsystemGooglePlay/Content/Localization/OnlineSubsystemGooglePlay/zh/OnlineSubsystemGooglePlay.locres' could not be opened for reading!
[2026.08.11-08.38.11:895][  0]LogTextLocalizationResource: LocRes '../../../Engine/Plugins/Online/IOS/OnlineSubsystemIOS/Content/Localization/OnlineSubsystemIOS/zh/OnlineSubsystemIOS.locres' could not be opened for reading!
[2026.08.11-08.38.11:969][  0]LogInit: Setting process to per monitor DPI aware
[2026.08.11-08.38.11:999][  0]LogWindowsTextInputMethodSystem: Display: IME system deactivated.
[2026.08.11-08.38.12:036][  0]LogSlate: New Slate User Created.  User Index 0, Is Virtual User: 0
[2026.08.11-08.38.12:036][  0]LogSlate: Slate User Registered.  User Index 0, Is Virtual User: 0
[2026.08.11-08.38.12:517][  0]LogD3D11RHI: Loaded GFSDK_Aftermath_Lib.x64.dll
[2026.08.11-08.38.12:524][  0]LogHMD: Failed to initialize OpenVR with code 110
[2026.08.11-08.38.12:524][  0]LogD3D11RHI: D3D11 min allowed feature level: 11_0
[2026.08.11-08.38.12:524][  0]LogD3D11RHI: D3D11 max allowed feature level: 11_0
[2026.08.11-08.38.12:524][  0]LogD3D11RHI: D3D11 adapters:
[2026.08.11-08.38.12:832][  0]LogD3D11RHI:    0. 'NVIDIA GeForce GTX 1660' (Feature Level 11_0)
[2026.08.11-08.38.12:832][  0]LogD3D11RHI:       5966/0/8162 MB DedicatedVideo/DedicatedSystem/SharedSystem, Outputs:1, VendorId:0x10de
[2026.08.11-08.38.12:845][  0]LogD3D11RHI:    1. 'Microsoft Basic Render Driver' (Feature Level 11_0)
[2026.08.11-08.38.12:845][  0]LogD3D11RHI:       0/0/8162 MB DedicatedVideo/DedicatedSystem/SharedSystem, Outputs:0, VendorId:0x1414
[2026.08.11-08.38.13:021][  0]LogD3D11RHI:    2. 'NVIDIA GeForce GTX 1660' (Feature Level 11_0)
[2026.08.11-08.38.13:021][  0]LogD3D11RHI:       5966/0/8162 MB DedicatedVideo/DedicatedSystem/SharedSystem, Outputs:0, VendorId:0x10de
[2026.08.11-08.38.13:193][  0]LogD3D11RHI:    3. 'NVIDIA GeForce GTX 1660' (Feature Level 11_0)
[2026.08.11-08.38.13:193][  0]LogD3D11RHI:       5966/0/8162 MB DedicatedVideo/DedicatedSystem/SharedSystem, Outputs:0, VendorId:0x10de
[2026.08.11-08.38.13:193][  0]LogD3D11RHI: Chosen D3D11 Adapter:
[2026.08.11-08.38.13:193][  0]LogD3D11RHI:     Description : NVIDIA GeForce GTX 1660
[2026.08.11-08.38.13:193][  0]LogD3D11RHI:     VendorId    : 10de
[2026.08.11-08.38.13:193][  0]LogD3D11RHI:     DeviceId    : 2184
[2026.08.11-08.38.13:194][  0]LogD3D11RHI:     SubSysId    : 155119da
[2026.08.11-08.38.13:194][  0]LogD3D11RHI:     Revision    : 00a1
[2026.08.11-08.38.13:194][  0]LogD3D11RHI:     DedicatedVideoMemory : 6255804416 bytes
[2026.08.11-08.38.13:194][  0]LogD3D11RHI:     DedicatedSystemMemory : 0 bytes
[2026.08.11-08.38.13:194][  0]LogD3D11RHI:     SharedSystemMemory : 8559087616 bytes
[2026.08.11-08.38.13:194][  0]LogD3D11RHI:     AdapterLuid : 0 38871
[2026.08.11-08.38.13:200][  0]LogD3D11RHI: Creating new Direct3DDevice
[2026.08.11-08.38.13:200][  0]LogD3D11RHI:     GPU DeviceId: 0x2184 (for the marketing name, search the web for "GPU Device Id")
[2026.08.11-08.38.13:200][  0]LogWindows: EnumDisplayDevices:
[2026.08.11-08.38.13:201][  0]LogWindows:    0. 'NVIDIA GeForce GTX 1660' (P:1 D:1)
[2026.08.11-08.38.13:201][  0]LogWindows:    1. 'NVIDIA GeForce GTX 1660' (P:0 D:0)
[2026.08.11-08.38.13:202][  0]LogWindows:    2. 'NVIDIA GeForce GTX 1660' (P:0 D:0)
[2026.08.11-08.38.13:203][  0]LogWindows:    3. 'NVIDIA GeForce GTX 1660' (P:0 D:0)
[2026.08.11-08.38.13:203][  0]LogWindows:    4. 'OrayIddDriver Device' (P:0 D:0)
[2026.08.11-08.38.13:204][  0]LogWindows:    5. 'OrayIddDriver Device' (P:0 D:0)
[2026.08.11-08.38.13:204][  0]LogWindows:    6. 'OrayIddDriver Device' (P:0 D:0)
[2026.08.11-08.38.13:205][  0]LogWindows:    7. 'OrayIddDriver Device' (P:0 D:0)
[2026.08.11-08.38.13:205][  0]LogWindows:    8. 'OrayIddDriver Device' (P:0 D:0)
[2026.08.11-08.38.13:206][  0]LogWindows:    9. 'OrayIddDriver Device' (P:0 D:0)
[2026.08.11-08.38.13:207][  0]LogWindows:    10. 'OrayIddDriver Device' (P:0 D:0)
[2026.08.11-08.38.13:208][  0]LogWindows:    11. 'OrayIddDriver Device' (P:0 D:0)
[2026.08.11-08.38.13:209][  0]LogWindows:    12. 'OrayIddDriver Device' (P:0 D:0)
[2026.08.11-08.38.13:210][  0]LogWindows:    13. 'OrayIddDriver Device' (P:0 D:0)
[2026.08.11-08.38.13:211][  0]LogWindows:    14. 'Todesk Virtual Display Adapter' (P:0 D:0)
[2026.08.11-08.38.13:212][  0]LogWindows:    15. 'Todesk Virtual Display Adapter' (P:0 D:0)
[2026.08.11-08.38.13:212][  0]LogWindows:    16. 'Todesk Virtual Display Adapter' (P:0 D:0)
[2026.08.11-08.38.13:213][  0]LogWindows: DebugString: GetVideoDriverDetailsInvalid PrimaryIsNotTheChoosenAdapter GetVideoDriverDetailsInvalid PrimaryIsNotTheChoosenAdapter GetVideoDriverDetailsInvalid PrimaryIsNotTheChoosenAdapter GetVideoDriverDetailsInvalid PrimaryIsNotTheChoosenAdapter GetVideoDriverDetailsInvalid PrimaryIsNotTheChoosenAdapter GetVideoDriverDetailsInvalid PrimaryIsNotTheChoosenAdapter GetVideoDriverDetailsInvalid PrimaryIsNotTheChoosenAdapter GetVideoDriverDetailsInvalid PrimaryIsNotTheChoosenAdapter GetVideoDriverDetailsInvalid PrimaryIsNotTheChoosenAdapter GetVideoDriverDetailsInvalid PrimaryIsNotTheChoosenAdapter GetVideoDriverDetailsInvalid PrimaryIsNotTheChoosenAdapter GetVideoDriverDetailsInvalid PrimaryIsNotTheChoosenAdapter GetVideoDriverDetailsInvalid PrimaryIsNotTheChoosenAdapter FoundDriverCount:4 
[2026.08.11-08.38.13:213][  0]LogD3D11RHI:     Adapter Name: NVIDIA GeForce GTX 1660
[2026.08.11-08.38.13:213][  0]LogD3D11RHI:   Driver Version: 595.79 (internal:32.0.15.9579, unified:595.79)
[2026.08.11-08.38.13:213][  0]LogD3D11RHI:      Driver Date: 3-4-2026
[2026.08.11-08.38.13:213][  0]LogRHI: Texture pool is 4176 MB (70% of 5966 MB)
[2026.08.11-08.38.13:213][  0]LogD3D11RHI: Creating D3DDevice using adapter:
[2026.08.11-08.38.13:213][  0]LogD3D11RHI:     Description : NVIDIA GeForce GTX 1660
[2026.08.11-08.38.13:213][  0]LogD3D11RHI:     VendorId    : 10de
[2026.08.11-08.38.13:213][  0]LogD3D11RHI:     DeviceId    : 2184
[2026.08.11-08.38.13:213][  0]LogD3D11RHI:     SubSysId    : 155119da
[2026.08.11-08.38.13:213][  0]LogD3D11RHI:     Revision    : 00a1
[2026.08.11-08.38.13:213][  0]LogD3D11RHI:     DedicatedVideoMemory : 6255804416 bytes
[2026.08.11-08.38.13:213][  0]LogD3D11RHI:     DedicatedSystemMemory : 0 bytes
[2026.08.11-08.38.13:213][  0]LogD3D11RHI:     SharedSystemMemory : 8559087616 bytes
[2026.08.11-08.38.13:213][  0]LogD3D11RHI:     AdapterLuid : 0 38871
[2026.08.11-08.38.13:385][  0]LogD3D11RHI: RHI has support for 64 bit atomics
[2026.08.11-08.38.13:386][  0]LogD3D11RHI: Async texture creation enabled
[2026.08.11-08.38.13:386][  0]LogD3D11RHI: Array index from any shader is supported
[2026.08.11-08.38.13:420][  0]LogD3D11RHI: GPU Timing Frequency: 1000.000000 (Debug: 2 1)
[2026.08.11-08.38.13:525][  0]LogRHI: GeForceNow SDK initialized: 1
[2026.08.11-08.38.14:244][  0]LogTargetPlatformManager: Display: Loaded TargetPlatform 'AllDesktop'
[2026.08.11-08.38.14:274][  0]LogTargetPlatformManager: Display: Loaded TargetPlatform 'Android'
[2026.08.11-08.38.14:274][  0]LogTargetPlatformManager: Display: Loaded TargetPlatform 'Android_ASTC'
[2026.08.11-08.38.14:274][  0]LogTargetPlatformManager: Display: Loaded TargetPlatform 'Android_DXT'
[2026.08.11-08.38.14:274][  0]LogTargetPlatformManager: Display: Loaded TargetPlatform 'Android_ETC2'
[2026.08.11-08.38.14:274][  0]LogTargetPlatformManager: Display: Loaded TargetPlatform 'AndroidClient'
[2026.08.11-08.38.14:274][  0]LogTargetPlatformManager: Display: Loaded TargetPlatform 'Android_ASTCClient'
[2026.08.11-08.38.14:274][  0]LogTargetPlatformManager: Display: Loaded TargetPlatform 'Android_DXTClient'
[2026.08.11-08.38.14:274][  0]LogTargetPlatformManager: Display: Loaded TargetPlatform 'Android_ETC2Client'
[2026.08.11-08.38.14:274][  0]LogTargetPlatformManager: Display: Loaded TargetPlatform 'Android_Multi'
[2026.08.11-08.38.14:274][  0]LogTargetPlatformManager: Display: Loaded TargetPlatform 'Android_MultiClient'
[2026.08.11-08.38.14:308][  0]LogTargetPlatformManager: Display: Loaded TargetPlatform 'IOSClient'
[2026.08.11-08.38.14:308][  0]LogTargetPlatformManager: Display: Loaded TargetPlatform 'IOS'
[2026.08.11-08.38.14:327][  0]LogTargetPlatformManager: Display: Loaded TargetPlatform 'Linux'
[2026.08.11-08.38.14:336][  0]LogTargetPlatformManager: Display: Loaded TargetPlatform 'LinuxNoEditor'
[2026.08.11-08.38.14:345][  0]LogTargetPlatformManager: Display: Loaded TargetPlatform 'LinuxClient'
[2026.08.11-08.38.14:353][  0]LogTargetPlatformManager: Display: Loaded TargetPlatform 'LinuxServer'
[2026.08.11-08.38.14:370][  0]LogTargetPlatformManager: Display: Loaded TargetPlatform 'LinuxAArch64NoEditor'
[2026.08.11-08.38.14:380][  0]LogTargetPlatformManager: Display: Loaded TargetPlatform 'LinuxAArch64Client'
[2026.08.11-08.38.14:389][  0]LogTargetPlatformManager: Display: Loaded TargetPlatform 'LinuxAArch64Server'
[2026.08.11-08.38.14:429][  0]LogTargetPlatformManager: Display: Loaded TargetPlatform 'Lumin'
[2026.08.11-08.38.14:429][  0]LogTargetPlatformManager: Display: Loaded TargetPlatform 'LuminClient'
[2026.08.11-08.38.14:445][  0]LogTargetPlatformManager: Display: Loaded TargetPlatform 'MacNoEditor'
[2026.08.11-08.38.14:454][  0]LogTargetPlatformManager: Display: Loaded TargetPlatform 'Mac'
[2026.08.11-08.38.14:462][  0]LogTargetPlatformManager: Display: Loaded TargetPlatform 'MacClient'
[2026.08.11-08.38.14:470][  0]LogTargetPlatformManager: Display: Loaded TargetPlatform 'MacServer'
[2026.08.11-08.38.14:488][  0]LogTargetPlatformManager: Display: Loaded TargetPlatform 'TVOSClient'
[2026.08.11-08.38.14:488][  0]LogTargetPlatformManager: Display: Loaded TargetPlatform 'TVOS'
[2026.08.11-08.38.14:504][  0]LogTargetPlatformManager: Display: Loaded TargetPlatform 'WindowsNoEditor'
[2026.08.11-08.38.14:513][  0]LogTargetPlatformManager: Display: Loaded TargetPlatform 'Windows'
[2026.08.11-08.38.14:521][  0]LogTargetPlatformManager: Display: Loaded TargetPlatform 'WindowsClient'
[2026.08.11-08.38.14:531][  0]LogTargetPlatformManager: Display: Loaded TargetPlatform 'WindowsServer'
[2026.08.11-08.38.14:531][  0]LogTargetPlatformManager: Display: Building Assets For Windows
[2026.08.11-08.38.14:552][  0]LogAudioDebug: Display: Lib vorbis DLL was dynamically loaded.
[2026.08.11-08.38.14:649][  0]LogTextureFormatOodle: Display: Oodle Texture 2.9.0 init RDO Off
[2026.08.11-08.38.14:809][  0]LogRendererCore: Ray tracing is disabled. Reason: r.RayTracing=0.
[2026.08.11-08.38.14:811][  0]LogShaderCompilers: Guid format shader working directory is -5 characters bigger than the processId version (../../../../../../Users/Administrator/Downloads/Bar-z1/Bar/Intermediate/Shaders/WorkingDirectory/23752/).
[2026.08.11-08.38.14:811][  0]LogShaderCompilers: Cleaned the shader compiler working directory 'C:/Users/Administrator/AppData/Local/Temp/UnrealShaderWorkingDir/FE28769F4B469453339BC1BEA674329D/'.
[2026.08.11-08.38.14:812][  0]LogXGEController: Cannot use XGE Controller as Incredibuild is not installed on this machine.
[2026.08.11-08.38.14:812][  0]LogShaderCompilers: Cannot use XGE Shader Compiler as Incredibuild is not installed on this machine.
[2026.08.11-08.38.14:812][  0]LogShaderCompilers: Display: Using Local Shader Compiler.
[2026.08.11-08.38.15:974][  0]LogDerivedDataCache: Display: Max Cache Size: 512 MB
[2026.08.11-08.38.16:257][  0]LogDerivedDataCache: Loaded boot cache 0.28s 94MB C:/Users/Administrator/AppData/Local/UnrealEngine/4.27/DerivedDataCache/Boot.ddc.
[2026.08.11-08.38.16:257][  0]LogDerivedDataCache: Display: Loaded Boot cache: C:/Users/Administrator/AppData/Local/UnrealEngine/4.27/DerivedDataCache/Boot.ddc
[2026.08.11-08.38.16:257][  0]LogDerivedDataCache: FDerivedDataBackendGraph:  Pak pak cache file ../../../../../../Users/Administrator/Downloads/Bar-z1/Bar/DerivedDataCache/DDC.ddp not found, will not use a pak cache.
[2026.08.11-08.38.16:258][  0]LogDerivedDataCache: Unable to find inner node Pak for hierarchical cache Hierarchy.
[2026.08.11-08.38.16:258][  0]LogDerivedDataCache: FDerivedDataBackendGraph:  CompressedPak pak cache file ../../../../../../Users/Administrator/Downloads/Bar-z1/Bar/DerivedDataCache/Compressed.ddp not found, will not use a pak cache.
[2026.08.11-08.38.16:258][  0]LogDerivedDataCache: Unable to find inner node CompressedPak for hierarchical cache Hierarchy.
[2026.08.11-08.38.16:278][  0]LogDerivedDataCache: Display: Pak cache opened for reading ../../../Engine/DerivedDataCache/Compressed.ddp.
[2026.08.11-08.38.16:279][  0]LogDerivedDataCache: FDerivedDataBackendGraph:  EnterprisePak pak cache file ../../../Enterprise/DerivedDataCache/Compressed.ddp not found, will not use a pak cache.
[2026.08.11-08.38.16:279][  0]LogDerivedDataCache: Unable to find inner node EnterprisePak for hierarchical cache Hierarchy.
[2026.08.11-08.38.16:299][  0]LogDerivedDataCache: Speed tests for C:/Users/Administrator/AppData/Local/UnrealEngine/Common/DerivedDataCache took 0.02 seconds
[2026.08.11-08.38.16:299][  0]LogDerivedDataCache: Display: Performance to C:/Users/Administrator/AppData/Local/UnrealEngine/Common/DerivedDataCache: Latency=0.28ms. RandomReadSpeed=110.49MBs, RandomWriteSpeed=110.00MBs. Assigned SpeedClass 'Local'
[2026.08.11-08.38.16:300][  0]LogDerivedDataCache: Using Local data cache path C:/Users/Administrator/AppData/Local/UnrealEngine/Common/DerivedDataCache: Writable
[2026.08.11-08.38.16:300][  0]LogDerivedDataCache: Shared data cache path not found in *engine.ini, will not use an Shared cache.
[2026.08.11-08.38.16:300][  0]LogDerivedDataCache: Unable to find inner node Shared for hierarchical cache Hierarchy.
[2026.08.11-08.38.16:373][  0]LogSlate: Using FreeType 2.10.0
[2026.08.11-08.38.16:376][  0]LogSlate: SlateFontServices - WITH_FREETYPE: 1, WITH_HARFBUZZ: 1
[2026.08.11-08.38.16:437][  0]LogAssetRegistry: FAssetRegistry took 0.0056 seconds to start up
[2026.08.11-08.38.16:852][  0]LogInit: Selected Device Profile: [Windows]
[2026.08.11-08.38.16:853][  0]LogInit: Active device profile: [0000024659280B00][000002465612C200 49] Windows
[2026.08.11-08.38.16:853][  0]LogInit: Profiles: [0000024659280B00][000002465612C200 49] Windows, [0000024659252100][0000024653C20380 49] WindowsNoEditor, [0000024659281900][0000024653C24500 49] WindowsServer, [0000024659252E00][0000024653C28680 49] WindowsClient, [0000024659283C00][0000024653C1C7C0 49] IOS, [0000024659250F00][0000024655ECA900 49] iPadAir, [0000024659283E00][0000024655ECEA40 49] iPadAir2, [00000246591ECD00][0000024655EDACC0 49] IPadPro, [00000246591ECE00][0000024655ED2D00 49] iPadAir3, [0000024659253B00][0000024655EDEE80 49] iPadAir4, [00000246591EF700][0000024655EE3000 49] iPadMini2, [0000024659253100][0000024655EE7180 49] iPadMini3, [00000246591EF900][0000024655EEB300 49] iPadMini4, [0000024659253500][0000024655EEF480 49] iPadMini5, [0000024659228600][0000024655EF7740 49] iPhone6, [0000024659228700][0000024655EF3780 49] iPodTouch6, [0000024659282600][0000024655EFFA40 49] iPhone7, [0000024659282800][0000024655EFBA80 49] iPodTouch7, [0000024659228100][0000024655F03C00 49] iPhone5S, [00000246591EC700][0000024655F06200 49] iPhone6Plus, [000002465922A500][0000024655F0A380 49] iPhone6S, [00000246591ED400][0000024655F0E500 49] iPhone6SPlus, [000002465922BB00][0000024655F12680 49] iPhone7Plus, [00000246591EF600][00000246584D6800 49] iPhoneSE, [0000024659282C00][0000024655ED6940 49] iPhone8, [00000246591EC600][00000246584DAA80 49] iPhone8Plus, [0000024659282100][00000246584DEBC0 49] iPhoneX, [00000246591EE900][00000246584E2D00 49] iPhoneXS, [0000024659283D00][00000246584EAE80 49] iPhoneXSMax, [00000246591EEE00][00000246584EF000 49] iPhoneXR, [0000024659283F00][00000246584F3180 49] iPhone11, [00000246591EDF00][00000246584F7300 49] iPhone11Pro, [0000024659280600][00000246584FB480 49] iPhone11ProMax, [00000246591EE000][00000246584FF600 49] iPhoneSE2, [0000024659283A00][0000024658503780 49] iPhone12Mini, [00000246591EE700][0000024658507900 49] iPhone12, [0000024659282A00][000002465850BA80 49] iPhone12Pro, [00000246591EC500][000002465850FC00 49] iPhone12ProMax, [0000024659283900][0000024658512200 49] iPadPro105, [00000246591ED800][0000024658516380 49] iPadPro129, [0000024659280C00][000002465851A500 49] iPadPro97, [00000246591EE400][000002465851E680 49] iPadPro2_129, [0000024659280800][0000024658522800 49] iPad5, [00000246591EC400][0000024658526980 49] iPad6, [0000024659281B00][000002465852AB00 49] iPad7, [00000246591EF500][00000246584E6C40 49] iPad8, [0000024659281F00][000002465852ED80 49] iPadPro11, [00000246591EDA00][0000024658532EC0 49] iPadPro2_11, [0000024659282500][000002465853B040 49] iPadPro3_129, [00000246591EE200][0000024647DC71C0 49] iPadPro4_129, [0000024659281600][0000024647DCB340 49] AppleTV, [00000246591EFD00][0000024647DCF4C0 49] AppleTV4K, [0000024659281A00][0000024647DD3640 49] TVOS, [00000246591ECA00][0000024647DD77C0 49] Mac, [0000024659282400][0000024647DDB940 49] MacClient, [00000246591EEC00][0000024647DDFAC0 49] MacNoEditor, [0000024659283500][0000024647DE20C0 49] MacServer, [00000246591EE300][0000024647DE6240 49] Linux, [0000024659280300][0000024647DEA3C0 49] LinuxAArch64, [00000246591EE100][0000024647DEE540 49] LinuxNoEditor, [0000024659282300][0000024647DF26C0 49] LinuxAArch64NoEditor, [00000246591EFC00][0000024647DF6840 49] LinuxClient, [0000024659280F00][0000024647DFA9C0 49] LinuxAArch64Client, [00000246591ED200][0000024647DFEB40 49] LinuxServer, [0000024659283000][0000024647E02CC0 49] LinuxAArch64Server, [00000246591ED600][0000024658536E00 49] Android, [0000024659281200][0000024647E06F40 49] Android_Low, [00000246591EFE00][0000024647E0B080 49] Android_Mid, [0000024659280100][0000024647E0F1C0 49] Android_High, [00000246591EEA00][0000024647E17340 49] Android_Default, [0000024659281300][0000024647E1B4C0 49] Android_Adreno4xx, [0000024659252300][0000024647E1F640 49] Android_Adreno5xx_Low, [0000024659229C00][0000024647E237C0 49] Android_Adreno5xx, [0000024659253E00][0000024659551940 49] Android_Adreno6xx, [000002465922A700][0000024659555AC0 49] Android_Adreno6xx_Vulkan, [0000024659253600][00000246595580C0 49] Android_Mali_T6xx, [0000024659228F00][000002465955C240 49] Android_Mali_T7xx, [0000024659251B00][00000246595603C0 49] Android_Mali_T8xx, [0000024659229F00][0000024659564540 49] Android_Mali_G71, [0000024659252C00][00000246595686C0 49] Android_Mali_G72, [000002465922AF00][000002465956C840 49] Android_Mali_G72_Vulkan, [0000024659252500][00000246595709C0 49] Android_Mali_G76, [000002465922A200][0000024659574B40 49] Android_Mali_G76_Vulkan, [0000024659250E00][0000024659578CC0 49] Android_Mali_G77, [0000024659229400][000002465957CE40 49] Android_Mali_G77_Vulkan, [0000024659253700][0000024647E12F80 49] Android_Mali_G78, [0000024659229300][00000246595810C0 49] Android_Mali_G78_Vulkan, [0000024659251500][0000024659585200 49] Android_Mali_G710, [000002465922BD00][0000024659589340 49] Android_Mali_G710_Vulkan, [0000024659250700][00000246595914C0 49] Android_Vulkan_SM5, [0000024659229B00][0000024659595640 49] Android_PowerVR_G6xxx, [0000024659250A00][00000246595997C0 49] Android_PowerVR_GT7xxx, [0000024659228200][000002465959D940 49] Android_PowerVR_GE8xxx, [0000024659253800][00000246595A1AC0 49] Android_PowerVR_GM9xxx, [0000024659228A00][00000246595A40C0 49] Android_PowerVR_GM9xxx_Vulkan, [0000024659251000][00000246595A8240 49] Android_TegraK1, [0000024659229700][00000246595AC3C0 49] Android_Unknown_Vulkan, [0000024659251800][00000246595B0540 49] Lumin, [000002465922BC00][00000246595B46C0 49] Lumin_Desktop, [0000024659251600][00000246595B8840 49] HoloLens, 
[2026.08.11-08.38.17:101][  0]LogMeshReduction: Using QuadricMeshReduction for automatic static mesh reduction
[2026.08.11-08.38.17:101][  0]LogMeshReduction: Using SimplygonMeshReduction for automatic skeletal mesh reduction
[2026.08.11-08.38.17:101][  0]LogMeshReduction: Using ProxyLODMeshReduction for automatic mesh merging
[2026.08.11-08.38.17:101][  0]LogMeshReduction: No distributed automatic mesh merging module available
[2026.08.11-08.38.17:102][  0]LogMeshMerging: No distributed automatic mesh merging module available
[2026.08.11-08.38.17:142][  0]LogNetVersion: Bar 1.0.0, NetCL: 17155196, EngineNetVer: 17, GameNetVer: 0 (Checksum: 994579761)
[2026.08.11-08.38.18:173][  0]LogTexture: Default maximum texture size for cubemaps generated from long-lat sources has been changed from 512 to unlimited. In order to preserve old behaiour for '/Engine/MapTemplates/Sky/DaylightAmbientCubemap.DaylightAmbientCubemap', its maximum texture size has been explicitly set to 512.
[2026.08.11-08.38.18:278][  0]LogHMD: PokeAHoleMaterial loaded successfully
[2026.08.11-08.38.18:285][  0]LogUObjectArray: 17178 objects as part of root set at end of initial load.
[2026.08.11-08.38.18:285][  0]LogUObjectAllocator: 4302048 out of 0 bytes used by permanent object pool.
[2026.08.11-08.38.18:285][  0]LogUObjectArray: CloseDisregardForGC: 0/0 objects in disregard for GC pool
[2026.08.11-08.38.19:011][  0]LogPython: Using Python 3.7.7
[2026.08.11-08.38.19:830][  0]LogNiagaraDebuggerClient: Niagara Debugger Client Initialized | Session: DF2A4A8D4E8584DF33B8379E693FB2C0 | Instance: 85458B934CF055717CFEC5BC82FB89A7 (备用机-23752).
[2026.08.11-08.38.20:270][  0]LogTcpMessaging: Initializing TcpMessaging bridge
[2026.08.11-08.38.20:280][  0]LogUdpMessaging: Initializing bridge on interface 0.0.0.0:0 to multicast group 230.0.0.1:6666.
[2026.08.11-08.38.20:683][  0]SourceControl: 源码管理已禁用
[2026.08.11-08.38.20:684][  0]SourceControl: 源码管理已禁用
[2026.08.11-08.38.20:696][  0]SourceControl: 源码管理已禁用
[2026.08.11-08.38.20:703][  0]SourceControl: 源码管理已禁用
[2026.08.11-08.38.20:725][  0]SourceControl: 源码管理已禁用
[2026.08.11-08.38.20:732][  0]LogUProjectInfo: Found projects:
[2026.08.11-08.38.20:752][  0]LogVSAccessor: Display: Unable to create Visual Studio setup instance: 80040154
[2026.08.11-08.38.20:752][  0]LogVSAccessor: Display: Unable to create Visual Studio setup instance: 80040154
[2026.08.11-08.38.20:753][  0]LogVSAccessor: Display: Unable to create Visual Studio setup instance: 80040154
[2026.08.11-08.38.21:211][  0]LogOpenImageDenoise: OIDN starting up
[2026.08.11-08.38.21:491][  0]LogAndroidPermission: UAndroidPermissionCallbackProxy::GetInstance
[2026.08.11-08.38.21:541][  0]LogAudioCaptureCore: Display: No Audio Capture implementations found. Audio input will be silent.
[2026.08.11-08.38.21:541][  0]LogAudioCaptureCore: Display: No Audio Capture implementations found. Audio input will be silent.
[2026.08.11-08.38.21:839][  0]LogCollectionManager: Loaded 0 collections in 0.000946 seconds
[2026.08.11-08.38.21:902][  0]LogFileCache: Scanning file cache for directory 'C:/Users/Administrator/Downloads/Bar-z1/Bar/Saved/Collections/' took 0.00s
[2026.08.11-08.38.21:902][  0]LogFileCache: Scanning file cache for directory 'C:/Users/Administrator/Downloads/Bar-z1/Bar/Content/Developers/Administrator/Collections/' took 0.00s
[2026.08.11-08.38.21:902][  0]LogFileCache: Scanning file cache for directory 'C:/Users/Administrator/Downloads/Bar-z1/Bar/Content/Collections/' took 0.00s
[2026.08.11-08.38.21:902][  0]LogOcInput: OculusInput pre-init called
[2026.08.11-08.38.22:322][  0]LogEngine: Initializing Engine...
[2026.08.11-08.38.22:333][  0]LogHMD: Failed to enumerate extensions. Please check that you have a valid OpenXR runtime installed.
[2026.08.11-08.38.22:334][  0]LogHMD: Failed to initialize OpenVR with code 110
[2026.08.11-08.38.22:334][  0]LogMagicLeap: Warning: VR disabled because ZI is not enabled.  To enable, in the editor, Edit -> Project Settings -> Plugins -> Magic Leap Plugin -> Enable Zero Iteration
[2026.08.11-08.38.22:337][  0]LogStats: UGameplayTagsManager::InitializeManager -  0.002 s
[2026.08.11-08.38.22:533][  0]LogInit: Initializing FReadOnlyCVARCache
[2026.08.11-08.38.22:558][  0]LogAIModule: Creating AISystem for world Untitled
[2026.08.11-08.38.22:559][  0]LogAudio: Display: Initializing Audio Device Manager...
[2026.08.11-08.38.22:567][  0]LogAudio: Display: Loading Default Audio Settings Objects...
[2026.08.11-08.38.22:568][  0]LogAudio: Display: No default SoundConcurrencyObject specified (or failed to load).
[2026.08.11-08.38.22:570][  0]LogAudio: Display: Audio Device Manager Initialized
[2026.08.11-08.38.22:570][  0]LogAudio: Display: Creating Audio Device:                 Id: 1, Scope: Shared, Realtime: True
[2026.08.11-08.38.22:570][  0]LogAudioMixer: Display: Audio Mixer Platform Settings:
[2026.08.11-08.38.22:570][  0]LogAudioMixer: Display: 	Sample Rate:						  48000
[2026.08.11-08.38.22:570][  0]LogAudioMixer: Display: 	Callback Buffer Frame Size Requested: 1024
[2026.08.11-08.38.22:570][  0]LogAudioMixer: Display: 	Callback Buffer Frame Size To Use:	  1024
[2026.08.11-08.38.22:570][  0]LogAudioMixer: Display: 	Number of buffers to queue:			  2
[2026.08.11-08.38.22:570][  0]LogAudioMixer: Display: 	Max Channels (voices):				  32
[2026.08.11-08.38.22:570][  0]LogAudioMixer: Display: 	Number of Async Source Workers:		  0
[2026.08.11-08.38.22:570][  0]LogAudio: Display: AudioDevice MaxSources: 32
[2026.08.11-08.38.22:570][  0]LogAudio: Display: Audio Spatialization Plugin: None (built-in).
[2026.08.11-08.38.22:570][  0]LogAudio: Display: Audio Reverb Plugin: None (built-in).
[2026.08.11-08.38.22:570][  0]LogAudio: Display: Audio Occlusion Plugin: None (built-in).
[2026.08.11-08.38.22:570][  0]LogAudioMixer: Display: Initializing audio mixer.
[2026.08.11-08.38.22:606][  0]LogAudioMixer: Display: 0: FrontLeft
[2026.08.11-08.38.22:606][  0]LogAudioMixer: Display: 1: FrontRight
[2026.08.11-08.38.22:665][  0]LogAudioMixer: Display: Using Audio Device 2270W (NVIDIA High Definition Audio)
[2026.08.11-08.38.22:669][  0]LogAudioMixer: Display: Initializing Sound Submixes...
[2026.08.11-08.38.22:675][  0]LogAudioMixer: Display: Creating Master Submix 'MasterSubmixDefault'
[2026.08.11-08.38.22:675][  0]LogAudioMixer: Display: Creating Master Submix 'MasterReverbSubmixDefault'
[2026.08.11-08.38.22:675][  0]LogAudioMixer: Display: Creating Master Submix 'MasterEQSubmixDefault'
[2026.08.11-08.38.22:675][  0]LogAudioMixer: FMixerPlatformXAudio2::StartAudioStream() called
[2026.08.11-08.38.22:675][  0]LogAudioMixer: Display: Output buffers initialized: Frames=1024, Channels=2, Samples=2048
[2026.08.11-08.38.22:676][  0]LogAudioMixer: Display: Starting AudioMixerPlatformInterface::RunInternal()
[2026.08.11-08.38.22:676][  0]LogAudioMixer: Display: FMixerPlatformXAudio2::SubmitBuffer() called for the first time
[2026.08.11-08.38.22:676][  0]LogInit: FAudioDevice initialized.
[2026.08.11-08.38.22:677][  0]LogAudio: Display: Audio Device (ID: 1) registered with world 'Untitled'.
[2026.08.11-08.38.22:677][  0]LogNetVersion: Set ProjectVersion to 1.0.0.0. Version Checksum will be recalculated on next use.
[2026.08.11-08.38.22:823][  0]LogDerivedDataCache: Saved boot cache 0.15s 94MB C:/Users/Administrator/AppData/Local/UnrealEngine/4.27/DerivedDataCache/Boot.ddc.
[2026.08.11-08.38.22:824][  0]LogInit: Texture streaming: Enabled
[2026.08.11-08.38.22:867][  0]LogAnalytics: Display: [UEEditor.Rocket.Release] APIServer = https://datarouter.ol.epicgames.com/. AppVersion = 4.27.2-18319896+++UE4+Release-4.27
[2026.08.11-08.38.22:879][  0]LogEngineSessionManager: EngineSessionManager initialized
[2026.08.11-08.38.22:879][  0]LogEditorSessionSummary: Verbose: Initializing EditorSessionSummaryWriter for editor session tracking
[2026.08.11-08.38.22:885][  0]LogEditorSessionSummary: EditorSessionSummaryWriter initialized
[2026.08.11-08.38.22:940][  0]LogInit: Transaction tracking system initialized
[2026.08.11-08.38.23:003][  0]BlueprintLog: New page: 编辑器加载
[2026.08.11-08.38.23:180][  0]LocalizationService: 本地化服务已禁用
[2026.08.11-08.38.23:252][  0]TimingProfiler: Initialize
[2026.08.11-08.38.23:252][  0]TimingProfiler: OnSessionChanged
[2026.08.11-08.38.23:252][  0]LoadingProfiler: Initialize
[2026.08.11-08.38.23:252][  0]LoadingProfiler: OnSessionChanged
[2026.08.11-08.38.23:252][  0]NetworkingProfiler: Initialize
[2026.08.11-08.38.23:253][  0]NetworkingProfiler: OnSessionChanged
[2026.08.11-08.38.23:253][  0]MemoryProfiler: Initialize
[2026.08.11-08.38.23:253][  0]MemoryProfiler: OnSessionChanged
[2026.08.11-08.38.23:413][  0]LogVSAccessor: Display: Unable to create Visual Studio setup instance: 80040154
[2026.08.11-08.38.23:414][  0]LogVSAccessor: Display: Unable to create Visual Studio setup instance: 80040154
[2026.08.11-08.38.23:414][  0]LogVSAccessor: Display: Unable to create Visual Studio setup instance: 80040154
[2026.08.11-08.38.23:616][  0]LogCook: Display: CookSettings for Memory: MemoryMaxUsedVirtual 0MiB, MemoryMaxUsedPhysical 16384MiB, MemoryMinFreeVirtual 0MiB, MemoryMinFreePhysical 1024MiB
[2026.08.11-08.38.23:616][  0]LogFileCache: Scanning file cache for directory 'C:/Users/Administrator/Downloads/Bar-z1/Bar/Content/' took 0.00s
[2026.08.11-08.38.23:616][  0]LogCook: Display: Mobile HDR setting 1
[2026.08.11-08.38.24:397][  0]LogInit: Display: Engine is initialized. Leaving FEngineLoop::Init()
[2026.08.11-08.38.24:405][  0]SourceControl: 源码管理已禁用
[2026.08.11-08.38.24:405][  0]LogUnrealEdMisc: Loading editor; pre map load, took 16.976
[2026.08.11-08.38.24:405][  0]Cmd: MAP LOAD FILE="../../../../../../Users/Administrator/Downloads/Bar-z1/Bar/Content/Bar/Map/model.umap" TEMPLATE=0 SHOWPROGRESS=1 FEATURELEVEL=3
[2026.08.11-08.38.24:407][  0]LightingResults: New page: 光照构建
[2026.08.11-08.38.24:411][  0]LogWorld: UWorld::CleanupWorld for Untitled, bSessionEnded=true, bCleanupResources=true
[2026.08.11-08.38.24:411][  0]LogSlate: InvalidateAllWidgets triggered.  All widgets were invalidated
[2026.08.11-08.38.24:411][  0]MapCheck: New page: 地图检测
[2026.08.11-08.38.24:411][  0]LightingResults: New page: 光照构建
[2026.08.11-08.38.24:418][  0]LogAudio: Display: Audio Device unregistered from world 'None'.
[2026.08.11-08.38.24:420][  0]LogUObjectHash: Compacting FUObjectHashTables data took   0.89ms
[2026.08.11-08.39.07:036][  0]LogAudio: Display: Audio Device (ID: 1) registered with world 'model'.
[2026.08.11-08.39.07:044][  0]LogAIModule: Creating AISystem for world model
[2026.08.11-08.39.07:162][  0]LogEditorServer: Finished looking for orphan Actors (0.000 secs)
[2026.08.11-08.39.07:216][  0]LogUObjectHash: Compacting FUObjectHashTables data took   1.06ms
[2026.08.11-08.39.07:223][  0]Cmd: MAP CHECKDEP NOCLEARLOG
[2026.08.11-08.39.07:224][  0]MapCheck: 地图检测完成：0个错误、0个警告、完成用时0.867毫秒。
[2026.08.11-08.39.07:224][  0]LogFileHelpers: Loading map 'model' took 42.819
[2026.08.11-08.39.07:353][  0]LogUnrealEdMisc: Total Editor Startup Time, took 59.924
[2026.08.11-08.39.07:488][  0]LogWindowsTextInputMethodSystem: Display: IME system activated using TSF (微软拼音).
[2026.08.11-08.39.07:774][  0]LogSlate: Updating window title bar state: overlay mode, drag disabled, window buttons hidden, title bar hidden
[2026.08.11-08.39.07:808][  0]LogSlate: Updating window title bar state: overlay mode, drag disabled, window buttons hidden, title bar hidden
[2026.08.11-08.39.07:832][  0]LogSlate: Updating window title bar state: overlay mode, drag disabled, window buttons hidden, title bar hidden
[2026.08.11-08.39.07:864][  0]LogSlate: Updating window title bar state: overlay mode, drag disabled, window buttons hidden, title bar hidden
[2026.08.11-08.39.07:970][  0]LogNativeClassHierarchy: Verbose: Native class hierarchy populated in 0.0277 seconds. Added 3822 classes and 928 folders.
[2026.08.11-08.39.07:996][  0]LogNativeClassHierarchy: Verbose: Native class hierarchy updated for 'WidgetCarousel' in 0.0003 seconds. Added 0 classes and 0 folders.
[2026.08.11-08.39.08:011][  0]LogPakFile: PakFile PrimaryIndexSize=187
[2026.08.11-08.39.08:011][  0]LogPakFile: PakFile PathHashIndexSize=101
[2026.08.11-08.39.08:011][  0]LogPakFile: PakFile FullDirectoryIndexSize=148
[2026.08.11-08.39.08:016][  0]LogShaderLibrary: Display: ShaderCodeLibraryPakFileMountedCallback: PakFile 'C:/Program Files/Epic Games/UE_4.27/FeaturePacks/FP_FirstPerson.upack' (chunk index -1, root 'root:/') mounted
[2026.08.11-08.39.08:016][  0]LogShaderLibrary: Display: ShaderCodeLibraryPakFileMountedCallback: pending pak file info (ChunkID:-1 Root:root:/ File:C:/Program Files/Epic Games/UE_4.27/FeaturePacks/FP_FirstPerson.upack)
[2026.08.11-08.39.08:016][  0]LogPakFile: OnPakFileMounted2Time == 0.005569
[2026.08.11-08.39.08:024][  0]LogPakFile: PakFile PrimaryIndexSize=189
[2026.08.11-08.39.08:024][  0]LogPakFile: PakFile PathHashIndexSize=101
[2026.08.11-08.39.08:024][  0]LogPakFile: PakFile FullDirectoryIndexSize=152
[2026.08.11-08.39.08:024][  0]LogShaderLibrary: Display: ShaderCodeLibraryPakFileMountedCallback: PakFile 'C:/Program Files/Epic Games/UE_4.27/FeaturePacks/FP_FirstPersonBP.upack' (chunk index -1, root 'root:/') mounted
[2026.08.11-08.39.08:024][  0]LogShaderLibrary: Display: ShaderCodeLibraryPakFileMountedCallback: pending pak file info (ChunkID:-1 Root:root:/ File:C:/Program Files/Epic Games/UE_4.27/FeaturePacks/FP_FirstPersonBP.upack)
[2026.08.11-08.39.08:024][  0]LogPakFile: OnPakFileMounted2Time == 0.000051
[2026.08.11-08.39.08:027][  0]LogPakFile: PakFile PrimaryIndexSize=191
[2026.08.11-08.39.08:027][  0]LogPakFile: PakFile PathHashIndexSize=101
[2026.08.11-08.39.08:027][  0]LogPakFile: PakFile FullDirectoryIndexSize=160
[2026.08.11-08.39.08:027][  0]LogShaderLibrary: Display: ShaderCodeLibraryPakFileMountedCallback: PakFile 'C:/Program Files/Epic Games/UE_4.27/FeaturePacks/MobileStarterContent.upack' (chunk index -1, root 'root:/') mounted
[2026.08.11-08.39.08:027][  0]LogShaderLibrary: Display: ShaderCodeLibraryPakFileMountedCallback: pending pak file info (ChunkID:-1 Root:root:/ File:C:/Program Files/Epic Games/UE_4.27/FeaturePacks/MobileStarterContent.upack)
[2026.08.11-08.39.08:027][  0]LogPakFile: OnPakFileMounted2Time == 0.000036
[2026.08.11-08.39.08:031][  0]LogPakFile: PakFile PrimaryIndexSize=185
[2026.08.11-08.39.08:031][  0]LogPakFile: PakFile PathHashIndexSize=101
[2026.08.11-08.39.08:031][  0]LogPakFile: PakFile FullDirectoryIndexSize=148
[2026.08.11-08.39.08:031][  0]LogShaderLibrary: Display: ShaderCodeLibraryPakFileMountedCallback: PakFile 'C:/Program Files/Epic Games/UE_4.27/FeaturePacks/StarterContent.upack' (chunk index -1, root 'root:/') mounted
[2026.08.11-08.39.08:031][  0]LogShaderLibrary: Display: ShaderCodeLibraryPakFileMountedCallback: pending pak file info (ChunkID:-1 Root:root:/ File:C:/Program Files/Epic Games/UE_4.27/FeaturePacks/StarterContent.upack)
[2026.08.11-08.39.08:031][  0]LogPakFile: OnPakFileMounted2Time == 0.000050
[2026.08.11-08.39.08:035][  0]LogPakFile: PakFile PrimaryIndexSize=190
[2026.08.11-08.39.08:035][  0]LogPakFile: PakFile PathHashIndexSize=101
[2026.08.11-08.39.08:035][  0]LogPakFile: PakFile FullDirectoryIndexSize=154
[2026.08.11-08.39.08:035][  0]LogShaderLibrary: Display: ShaderCodeLibraryPakFileMountedCallback: PakFile 'C:/Program Files/Epic Games/UE_4.27/FeaturePacks/TP_2DSideScroller.upack' (chunk index -1, root 'root:/') mounted
[2026.08.11-08.39.08:035][  0]LogShaderLibrary: Display: ShaderCodeLibraryPakFileMountedCallback: pending pak file info (ChunkID:-1 Root:root:/ File:C:/Program Files/Epic Games/UE_4.27/FeaturePacks/TP_2DSideScroller.upack)
[2026.08.11-08.39.08:035][  0]LogPakFile: OnPakFileMounted2Time == 0.000048
[2026.08.11-08.39.08:038][  0]LogPakFile: PakFile PrimaryIndexSize=192
[2026.08.11-08.39.08:038][  0]LogPakFile: PakFile PathHashIndexSize=101
[2026.08.11-08.39.08:038][  0]LogPakFile: PakFile FullDirectoryIndexSize=158
[2026.08.11-08.39.08:038][  0]LogShaderLibrary: Display: ShaderCodeLibraryPakFileMountedCallback: PakFile 'C:/Program Files/Epic Games/UE_4.27/FeaturePacks/TP_2DSideScrollerBP.upack' (chunk index -1, root 'root:/') mounted
[2026.08.11-08.39.08:038][  0]LogShaderLibrary: Display: ShaderCodeLibraryPakFileMountedCallback: pending pak file info (ChunkID:-1 Root:root:/ File:C:/Program Files/Epic Games/UE_4.27/FeaturePacks/TP_2DSideScrollerBP.upack)
[2026.08.11-08.39.08:038][  0]LogPakFile: OnPakFileMounted2Time == 0.000042
[2026.08.11-08.39.08:041][  0]LogPakFile: PakFile PrimaryIndexSize=182
[2026.08.11-08.39.08:041][  0]LogPakFile: PakFile PathHashIndexSize=101
[2026.08.11-08.39.08:041][  0]LogPakFile: PakFile FullDirectoryIndexSize=138
[2026.08.11-08.39.08:041][  0]LogShaderLibrary: Display: ShaderCodeLibraryPakFileMountedCallback: PakFile 'C:/Program Files/Epic Games/UE_4.27/FeaturePacks/TP_Flying.upack' (chunk index -1, root 'root:/') mounted
[2026.08.11-08.39.08:041][  0]LogShaderLibrary: Display: ShaderCodeLibraryPakFileMountedCallback: pending pak file info (ChunkID:-1 Root:root:/ File:C:/Program Files/Epic Games/UE_4.27/FeaturePacks/TP_Flying.upack)
[2026.08.11-08.39.08:041][  0]LogPakFile: OnPakFileMounted2Time == 0.000038
[2026.08.11-08.39.08:044][  0]LogPakFile: PakFile PrimaryIndexSize=184
[2026.08.11-08.39.08:044][  0]LogPakFile: PakFile PathHashIndexSize=101
[2026.08.11-08.39.08:044][  0]LogPakFile: PakFile FullDirectoryIndexSize=142
[2026.08.11-08.39.08:044][  0]LogShaderLibrary: Display: ShaderCodeLibraryPakFileMountedCallback: PakFile 'C:/Program Files/Epic Games/UE_4.27/FeaturePacks/TP_FlyingBP.upack' (chunk index -1, root 'root:/') mounted
[2026.08.11-08.39.08:044][  0]LogShaderLibrary: Display: ShaderCodeLibraryPakFileMountedCallback: pending pak file info (ChunkID:-1 Root:root:/ File:C:/Program Files/Epic Games/UE_4.27/FeaturePacks/TP_FlyingBP.upack)
[2026.08.11-08.39.08:044][  0]LogPakFile: OnPakFileMounted2Time == 0.000039
[2026.08.11-08.39.08:051][  0]LogPakFile: PakFile PrimaryIndexSize=188
[2026.08.11-08.39.08:051][  0]LogPakFile: PakFile PathHashIndexSize=101
[2026.08.11-08.39.08:051][  0]LogPakFile: PakFile FullDirectoryIndexSize=150
[2026.08.11-08.39.08:051][  0]LogShaderLibrary: Display: ShaderCodeLibraryPakFileMountedCallback: PakFile 'C:/Program Files/Epic Games/UE_4.27/FeaturePacks/TP_HandheldARBP.upack' (chunk index -1, root 'root:/') mounted
[2026.08.11-08.39.08:051][  0]LogShaderLibrary: Display: ShaderCodeLibraryPakFileMountedCallback: pending pak file info (ChunkID:-1 Root:root:/ File:C:/Program Files/Epic Games/UE_4.27/FeaturePacks/TP_HandheldARBP.upack)
[2026.08.11-08.39.08:051][  0]LogPakFile: OnPakFileMounted2Time == 0.000042
[2026.08.11-08.39.08:063][  0]LogPakFile: PakFile PrimaryIndexSize=182
[2026.08.11-08.39.08:063][  0]LogPakFile: PakFile PathHashIndexSize=101
[2026.08.11-08.39.08:063][  0]LogPakFile: PakFile FullDirectoryIndexSize=138
[2026.08.11-08.39.08:063][  0]LogShaderLibrary: Display: ShaderCodeLibraryPakFileMountedCallback: PakFile 'C:/Program Files/Epic Games/UE_4.27/FeaturePacks/TP_Puzzle.upack' (chunk index -1, root 'root:/') mounted
[2026.08.11-08.39.08:063][  0]LogShaderLibrary: Display: ShaderCodeLibraryPakFileMountedCallback: pending pak file info (ChunkID:-1 Root:root:/ File:C:/Program Files/Epic Games/UE_4.27/FeaturePacks/TP_Puzzle.upack)
[2026.08.11-08.39.08:063][  0]LogPakFile: OnPakFileMounted2Time == 0.000042
[2026.08.11-08.39.08:068][  0]LogPakFile: PakFile PrimaryIndexSize=184
[2026.08.11-08.39.08:069][  0]LogPakFile: PakFile PathHashIndexSize=101
[2026.08.11-08.39.08:069][  0]LogPakFile: PakFile FullDirectoryIndexSize=142
[2026.08.11-08.39.08:069][  0]LogShaderLibrary: Display: ShaderCodeLibraryPakFileMountedCallback: PakFile 'C:/Program Files/Epic Games/UE_4.27/FeaturePacks/TP_PuzzleBP.upack' (chunk index -1, root 'root:/') mounted
[2026.08.11-08.39.08:069][  0]LogShaderLibrary: Display: ShaderCodeLibraryPakFileMountedCallback: pending pak file info (ChunkID:-1 Root:root:/ File:C:/Program Files/Epic Games/UE_4.27/FeaturePacks/TP_PuzzleBP.upack)
[2026.08.11-08.39.08:069][  0]LogPakFile: OnPakFileMounted2Time == 0.000039
[2026.08.11-08.39.08:073][  0]LogPakFile: PakFile PrimaryIndexSize=183
[2026.08.11-08.39.08:073][  0]LogPakFile: PakFile PathHashIndexSize=101
[2026.08.11-08.39.08:074][  0]LogPakFile: PakFile FullDirectoryIndexSize=140
[2026.08.11-08.39.08:074][  0]LogShaderLibrary: Display: ShaderCodeLibraryPakFileMountedCallback: PakFile 'C:/Program Files/Epic Games/UE_4.27/FeaturePacks/TP_Rolling.upack' (chunk index -1, root 'root:/') mounted
[2026.08.11-08.39.08:074][  0]LogShaderLibrary: Display: ShaderCodeLibraryPakFileMountedCallback: pending pak file info (ChunkID:-1 Root:root:/ File:C:/Program Files/Epic Games/UE_4.27/FeaturePacks/TP_Rolling.upack)
[2026.08.11-08.39.08:074][  0]LogPakFile: OnPakFileMounted2Time == 0.000038
[2026.08.11-08.39.08:077][  0]LogPakFile: PakFile PrimaryIndexSize=185
[2026.08.11-08.39.08:077][  0]LogPakFile: PakFile PathHashIndexSize=101
[2026.08.11-08.39.08:077][  0]LogPakFile: PakFile FullDirectoryIndexSize=144
[2026.08.11-08.39.08:077][  0]LogShaderLibrary: Display: ShaderCodeLibraryPakFileMountedCallback: PakFile 'C:/Program Files/Epic Games/UE_4.27/FeaturePacks/TP_RollingBP.upack' (chunk index -1, root 'root:/') mounted
[2026.08.11-08.39.08:077][  0]LogShaderLibrary: Display: ShaderCodeLibraryPakFileMountedCallback: pending pak file info (ChunkID:-1 Root:root:/ File:C:/Program Files/Epic Games/UE_4.27/FeaturePacks/TP_RollingBP.upack)
[2026.08.11-08.39.08:077][  0]LogPakFile: OnPakFileMounted2Time == 0.000044
[2026.08.11-08.39.08:082][  0]LogPakFile: PakFile PrimaryIndexSize=188
[2026.08.11-08.39.08:082][  0]LogPakFile: PakFile PathHashIndexSize=101
[2026.08.11-08.39.08:082][  0]LogPakFile: PakFile FullDirectoryIndexSize=150
[2026.08.11-08.39.08:082][  0]LogShaderLibrary: Display: ShaderCodeLibraryPakFileMountedCallback: PakFile 'C:/Program Files/Epic Games/UE_4.27/FeaturePacks/TP_SideScroller.upack' (chunk index -1, root 'root:/') mounted
[2026.08.11-08.39.08:082][  0]LogShaderLibrary: Display: ShaderCodeLibraryPakFileMountedCallback: pending pak file info (ChunkID:-1 Root:root:/ File:C:/Program Files/Epic Games/UE_4.27/FeaturePacks/TP_SideScroller.upack)
[2026.08.11-08.39.08:082][  0]LogPakFile: OnPakFileMounted2Time == 0.000042
[2026.08.11-08.39.08:085][  0]LogPakFile: PakFile PrimaryIndexSize=190
[2026.08.11-08.39.08:085][  0]LogPakFile: PakFile PathHashIndexSize=101
[2026.08.11-08.39.08:085][  0]LogPakFile: PakFile FullDirectoryIndexSize=154
[2026.08.11-08.39.08:085][  0]LogShaderLibrary: Display: ShaderCodeLibraryPakFileMountedCallback: PakFile 'C:/Program Files/Epic Games/UE_4.27/FeaturePacks/TP_SideScrollerBP.upack' (chunk index -1, root 'root:/') mounted
[2026.08.11-08.39.08:085][  0]LogShaderLibrary: Display: ShaderCodeLibraryPakFileMountedCallback: pending pak file info (ChunkID:-1 Root:root:/ File:C:/Program Files/Epic Games/UE_4.27/FeaturePacks/TP_SideScrollerBP.upack)
[2026.08.11-08.39.08:085][  0]LogPakFile: OnPakFileMounted2Time == 0.000035
[2026.08.11-08.39.08:090][  0]LogPakFile: PakFile PrimaryIndexSize=187
[2026.08.11-08.39.08:090][  0]LogPakFile: PakFile PathHashIndexSize=101
[2026.08.11-08.39.08:090][  0]LogPakFile: PakFile FullDirectoryIndexSize=148
[2026.08.11-08.39.08:090][  0]LogShaderLibrary: Display: ShaderCodeLibraryPakFileMountedCallback: PakFile 'C:/Program Files/Epic Games/UE_4.27/FeaturePacks/TP_ThirdPerson.upack' (chunk index -1, root 'root:/') mounted
[2026.08.11-08.39.08:090][  0]LogShaderLibrary: Display: ShaderCodeLibraryPakFileMountedCallback: pending pak file info (ChunkID:-1 Root:root:/ File:C:/Program Files/Epic Games/UE_4.27/FeaturePacks/TP_ThirdPerson.upack)
[2026.08.11-08.39.08:090][  0]LogPakFile: OnPakFileMounted2Time == 0.000037
[2026.08.11-08.39.08:094][  0]LogPakFile: PakFile PrimaryIndexSize=189
[2026.08.11-08.39.08:094][  0]LogPakFile: PakFile PathHashIndexSize=101
[2026.08.11-08.39.08:094][  0]LogPakFile: PakFile FullDirectoryIndexSize=152
[2026.08.11-08.39.08:094][  0]LogShaderLibrary: Display: ShaderCodeLibraryPakFileMountedCallback: PakFile 'C:/Program Files/Epic Games/UE_4.27/FeaturePacks/TP_ThirdPersonBP.upack' (chunk index -1, root 'root:/') mounted
[2026.08.11-08.39.08:094][  0]LogShaderLibrary: Display: ShaderCodeLibraryPakFileMountedCallback: pending pak file info (ChunkID:-1 Root:root:/ File:C:/Program Files/Epic Games/UE_4.27/FeaturePacks/TP_ThirdPersonBP.upack)
[2026.08.11-08.39.08:094][  0]LogPakFile: OnPakFileMounted2Time == 0.000047
[2026.08.11-08.39.08:100][  0]LogPakFile: PakFile PrimaryIndexSize=183
[2026.08.11-08.39.08:100][  0]LogPakFile: PakFile PathHashIndexSize=101
[2026.08.11-08.39.08:100][  0]LogPakFile: PakFile FullDirectoryIndexSize=140
[2026.08.11-08.39.08:100][  0]LogShaderLibrary: Display: ShaderCodeLibraryPakFileMountedCallback: PakFile 'C:/Program Files/Epic Games/UE_4.27/FeaturePacks/TP_TopDown.upack' (chunk index -1, root 'root:/') mounted
[2026.08.11-08.39.08:100][  0]LogShaderLibrary: Display: ShaderCodeLibraryPakFileMountedCallback: pending pak file info (ChunkID:-1 Root:root:/ File:C:/Program Files/Epic Games/UE_4.27/FeaturePacks/TP_TopDown.upack)
[2026.08.11-08.39.08:100][  0]LogPakFile: OnPakFileMounted2Time == 0.000051
[2026.08.11-08.39.08:103][  0]LogPakFile: PakFile PrimaryIndexSize=185
[2026.08.11-08.39.08:103][  0]LogPakFile: PakFile PathHashIndexSize=101
[2026.08.11-08.39.08:103][  0]LogPakFile: PakFile FullDirectoryIndexSize=144
[2026.08.11-08.39.08:103][  0]LogShaderLibrary: Display: ShaderCodeLibraryPakFileMountedCallback: PakFile 'C:/Program Files/Epic Games/UE_4.27/FeaturePacks/TP_TopDownBP.upack' (chunk index -1, root 'root:/') mounted
[2026.08.11-08.39.08:103][  0]LogShaderLibrary: Display: ShaderCodeLibraryPakFileMountedCallback: pending pak file info (ChunkID:-1 Root:root:/ File:C:/Program Files/Epic Games/UE_4.27/FeaturePacks/TP_TopDownBP.upack)
[2026.08.11-08.39.08:103][  0]LogPakFile: OnPakFileMounted2Time == 0.000040
[2026.08.11-08.39.08:107][  0]LogPakFile: PakFile PrimaryIndexSize=185
[2026.08.11-08.39.08:107][  0]LogPakFile: PakFile PathHashIndexSize=101
[2026.08.11-08.39.08:107][  0]LogPakFile: PakFile FullDirectoryIndexSize=144
[2026.08.11-08.39.08:107][  0]LogShaderLibrary: Display: ShaderCodeLibraryPakFileMountedCallback: PakFile 'C:/Program Files/Epic Games/UE_4.27/FeaturePacks/TP_TwinStick.upack' (chunk index -1, root 'root:/') mounted
[2026.08.11-08.39.08:107][  0]LogShaderLibrary: Display: ShaderCodeLibraryPakFileMountedCallback: pending pak file info (ChunkID:-1 Root:root:/ File:C:/Program Files/Epic Games/UE_4.27/FeaturePacks/TP_TwinStick.upack)
[2026.08.11-08.39.08:107][  0]LogPakFile: OnPakFileMounted2Time == 0.000044
[2026.08.11-08.39.08:111][  0]LogPakFile: PakFile PrimaryIndexSize=187
[2026.08.11-08.39.08:111][  0]LogPakFile: PakFile PathHashIndexSize=101
[2026.08.11-08.39.08:111][  0]LogPakFile: PakFile FullDirectoryIndexSize=148
[2026.08.11-08.39.08:111][  0]LogShaderLibrary: Display: ShaderCodeLibraryPakFileMountedCallback: PakFile 'C:/Program Files/Epic Games/UE_4.27/FeaturePacks/TP_TwinStickBP.upack' (chunk index -1, root 'root:/') mounted
[2026.08.11-08.39.08:111][  0]LogShaderLibrary: Display: ShaderCodeLibraryPakFileMountedCallback: pending pak file info (ChunkID:-1 Root:root:/ File:C:/Program Files/Epic Games/UE_4.27/FeaturePacks/TP_TwinStickBP.upack)
[2026.08.11-08.39.08:111][  0]LogPakFile: OnPakFileMounted2Time == 0.000041
[2026.08.11-08.39.08:118][  0]LogPakFile: PakFile PrimaryIndexSize=183
[2026.08.11-08.39.08:118][  0]LogPakFile: PakFile PathHashIndexSize=101
[2026.08.11-08.39.08:118][  0]LogPakFile: PakFile FullDirectoryIndexSize=140
[2026.08.11-08.39.08:118][  0]LogShaderLibrary: Display: ShaderCodeLibraryPakFileMountedCallback: PakFile 'C:/Program Files/Epic Games/UE_4.27/FeaturePacks/TP_Vehicle.upack' (chunk index -1, root 'root:/') mounted
[2026.08.11-08.39.08:118][  0]LogShaderLibrary: Display: ShaderCodeLibraryPakFileMountedCallback: pending pak file info (ChunkID:-1 Root:root:/ File:C:/Program Files/Epic Games/UE_4.27/FeaturePacks/TP_Vehicle.upack)
[2026.08.11-08.39.08:118][  0]LogPakFile: OnPakFileMounted2Time == 0.000040
[2026.08.11-08.39.08:127][  0]LogPakFile: PakFile PrimaryIndexSize=186
[2026.08.11-08.39.08:127][  0]LogPakFile: PakFile PathHashIndexSize=101
[2026.08.11-08.39.08:127][  0]LogPakFile: PakFile FullDirectoryIndexSize=146
[2026.08.11-08.39.08:127][  0]LogShaderLibrary: Display: ShaderCodeLibraryPakFileMountedCallback: PakFile 'C:/Program Files/Epic Games/UE_4.27/FeaturePacks/TP_VehicleAdv.upack' (chunk index -1, root 'root:/') mounted
[2026.08.11-08.39.08:128][  0]LogShaderLibrary: Display: ShaderCodeLibraryPakFileMountedCallback: pending pak file info (ChunkID:-1 Root:root:/ File:C:/Program Files/Epic Games/UE_4.27/FeaturePacks/TP_VehicleAdv.upack)
[2026.08.11-08.39.08:128][  0]LogPakFile: OnPakFileMounted2Time == 0.000076
[2026.08.11-08.39.08:133][  0]LogPakFile: PakFile PrimaryIndexSize=188
[2026.08.11-08.39.08:133][  0]LogPakFile: PakFile PathHashIndexSize=101
[2026.08.11-08.39.08:133][  0]LogPakFile: PakFile FullDirectoryIndexSize=150
[2026.08.11-08.39.08:133][  0]LogShaderLibrary: Display: ShaderCodeLibraryPakFileMountedCallback: PakFile 'C:/Program Files/Epic Games/UE_4.27/FeaturePacks/TP_VehicleAdvBP.upack' (chunk index -1, root 'root:/') mounted
[2026.08.11-08.39.08:133][  0]LogShaderLibrary: Display: ShaderCodeLibraryPakFileMountedCallback: pending pak file info (ChunkID:-1 Root:root:/ File:C:/Program Files/Epic Games/UE_4.27/FeaturePacks/TP_VehicleAdvBP.upack)
[2026.08.11-08.39.08:133][  0]LogPakFile: OnPakFileMounted2Time == 0.000044
[2026.08.11-08.39.08:139][  0]LogPakFile: PakFile PrimaryIndexSize=185
[2026.08.11-08.39.08:140][  0]LogPakFile: PakFile PathHashIndexSize=101
[2026.08.11-08.39.08:140][  0]LogPakFile: PakFile FullDirectoryIndexSize=144
[2026.08.11-08.39.08:140][  0]LogShaderLibrary: Display: ShaderCodeLibraryPakFileMountedCallback: PakFile 'C:/Program Files/Epic Games/UE_4.27/FeaturePacks/TP_VehicleBP.upack' (chunk index -1, root 'root:/') mounted
[2026.08.11-08.39.08:140][  0]LogShaderLibrary: Display: ShaderCodeLibraryPakFileMountedCallback: pending pak file info (ChunkID:-1 Root:root:/ File:C:/Program Files/Epic Games/UE_4.27/FeaturePacks/TP_VehicleBP.upack)
[2026.08.11-08.39.08:140][  0]LogPakFile: OnPakFileMounted2Time == 0.000053
[2026.08.11-08.39.08:145][  0]LogPakFile: PakFile PrimaryIndexSize=192
[2026.08.11-08.39.08:145][  0]LogPakFile: PakFile PathHashIndexSize=101
[2026.08.11-08.39.08:145][  0]LogPakFile: PakFile FullDirectoryIndexSize=158
[2026.08.11-08.39.08:145][  0]LogShaderLibrary: Display: ShaderCodeLibraryPakFileMountedCallback: PakFile 'C:/Program Files/Epic Games/UE_4.27/FeaturePacks/TP_VirtualRealityBP.upack' (chunk index -1, root 'root:/') mounted
[2026.08.11-08.39.08:145][  0]LogShaderLibrary: Display: ShaderCodeLibraryPakFileMountedCallback: pending pak file info (ChunkID:-1 Root:root:/ File:C:/Program Files/Epic Games/UE_4.27/FeaturePacks/TP_VirtualRealityBP.upack)
[2026.08.11-08.39.08:145][  0]LogPakFile: OnPakFileMounted2Time == 0.000045
[2026.08.11-08.39.08:438][  0]LogNativeClassHierarchy: Verbose: Native class hierarchy updated for 'AddContentDialog' in 0.0004 seconds. Added 0 classes and 0 folders.
[2026.08.11-08.39.08:453][  0]LogNativeClassHierarchy: Verbose: Native class hierarchy updated for 'SceneOutliner' in 0.0003 seconds. Added 2 classes and 0 folders.
[2026.08.11-08.39.08:657][  0]LogSlate: Took 0.007517 seconds to synchronously load lazily loaded font '../../../Engine/Content/Slate/Fonts/Roboto-Regular.ttf' (155K)
[2026.08.11-08.39.08:663][  0]LogSlate: Took 0.001490 seconds to synchronously load lazily loaded font '../../../Engine/Content/Editor/Slate/Fonts/FontAwesome.ttf' (139K)
[2026.08.11-08.39.08:749][  0]LogSlate: Took 0.084629 seconds to synchronously load lazily loaded font '../../../Engine/Content/Slate/Fonts/DroidSansFallback.ttf' (3848K)
[2026.08.11-08.39.08:751][  0]LogSlate: Took 0.001587 seconds to synchronously load lazily loaded font '../../../Engine/Content/Slate/Fonts/Roboto-Bold.ttf' (160K)
[2026.08.11-08.39.09:152][  0]LogRenderer: Reallocating scene render targets to support 860x396 Format 10 NumSamples 1 (Frame:1).
[2026.08.11-08.39.16:686][  0]LogNativeClassHierarchy: Verbose: Native class hierarchy updated for 'HierarchicalLODOutliner' in 0.0025 seconds. Added 0 classes and 0 folders.
[2026.08.11-08.39.16:700][  0]LogLoad: (Engine Initialization) Total time: 69.27 seconds
[2026.08.11-08.39.16:700][  0]LogLoad: (Engine Initialization) Total Blueprint compile time: 0.00 seconds
[2026.08.11-08.39.16:874][  0]LogContentStreaming: Texture pool size now 1000 MB
[2026.08.11-08.39.17:287][  1]LogAssetRegistry: Asset discovery search completed in 60.8512 seconds
[2026.08.11-08.39.17:327][  1]LogCollectionManager: Fixed up redirectors for 0 collections in 0.000572 seconds (updated 0 objects)
[2026.08.11-08.39.17:557][  2]LogSlate: Took 0.001919 seconds to synchronously load lazily loaded font '../../../Engine/Content/Slate/Fonts/Roboto-Light.ttf' (167K)
[2026.08.11-08.41.07:817][788]LogSlate: Took 0.001895 seconds to synchronously load lazily loaded font '../../../Engine/Content/Slate/Fonts/Roboto-Italic.ttf' (157K)
[2026.08.11-13.35.22:898][138]LogSlate: Took 0.004661 seconds to synchronously load lazily loaded font '../../../Engine/Content/Slate/Fonts/Roboto-Light.ttf' (167K)
[2026.08.11-13.35.22:916][138]LogAssetTools: Exporting "/Game/Bar/Texture/T_d21.T_d21" to "E:/需要修改的图片/Game/Bar/Texture/T_d21.TGA"
[2026.08.11-13.35.22:992][138]LogAssetTools: Exporting "/Game/Bar/Texture/T_d22.T_d22" to "E:/需要修改的图片/Game/Bar/Texture/T_d22.TGA"
[2026.08.11-13.35.23:062][138]LogAssetTools: Exporting "/Game/Bar/Texture/T_d23.T_d23" to "E:/需要修改的图片/Game/Bar/Texture/T_d23.TGA"
[2026.08.11-13.35.23:065][138]LogAssetTools: Exporting "/Game/Bar/Texture/T_d27.T_d27" to "E:/需要修改的图片/Game/Bar/Texture/T_d27.TGA"
[2026.08.11-13.35.23:228][138]LogAssetTools: Exporting "/Game/Bar/Texture/T_d28.T_d28" to "E:/需要修改的图片/Game/Bar/Texture/T_d28.TGA"
[2026.08.11-13.35.23:284][138]LogAssetTools: Exporting "/Game/Bar/Texture/T_d3.T_d3" to "E:/需要修改的图片/Game/Bar/Texture/T_d3.TGA"
[2026.08.11-13.35.23:286][138]LogAssetTools: Exporting "/Game/Bar/Texture/T_d42.T_d42" to "E:/需要修改的图片/Game/Bar/Texture/T_d42.TGA"
[2026.08.11-13.35.23:308][138]LogAssetTools: Exporting "/Game/Bar/Texture/T_d46.T_d46" to "E:/需要修改的图片/Game/Bar/Texture/T_d46.TGA"
[2026.08.11-13.35.23:311][138]LogAssetTools: Exporting "/Game/Bar/Texture/T_d47.T_d47" to "E:/需要修改的图片/Game/Bar/Texture/T_d47.TGA"
[2026.08.11-13.35.23:314][138]LogAssetTools: Exporting "/Game/Bar/Texture/T_d48.T_d48" to "E:/需要修改的图片/Game/Bar/Texture/T_d48.TGA"
[2026.08.11-13.35.23:318][138]LogAssetTools: Exporting "/Game/Bar/Texture/T_d50.T_d50" to "E:/需要修改的图片/Game/Bar/Texture/T_d50.TGA"
[2026.08.11-13.35.23:336][138]LogAssetTools: Exporting "/Game/Bar/Texture/T_d61.T_d61" to "E:/需要修改的图片/Game/Bar/Texture/T_d61.TGA"
[2026.08.11-13.35.23:340][138]LogAssetTools: Exporting "/Game/Bar/Texture/T_d67.T_d67" to "E:/需要修改的图片/Game/Bar/Texture/T_d67.TGA"
[2026.08.11-13.35.23:515][138]LogAssetTools: Exporting "/Game/Bar/Texture/T_d68.T_d68" to "E:/需要修改的图片/Game/Bar/Texture/T_d68.TGA"
[2026.08.11-13.35.23:570][138]LogAssetTools: Exporting "/Game/Bar/Texture/T_d70.T_d70" to "E:/需要修改的图片/Game/Bar/Texture/T_d70.TGA"
[2026.08.11-13.35.23:886][138]LogAssetTools: Exporting "/Game/Bar/Texture/T_d10.T_d10" to "E:/需要修改的图片/Game/Bar/Texture/T_d10.TGA"
[2026.08.11-13.42.52:323][ 80]LogUObjectHash: Compacting FUObjectHashTables data took   1.35ms
[2026.08.11-13.42.52:370][ 80]LogSlate: Window 'Bar - 虚幻编辑器' being destroyed
[2026.08.11-13.42.52:562][ 81]Cmd: QUIT_EDITOR
[2026.08.11-13.42.52:563][ 81]LogCore: Engine exit requested (reason: UUnrealEdEngine::CloseEditor())
[2026.08.11-13.42.52:578][ 81]LogCore: Engine exit requested (reason: EngineExit() was called; note: exit was already requested)
[2026.08.11-13.42.52:609][ 81]LogAudio: Display: Beginning Audio Device Manager Shutdown (Module: AudioMixerXAudio2)...
[2026.08.11-13.42.52:610][ 81]LogAudio: Display: Destroying 1 Remaining Audio Device(s)...
[2026.08.11-13.42.52:610][ 81]LogAudio: Display: Audio Device unregistered from world 'model'.
[2026.08.11-13.42.52:621][ 81]LogAudioMixer: FMixerPlatformXAudio2::StopAudioStream() called
[2026.08.11-13.42.52:625][ 81]LogAudioMixer: FMixerPlatformXAudio2::StopAudioStream() called
[2026.08.11-13.42.52:646][ 81]LogAudio: Display: Audio Device Manager Shutdown
[2026.08.11-13.42.52:652][ 81]LogWindowsTextInputMethodSystem: Display: IME system activated using TSF (微软拼音).
[2026.08.11-13.42.52:664][ 81]LogExit: Preparing to exit.
[2026.08.11-13.42.53:561][ 81]LogUObjectHash: Compacting FUObjectHashTables data took   1.01ms
[2026.08.11-13.42.53:834][ 81]LogDemo: Cleaned up 0 splitscreen connections with owner deletion
[2026.08.11-13.42.53:898][ 81]LogWorld: UWorld::CleanupWorld for None, bSessionEnded=true, bCleanupResources=true
[2026.08.11-13.42.53:916][ 81]LogExit: Editor shut down
[2026.08.11-13.42.53:918][ 81]LogExit: Transaction tracking system shut down
[2026.08.11-13.42.54:972][ 81]LogExit: Object subsystem successfully closed.
[2026.08.11-13.42.54:993][ 81]LogShaderCompilers: Display: === FShaderJobCache stats ===
[2026.08.11-13.42.54:993][ 81]LogShaderCompilers: Display: Total job queries 0, among them cache hits 0 (0.00%)
[2026.08.11-13.42.54:993][ 81]LogShaderCompilers: Display: Tracking 0 distinct input hashes that result in 0 distinct outputs (0.00%)
[2026.08.11-13.42.54:993][ 81]LogShaderCompilers: Display: RAM used: 0.00 MB (0.00 GB) of 819.20 MB (0.80 GB) budget. Usage: 0.00%
[2026.08.11-13.42.54:993][ 81]LogShaderCompilers: Display: ================================================
[2026.08.11-13.42.55:053][ 81]LogShaderCompilers: Display: Shaders left to compile 0
[2026.08.11-13.42.55:446][ 81]LogModuleManager: Shutting down and abandoning module HierarchicalLODOutliner (870)
[2026.08.11-13.42.55:446][ 81]LogModuleManager: Shutting down and abandoning module SceneOutliner (868)
[2026.08.11-13.42.55:447][ 81]LogModuleManager: Shutting down and abandoning module AddContentDialog (866)
[2026.08.11-13.42.55:451][ 81]LogModuleManager: Shutting down and abandoning module WidgetCarousel (865)
[2026.08.11-13.42.55:451][ 81]LogModuleManager: Shutting down and abandoning module EditorWidgets (862)
[2026.08.11-13.42.55:451][ 81]LogModuleManager: Shutting down and abandoning module StatsViewer (860)
[2026.08.11-13.42.55:453][ 81]LogModuleManager: Shutting down and abandoning module PIEPreviewDeviceProfileSelector (858)
[2026.08.11-13.42.55:454][ 81]LogModuleManager: Shutting down and abandoning module SequenceRecorderSections (856)
[2026.08.11-13.42.55:454][ 81]LogModuleManager: Shutting down and abandoning module AutomationWorker (854)
[2026.08.11-13.42.55:456][ 81]LogModuleManager: Shutting down and abandoning module SteamVREditor (852)
[2026.08.11-13.42.55:456][ 81]LogModuleManager: Shutting down and abandoning module OculusMR (850)
[2026.08.11-13.42.55:456][ 81]LogModuleManager: Shutting down and abandoning module TakeRecorderSources (848)
[2026.08.11-13.42.55:462][ 81]LogModuleManager: Shutting down and abandoning module TakeRecorder (847)
[2026.08.11-13.42.55:467][ 81]LogModuleManager: Shutting down and abandoning module TakeTrackRecorders (844)
[2026.08.11-13.42.55:468][ 81]LogModuleManager: Shutting down and abandoning module TakesCore (842)
[2026.08.11-13.42.55:468][ 81]LogModuleManager: Shutting down and abandoning module OpenXRInput (840)
[2026.08.11-13.42.55:469][ 81]LogModuleManager: Shutting down and abandoning module GooglePADEditor (838)
[2026.08.11-13.42.55:469][ 81]LogModuleManager: Shutting down and abandoning module AudioCaptureEditor (836)
[2026.08.11-13.42.55:469][ 81]LogModuleManager: Shutting down and abandoning module TemplateSequenceEditor (834)
[2026.08.11-13.42.55:474][ 81]LogModuleManager: Shutting down and abandoning module MatineeToLevelSequence (832)
[2026.08.11-13.42.55:476][ 81]LogModuleManager: Shutting down and abandoning module LevelSequenceEditor (830)
[2026.08.11-13.42.55:479][ 81]LogModuleManager: Shutting down and abandoning module ActorSequenceEditor (828)
[2026.08.11-13.42.55:481][ 81]LogModuleManager: Shutting down and abandoning module WmfMediaFactory (826)
[2026.08.11-13.42.55:481][ 81]LogModuleManager: Shutting down and abandoning module WmfMediaEditor (824)
[2026.08.11-13.42.55:481][ 81]LogModuleManager: Shutting down and abandoning module WebMMediaFactory (822)
[2026.08.11-13.42.55:481][ 81]LogModuleManager: Shutting down and abandoning module WebMMediaEditor (820)
[2026.08.11-13.42.55:481][ 81]LogModuleManager: Shutting down and abandoning module WebMMedia (818)
[2026.08.11-13.42.55:482][ 81]LogModuleManager: Shutting down and abandoning module MediaPlayerEditor (816)
[2026.08.11-13.42.55:484][ 81]LogModuleManager: Shutting down and abandoning module MediaCompositingEditor (814)
[2026.08.11-13.42.55:485][ 81]LogModuleManager: Shutting down and abandoning module SequenceRecorder (813)
[2026.08.11-13.42.55:486][ 81]LogModuleManager: Shutting down and abandoning module OpenExrWrapper (810)
[2026.08.11-13.42.55:486][ 81]LogModuleManager: Shutting down and abandoning module ImgMediaFactory (808)
[2026.08.11-13.42.55:486][ 81]LogModuleManager: Shutting down and abandoning module ImgMediaEditor (806)
[2026.08.11-13.42.55:486][ 81]LogModuleManager: Shutting down and abandoning module AvfMediaFactory (804)
[2026.08.11-13.42.55:486][ 81]LogModuleManager: Shutting down and abandoning module AvfMediaEditor (802)
[2026.08.11-13.42.55:486][ 81]LogModuleManager: Shutting down and abandoning module AndroidMediaFactory (800)
[2026.08.11-13.42.55:486][ 81]LogModuleManager: Shutting down and abandoning module AndroidMediaEditor (798)
[2026.08.11-13.42.55:486][ 81]LogModuleManager: Shutting down and abandoning module MagicLeapMediaCodecFactory (796)
[2026.08.11-13.42.55:486][ 81]LogModuleManager: Shutting down and abandoning module MagicLeapMediaFactory (794)
[2026.08.11-13.42.55:486][ 81]LogModuleManager: Shutting down and abandoning module MagicLeapMediaEditor (792)
[2026.08.11-13.42.55:486][ 81]LogModuleManager: Shutting down and abandoning module TextureAlignMode (790)
[2026.08.11-13.42.55:486][ 81]LogModuleManager: Shutting down and abandoning module BspMode (788)
[2026.08.11-13.42.55:487][ 81]LogModuleManager: Shutting down and abandoning module GeometryMode (786)
[2026.08.11-13.42.55:487][ 81]LogModuleManager: Shutting down and abandoning module PlanarCut (784)
[2026.08.11-13.42.55:488][ 81]LogModuleManager: Shutting down and abandoning module CharacterAI (782)
[2026.08.11-13.42.55:488][ 81]LogModuleManager: Shutting down and abandoning module CameraShakePreviewer (780)
[2026.08.11-13.42.55:489][ 81]LogModuleManager: Shutting down and abandoning module SmartSnapping (778)
[2026.08.11-13.42.55:489][ 81]LogModuleManager: Shutting down and abandoning module SessionServices (776)
[2026.08.11-13.42.55:490][ 81]LogModuleManager: Shutting down and abandoning module MeshPaint (774)
[2026.08.11-13.42.55:490][ 81]LogModuleManager: Shutting down and abandoning module VirtualTexturingEditor (772)
[2026.08.11-13.42.55:491][ 81]LogModuleManager: Shutting down and abandoning module FoliageEdit (770)
[2026.08.11-13.42.55:492][ 81]LogModuleManager: Shutting down and abandoning module LandscapeEditor (768)
[2026.08.11-13.42.55:497][ 81]LogModuleManager: Shutting down and abandoning module MeshPaintMode (766)
[2026.08.11-13.42.55:497][ 81]LogModuleManager: Shutting down and abandoning module SceneDepthPickerMode (764)
[2026.08.11-13.42.55:497][ 81]LogModuleManager: Shutting down and abandoning module ActorPickerMode (762)
[2026.08.11-13.42.55:497][ 81]LogModuleManager: Shutting down and abandoning module PlacementMode (760)
[2026.08.11-13.42.55:497][ 81]LogModuleManager: Shutting down and abandoning module ViewportSnapping (758)
[2026.08.11-13.42.55:497][ 81]LogModuleManager: Shutting down and abandoning module ViewportInteraction (756)
[2026.08.11-13.42.55:498][ 81]LogModuleManager: Shutting down and abandoning module ClothPainter (754)
[2026.08.11-13.42.55:502][ 81]LogModuleManager: Shutting down and abandoning module SkeletalMeshEditor (753)
[2026.08.11-13.42.55:503][ 81]LogModuleManager: Shutting down and abandoning module LogVisualizer (750)
[2026.08.11-13.42.55:506][ 81]LogModuleManager: Shutting down and abandoning module IntroTutorials (748)
[2026.08.11-13.42.55:507][ 81]LogModuleManager: Shutting down and abandoning module GameProjectGeneration (747)
[2026.08.11-13.42.55:508][ 81]LogModuleManager: Shutting down and abandoning module LuminPlatformEditor (744)
[2026.08.11-13.42.55:508][ 81]LogModuleManager: Shutting down and abandoning module IOSPlatformEditor (742)
[2026.08.11-13.42.55:509][ 81]LogModuleManager: Shutting down and abandoning module AndroidPlatformEditor (740)
[2026.08.11-13.42.55:509][ 81]LogModuleManager: Shutting down and abandoning module AndroidDeviceDetection (739)
[2026.08.11-13.42.57:333][ 81]LogModuleManager: Shutting down and abandoning module WindowsPlatformEditor (736)
[2026.08.11-13.42.57:333][ 81]LogModuleManager: Shutting down and abandoning module LuminRuntimeSettings (734)
[2026.08.11-13.42.57:333][ 81]LogModuleManager: Shutting down and abandoning module IOSRuntimeSettings (732)
[2026.08.11-13.42.57:333][ 81]LogModuleManager: Shutting down and abandoning module AndroidRuntimeSettings (730)
[2026.08.11-13.42.57:333][ 81]LogModuleManager: Shutting down and abandoning module TraceInsights (728)
[2026.08.11-13.42.57:346][ 81]MemoryProfiler: Shutdown
[2026.08.11-13.42.57:346][ 81]NetworkingProfiler: Shutdown
[2026.08.11-13.42.57:347][ 81]LoadingProfiler: Shutdown
[2026.08.11-13.42.57:349][ 81]TimingProfiler: Shutdown
[2026.08.11-13.42.57:358][ 81]LogModuleManager: Shutting down and abandoning module TraceServices (727)
[2026.08.11-13.42.57:360][ 81]LogModuleManager: Shutting down and abandoning module EditorInteractiveToolsFramework (724)
[2026.08.11-13.42.57:361][ 81]LogModuleManager: Shutting down and abandoning module TimeManagementEditor (722)
[2026.08.11-13.42.57:361][ 81]LogModuleManager: Shutting down and abandoning module InputBindingEditor (720)
[2026.08.11-13.42.57:363][ 81]LogModuleManager: Shutting down and abandoning module MergeActors (718)
[2026.08.11-13.42.57:366][ 81]LogModuleManager: Shutting down and abandoning module LocalizationDashboard (716)
[2026.08.11-13.42.57:369][ 81]LogModuleManager: Shutting down and abandoning module LocalizationService (715)
[2026.08.11-13.42.57:370][ 81]LogModuleManager: Shutting down and abandoning module HardwareTargeting (712)
[2026.08.11-13.42.57:370][ 81]LogModuleManager: Shutting down and abandoning module DeviceProfileEditor (710)
[2026.08.11-13.42.57:371][ 81]LogModuleManager: Shutting down and abandoning module UndoHistory (708)
[2026.08.11-13.42.57:373][ 81]LogModuleManager: Shutting down and abandoning module XmlParser (706)
[2026.08.11-13.42.57:373][ 81]LogModuleManager: Shutting down and abandoning module Blutility (704)
[2026.08.11-13.42.57:373][ 81]LogModuleManager: Shutting down and abandoning module ProjectSettingsViewer (702)
[2026.08.11-13.42.57:374][ 81]LogModuleManager: Shutting down and abandoning module ProjectTargetPlatformEditor (701)
[2026.08.11-13.42.57:375][ 81]LogModuleManager: Shutting down and abandoning module EditorSettingsViewer (698)
[2026.08.11-13.42.57:376][ 81]LogModuleManager: Shutting down and abandoning module InternationalizationSettings (697)
[2026.08.11-13.42.57:376][ 81]LogModuleManager: Shutting down and abandoning module SettingsEditor (694)
[2026.08.11-13.42.57:377][ 81]LogModuleManager: Shutting down and abandoning module ProjectLauncher (692)
[2026.08.11-13.42.57:380][ 81]LogModuleManager: Shutting down and abandoning module SessionFrontend (690)
[2026.08.11-13.42.57:382][ 81]LogModuleManager: Shutting down and abandoning module ProfilerClient (688)
[2026.08.11-13.42.57:383][ 81]LogModuleManager: Shutting down and abandoning module DeviceManager (686)
[2026.08.11-13.42.57:384][ 81]LogModuleManager: Shutting down and abandoning module TargetDeviceServices (685)
[2026.08.11-13.42.57:420][ 81]LogModuleManager: Shutting down and abandoning module AutomationController (682)
[2026.08.11-13.42.57:422][ 81]LogModuleManager: Shutting down and abandoning module AutomationWindow (680)
[2026.08.11-13.42.57:423][ 81]LogModuleManager: Shutting down and abandoning module Layers (678)
[2026.08.11-13.42.57:427][ 81]LogModuleManager: Shutting down and abandoning module ComponentVisualizers (676)
[2026.08.11-13.42.57:427][ 81]LogModuleManager: Shutting down and abandoning module DetailCustomizations (674)
[2026.08.11-13.42.57:431][ 81]LogModuleManager: Shutting down and abandoning module PackagesDialog (672)
[2026.08.11-13.42.57:433][ 81]LogModuleManager: Shutting down and abandoning module AnimationBlueprintEditor (670)
[2026.08.11-13.42.57:438][ 81]LogModuleManager: Shutting down and abandoning module Persona (668)
[2026.08.11-13.42.57:442][ 81]LogModuleManager: Shutting down and abandoning module AdvancedPreviewScene (667)
[2026.08.11-13.42.57:442][ 81]LogModuleManager: Shutting down and abandoning module AnimGraph (665)
[2026.08.11-13.42.57:443][ 81]LogModuleManager: Shutting down and abandoning module Kismet (662)
[2026.08.11-13.42.57:449][ 81]LogModuleManager: Shutting down and abandoning module KismetWidgets (661)
[2026.08.11-13.42.57:450][ 81]LogModuleManager: Shutting down and abandoning module GraphEditor (658)
[2026.08.11-13.42.57:455][ 81]LogModuleManager: Shutting down and abandoning module StructViewer (656)
[2026.08.11-13.42.57:457][ 81]LogModuleManager: Shutting down and abandoning module ClassViewer (654)
[2026.08.11-13.42.57:458][ 81]LogModuleManager: Shutting down and abandoning module Toolbox (652)
[2026.08.11-13.42.57:458][ 81]LogModuleManager: Shutting down and abandoning module ModuleUI (650)
[2026.08.11-13.42.57:460][ 81]LogModuleManager: Shutting down and abandoning module OutputLog (648)
[2026.08.11-13.42.57:463][ 81]LogModuleManager: Shutting down and abandoning module GammaUI (646)
[2026.08.11-13.42.57:464][ 81]LogModuleManager: Shutting down and abandoning module Documentation (644)
[2026.08.11-13.42.57:464][ 81]LogModuleManager: Shutting down and abandoning module LiveCoding (642)
[2026.08.11-13.42.57:468][ 81]LogModuleManager: Shutting down and abandoning module LevelSequence (640)
[2026.08.11-13.42.57:468][ 81]LogModuleManager: Shutting down and abandoning module MovieSceneTracks (638)
[2026.08.11-13.42.57:469][ 81]LogModuleManager: Shutting down and abandoning module MovieScene (636)
[2026.08.11-13.42.57:471][ 81]LogModuleManager: Shutting down and abandoning module StreamingPauseRendering (634)
[2026.08.11-13.42.57:471][ 81]LogModuleManager: Shutting down and abandoning module LauncherPlatform (632)
[2026.08.11-13.42.57:472][ 81]LogModuleManager: Shutting down and abandoning module AnalyticsET (630)
[2026.08.11-13.42.57:472][ 81]LogModuleManager: Shutting down and abandoning module PortalServices (628)
[2026.08.11-13.42.57:472][ 81]LogModuleManager: Shutting down and abandoning module PortalRpc (626)
[2026.08.11-13.42.57:472][ 81]LogModuleManager: Shutting down and abandoning module MessagingRpc (624)
[2026.08.11-13.42.57:472][ 81]LogModuleManager: Shutting down and abandoning module AudioMixerXAudio2 (622)
[2026.08.11-13.42.57:472][ 81]LogModuleManager: Shutting down and abandoning module AudioMixerCore (621)
[2026.08.11-13.42.57:472][ 81]LogModuleManager: Shutting down and abandoning module AIModule (618)
[2026.08.11-13.42.57:475][ 81]LogModuleManager: Shutting down and abandoning module GameplayDebugger (617)
[2026.08.11-13.42.57:475][ 81]LogModuleManager: Shutting down and abandoning module AITestSuite (615)
[2026.08.11-13.42.57:476][ 81]LogModuleManager: Shutting down and abandoning module NavigationSystem (613)
[2026.08.11-13.42.57:477][ 81]LogModuleManager: Shutting down and abandoning module ImageWriteQueue (610)
[2026.08.11-13.42.57:477][ 81]LogModuleManager: Shutting down and abandoning module ProfilerService (608)
[2026.08.11-13.42.57:714][ 81]LogModuleManager: Shutting down and abandoning module TaskGraph (606)
[2026.08.11-13.42.57:716][ 81]LogModuleManager: Shutting down and abandoning module AudioSynesthesiaEditor (604)
[2026.08.11-13.42.57:716][ 81]LogModuleManager: Shutting down and abandoning module OculusEditor (602)
[2026.08.11-13.42.57:734][ 81]LogModuleManager: Shutting down and abandoning module OculusInput (600)
[2026.08.11-13.42.57:734][ 81]LogModuleManager: Shutting down and abandoning module ContentBrowserClassDataSource (598)
[2026.08.11-13.42.57:734][ 81]LogModuleManager: Shutting down and abandoning module ContentBrowserFileDataSource (596)
[2026.08.11-13.42.57:734][ 81]LogModuleManager: Shutting down and abandoning module ContentBrowserAssetDataSource (594)
[2026.08.11-13.42.57:734][ 81]LogModuleManager: Shutting down and abandoning module CollectionManager (593)
[2026.08.11-13.42.57:737][ 81]LogModuleManager: Shutting down and abandoning module TakeSequencer (590)
[2026.08.11-13.42.57:738][ 81]LogModuleManager: Shutting down and abandoning module TakeMovieScene (588)
[2026.08.11-13.42.57:738][ 81]LogModuleManager: Shutting down and abandoning module ScreenshotTools (586)
[2026.08.11-13.42.57:738][ 81]LogModuleManager: Shutting down and abandoning module SynthesisEditor (584)
[2026.08.11-13.42.57:738][ 81]LogModuleManager: Shutting down and abandoning module Synthesis (582)
[2026.08.11-13.42.57:740][ 81]LogModuleManager: Shutting down and abandoning module ProceduralMeshComponentEditor (580)
[2026.08.11-13.42.57:741][ 81]LogModuleManager: Shutting down and abandoning module ProceduralMeshComponent (578)
[2026.08.11-13.42.57:741][ 81]LogModuleManager: Shutting down and abandoning module OpenXREditor (576)
[2026.08.11-13.42.57:743][ 81]LogModuleManager: Shutting down and abandoning module MobilePatchingUtils (574)
[2026.08.11-13.42.57:743][ 81]LogModuleManager: Shutting down and abandoning module GooglePAD (572)
[2026.08.11-13.42.57:743][ 81]LogModuleManager: Shutting down and abandoning module EditableMesh (570)
[2026.08.11-13.42.57:744][ 81]LogModuleManager: Shutting down and abandoning module CustomMeshComponent (568)
[2026.08.11-13.42.57:744][ 81]LogModuleManager: Shutting down and abandoning module CableComponent (566)
[2026.08.11-13.42.57:744][ 81]LogModuleManager: Shutting down and abandoning module AudioCapture (564)
[2026.08.11-13.42.57:744][ 81]LogModuleManager: Shutting down and abandoning module AudioCaptureRtAudio (563)
[2026.08.11-13.42.57:745][ 81]LogModuleManager: Shutting down and abandoning module AssetTags (560)
[2026.08.11-13.42.57:745][ 81]LogModuleManager: Shutting down and abandoning module ArchVisCharacter (558)
[2026.08.11-13.42.57:745][ 81]LogModuleManager: Shutting down and abandoning module AppleImageUtilsBlueprintSupport (556)
[2026.08.11-13.42.57:746][ 81]LogModuleManager: Shutting down and abandoning module AppleImageUtils (554)
[2026.08.11-13.42.57:746][ 81]LogModuleManager: Shutting down and abandoning module AndroidPermission (552)
[2026.08.11-13.42.57:746][ 81]LogModuleManager: Shutting down and abandoning module ActorLayerUtilitiesEditor (550)
[2026.08.11-13.42.57:747][ 81]LogModuleManager: Shutting down and abandoning module ActorLayerUtilities (548)
[2026.08.11-13.42.57:747][ 81]LogModuleManager: Shutting down and abandoning module TemplateSequence (546)
[2026.08.11-13.42.57:747][ 81]LogModuleManager: Shutting down and abandoning module MediaCompositing (544)
[2026.08.11-13.42.57:747][ 81]LogModuleManager: Shutting down and abandoning module ImgMedia (542)
[2026.08.11-13.42.57:747][ 81]LogModuleManager: Shutting down and abandoning module MagicLeapSharedWorld (540)
[2026.08.11-13.42.57:747][ 81]LogModuleManager: Shutting down and abandoning module MagicLeapLightEstimation (538)
[2026.08.11-13.42.57:748][ 81]LogModuleManager: Shutting down and abandoning module MagicLeapHelperVulkan (536)
[2026.08.11-13.42.57:748][ 81]LogModuleManager: Shutting down and abandoning module MagicLeapHelperOpenGL (534)
[2026.08.11-13.42.57:749][ 81]LogModuleManager: Shutting down and abandoning module MagicLeapAudio (532)
[2026.08.11-13.42.57:749][ 81]LogModuleManager: Shutting down and abandoning module NiagaraEditorWidgets (530)
[2026.08.11-13.42.57:757][ 81]LogModuleManager: Shutting down and abandoning module SpeedTreeImporter (528)
[2026.08.11-13.42.57:757][ 81]LogModuleManager: Shutting down and abandoning module MobileLauncherProfileWizard (526)
[2026.08.11-13.42.57:759][ 81]LogModuleManager: Shutting down and abandoning module PluginBrowser (524)
[2026.08.11-13.42.57:764][ 81]LogModuleManager: Shutting down and abandoning module MaterialAnalyzer (522)
[2026.08.11-13.42.57:767][ 81]LogModuleManager: Shutting down and abandoning module CurveEditorTools (520)
[2026.08.11-13.42.57:770][ 81]LogModuleManager: Shutting down and abandoning module CryptoKeysOpenSSL (518)
[2026.08.11-13.42.57:770][ 81]LogModuleManager: Shutting down and abandoning module CryptoKeys (516)
[2026.08.11-13.42.57:770][ 81]LogModuleManager: Shutting down and abandoning module OpenImageDenoise (514)
[2026.08.11-13.42.57:770][ 81]LogOpenImageDenoise: OIDN shutting down
[2026.08.11-13.42.57:770][ 81]LogModuleManager: Shutting down and abandoning module MotoSynthEditor (512)
[2026.08.11-13.42.57:770][ 81]LogModuleManager: Shutting down and abandoning module MotoSynth (510)
[2026.08.11-13.42.57:770][ 81]LogModuleManager: Shutting down and abandoning module MeshConversion (508)
[2026.08.11-13.42.57:772][ 81]LogModuleManager: Shutting down and abandoning module DynamicMesh (506)
[2026.08.11-13.42.57:773][ 81]LogModuleManager: Shutting down and abandoning module GeometryAlgorithms (504)
[2026.08.11-13.42.57:775][ 81]LogModuleManager: Shutting down and abandoning module GeometricObjects (502)
[2026.08.11-13.42.57:778][ 81]LogModuleManager: Shutting down and abandoning module GeometryCollectionTracks (500)
[2026.08.11-13.42.57:778][ 81]LogModuleManager: Shutting down and abandoning module GeometryCollectionSequencer (499)
[2026.08.11-13.42.57:778][ 81]LogModuleManager: Shutting down and abandoning module GeometryCollectionEditor (496)
[2026.08.11-13.42.57:779][ 81]LogModuleManager: Shutting down and abandoning module GeometryCacheTracks (494)
[2026.08.11-13.42.57:779][ 81]LogModuleManager: Shutting down and abandoning module GeometryCacheStreamer (492)
[2026.08.11-13.42.57:779][ 81]LogModuleManager: Shutting down and abandoning module GeometryCacheSequencer (490)
[2026.08.11-13.42.57:779][ 81]LogModuleManager: Shutting down and abandoning module ChaosSolverEditor (488)
[2026.08.11-13.42.57:779][ 81]LogModuleManager: Shutting down and abandoning module ChaosNiagara (486)
[2026.08.11-13.42.57:780][ 81]LogModuleManager: Shutting down and abandoning module FractureEditor (484)
[2026.08.11-13.42.57:781][ 81]LogModuleManager: Shutting down and abandoning module FieldSystemEngine (483)
[2026.08.11-13.42.57:781][ 81]LogModuleManager: Shutting down and abandoning module ChaosClothEditor (480)
[2026.08.11-13.42.57:782][ 81]LogModuleManager: Shutting down and abandoning module BackChannel (478)
[2026.08.11-13.42.57:783][ 81]LogModuleManager: Shutting down and abandoning module AutomationUtilsEditor (476)
[2026.08.11-13.42.57:783][ 81]LogModuleManager: Shutting down and abandoning module AutomationUtils (474)
[2026.08.11-13.42.57:783][ 81]LogModuleManager: Shutting down and abandoning module AlembicImporter (472)
[2026.08.11-13.42.57:783][ 81]LogModuleManager: Shutting down and abandoning module AlembicLibrary (471)
[2026.08.11-13.42.57:784][ 81]LogModuleManager: Shutting down and abandoning module GeometryCache (470)
[2026.08.11-13.42.57:784][ 81]LogModuleManager: Shutting down and abandoning module GeometryCacheEd (469)
[2026.08.11-13.42.57:784][ 81]LogModuleManager: Shutting down and abandoning module OodleNetworkHandlerComponent (464)
[2026.08.11-13.42.57:784][ 81]LogModuleManager: Shutting down and abandoning module VariantManagerContentEditor (462)
[2026.08.11-13.42.57:785][ 81]LogModuleManager: Shutting down and abandoning module LightPropagationVolumeEditor (460)
[2026.08.11-13.42.57:785][ 81]LogModuleManager: Shutting down and abandoning module DatasmithContentEditor (458)
[2026.08.11-13.42.57:787][ 81]LogModuleManager: Shutting down and abandoning module VisualStudioSourceCodeAccess (456)
[2026.08.11-13.42.57:788][ 81]LogModuleManager: Shutting down and abandoning module UObjectPlugin (454)
[2026.08.11-13.42.57:788][ 81]LogModuleManager: Shutting down and abandoning module VisualStudioCodeSourceCodeAccess (452)
[2026.08.11-13.42.57:788][ 81]LogModuleManager: Shutting down and abandoning module SubversionSourceControl (450)
[2026.08.11-13.42.57:791][ 81]LogModuleManager: Shutting down and abandoning module RiderSourceCodeAccess (448)
[2026.08.11-13.42.57:791][ 81]LogModuleManager: Shutting down and abandoning module PluginUtils (446)
[2026.08.11-13.42.57:792][ 81]LogModuleManager: Shutting down and abandoning module PlasticSourceControl (444)
[2026.08.11-13.42.57:796][ 81]LogModuleManager: Shutting down and abandoning module PerforceSourceControl (442)
[2026.08.11-13.42.57:800][ 81]LogModuleManager: Shutting down and abandoning module GitSourceControl (440)
[2026.08.11-13.42.57:803][ 81]LogModuleManager: Shutting down and abandoning module SourceControl (439)
[2026.08.11-13.42.57:804][ 81]LogModuleManager: Shutting down and abandoning module CLionSourceCodeAccess (436)
[2026.08.11-13.42.57:805][ 81]LogModuleManager: Shutting down and abandoning module AnimationSharingEd (434)
[2026.08.11-13.42.57:805][ 81]LogModuleManager: Shutting down and abandoning module LiveLinkSequencer (432)
[2026.08.11-13.42.57:805][ 81]LogModuleManager: Shutting down and abandoning module LiveLinkMovieScene (430)
[2026.08.11-13.42.57:805][ 81]LogModuleManager: Shutting down and abandoning module LiveLinkGraphNode (428)
[2026.08.11-13.42.57:805][ 81]LogModuleManager: Shutting down and abandoning module LiveLinkEditor (426)
[2026.08.11-13.42.57:807][ 81]LogModuleManager: Shutting down and abandoning module LiveLinkComponents (424)
[2026.08.11-13.42.57:808][ 81]LogModuleManager: Shutting down and abandoning module LiveLink (422)
[2026.08.11-13.42.58:518][ 81]LogModuleManager: Shutting down and abandoning module PaperTiledImporter (420)
[2026.08.11-13.42.58:519][ 81]LogModuleManager: Shutting down and abandoning module PaperSpriteSheetImporter (418)
[2026.08.11-13.42.58:519][ 81]LogModuleManager: Shutting down and abandoning module Paper2DEditor (416)
[2026.08.11-13.42.58:522][ 81]LogModuleManager: Shutting down and abandoning module MeshPaintingToolset (414)
[2026.08.11-13.42.58:522][ 81]LogModuleManager: Shutting down and abandoning module MeshPaintEditorMode (412)
[2026.08.11-13.42.58:523][ 81]LogModuleManager: Shutting down and abandoning module SoundFields (410)
[2026.08.11-13.42.58:523][ 81]LogModuleManager: Shutting down and abandoning module SignificanceManager (408)
[2026.08.11-13.42.58:523][ 81]LogModuleManager: Shutting down and abandoning module RuntimePhysXCooking (406)
[2026.08.11-13.42.58:523][ 81]LogModuleManager: Shutting down and abandoning module PropertyAccessEditor (404)
[2026.08.11-13.42.58:525][ 81]LogModuleManager: Shutting down and abandoning module PhysXVehiclesEditor (402)
[2026.08.11-13.42.58:525][ 81]LogModuleManager: Shutting down and abandoning module LocationServicesBPLibrary (398)
[2026.08.11-13.42.58:525][ 81]LogModuleManager: Shutting down and abandoning module AudioSynesthesia (396)
[2026.08.11-13.42.58:526][ 81]LogModuleManager: Shutting down and abandoning module AudioSynesthesiaCore (394)
[2026.08.11-13.42.58:526][ 81]LogModuleManager: Shutting down and abandoning module UdpMessaging (392)
[2026.08.11-13.42.58:627][ 81]LogModuleManager: Shutting down and abandoning module TcpMessaging (390)
[2026.08.11-13.42.58:729][ 81]LogModuleManager: Shutting down and abandoning module ActorSequence (388)
[2026.08.11-13.42.58:729][ 81]LogModuleManager: Shutting down and abandoning module ImgMediaEngine (386)
[2026.08.11-13.42.58:729][ 81]LogModuleManager: Shutting down and abandoning module MagicLeapARPin (384)
[2026.08.11-13.42.58:729][ 81]LogModuleManager: Shutting down and abandoning module MagicLeapHandMeshing (382)
[2026.08.11-13.42.58:729][ 81]LogModuleManager: Shutting down and abandoning module MagicLeapSecureStorage (380)
[2026.08.11-13.42.58:730][ 81]LogModuleManager: Shutting down and abandoning module MagicLeapPrivileges (378)
[2026.08.11-13.42.58:730][ 81]LogModuleManager: Shutting down and abandoning module MagicLeapPlanes (376)
[2026.08.11-13.42.58:730][ 81]LogMagicLeapPlanes: Planes tracker already destroyed.
[2026.08.11-13.42.58:730][ 81]LogModuleManager: Shutting down and abandoning module MagicLeapImageTracker (374)
[2026.08.11-13.42.58:731][ 81]LogModuleManager: Shutting down and abandoning module MagicLeapIdentity (372)
[2026.08.11-13.42.58:731][ 81]LogModuleManager: Shutting down and abandoning module MagicLeapHandTracking (370)
[2026.08.11-13.42.58:732][ 81]LogModuleManager: Shutting down and abandoning module MagicLeapEyeTracker (368)
[2026.08.11-13.42.58:732][ 81]LogModuleManager: Shutting down and abandoning module MagicLeapController (366)
[2026.08.11-13.42.58:733][ 81]LogModuleManager: Shutting down and abandoning module MagicLeapARPinImpl (364)
[2026.08.11-13.42.58:733][ 81]LogModuleManager: Shutting down and abandoning module MagicLeapAR (362)
[2026.08.11-13.42.58:733][ 81]LogModuleManager: Shutting down and abandoning module NiagaraAnimNotifies (360)
[2026.08.11-13.42.58:733][ 81]LogModuleManager: Shutting down and abandoning module Niagara (358)
[2026.08.11-13.42.58:737][ 81]LogModuleManager: Shutting down and abandoning module SignalProcessing (357)
[2026.08.11-13.42.58:738][ 81]LogModuleManager: Shutting down and abandoning module NiagaraEditor (355)
[2026.08.11-13.42.58:741][ 81]LogModuleManager: Shutting down and abandoning module NiagaraCore (352)
[2026.08.11-13.42.58:741][ 81]LogModuleManager: Shutting down and abandoning module GameplayTagsEditor (350)
[2026.08.11-13.42.58:742][ 81]LogModuleManager: Shutting down and abandoning module FacialAnimationEditor (348)
[2026.08.11-13.42.58:743][ 81]LogModuleManager: Shutting down and abandoning module FacialAnimation (346)
[2026.08.11-13.42.58:743][ 81]LogModuleManager: Shutting down and abandoning module DataValidation (344)
[2026.08.11-13.42.58:743][ 81]LogModuleManager: Shutting down and abandoning module PythonScriptPlugin (342)
[2026.08.11-13.42.58:743][ 81]LogModuleManager: Shutting down and abandoning module AssetManagerEditor (340)
[2026.08.11-13.42.58:744][ 81]LogModuleManager: Shutting down and abandoning module LevelEditor (339)
[2026.08.11-13.42.58:749][ 81]LogModuleManager: Shutting down and abandoning module PixelInspectorModule (338)
[2026.08.11-13.42.58:750][ 81]LogModuleManager: Shutting down and abandoning module CommonMenuExtensions (336)
[2026.08.11-13.42.58:752][ 81]LogModuleManager: Shutting down and abandoning module MainFrame (334)
[2026.08.11-13.42.58:753][ 81]LogModuleManager: Shutting down and abandoning module HotReload (333)
[2026.08.11-13.42.58:755][ 81]LogModuleManager: Shutting down and abandoning module ToolMenus (329)
[2026.08.11-13.42.58:755][ 81]LogModuleManager: Shutting down and abandoning module ContentBrowser (327)
[2026.08.11-13.42.58:755][ 81]LogModuleManager: Shutting down and abandoning module ContentBrowserData (326)
[2026.08.11-13.42.58:755][ 81]LogModuleManager: Shutting down and abandoning module TreeMap (323)
[2026.08.11-13.42.58:757][ 81]LogModuleManager: Shutting down and abandoning module EnvironmentQueryEditor (320)
[2026.08.11-13.42.58:758][ 81]LogModuleManager: Shutting down and abandoning module LightPropagationVolumeRuntime (318)
[2026.08.11-13.42.58:758][ 81]LogModuleManager: Shutting down and abandoning module PropertyAccessNode (316)
[2026.08.11-13.42.58:758][ 81]LogModuleManager: Shutting down and abandoning module AnimationSharing (314)
[2026.08.11-13.42.58:758][ 81]LogModuleManager: Shutting down and abandoning module GameplayCameras (312)
[2026.08.11-13.42.58:758][ 81]LogModuleManager: Shutting down and abandoning module Paper2D (310)
[2026.08.11-13.42.58:759][ 81]LogModuleManager: Shutting down and abandoning module WindowsMoviePlayer (308)
[2026.08.11-13.42.58:763][ 81]LogModuleManager: Shutting down and abandoning module WebMMoviePlayer (306)
[2026.08.11-13.42.58:764][ 81]LogModuleManager: Shutting down and abandoning module NetworkReplayStreaming (304)
[2026.08.11-13.42.58:764][ 81]LogModuleManager: Shutting down and abandoning module PacketHandler (302)
[2026.08.11-13.42.58:764][ 81]LogModuleManager: Shutting down and abandoning module ClothingSystemEditor (300)
[2026.08.11-13.42.58:764][ 81]LogModuleManager: Shutting down and abandoning module ClothingSystemRuntimeNv (298)
[2026.08.11-13.42.58:767][ 81]LogModuleManager: Shutting down and abandoning module MediaAssets (296)
[2026.08.11-13.42.58:768][ 81]LogModuleManager: Shutting down and abandoning module Overlay (294)
[2026.08.11-13.42.58:768][ 81]LogModuleManager: Shutting down and abandoning module OverlayEditor (293)
[2026.08.11-13.42.58:768][ 81]LogModuleManager: Shutting down and abandoning module VREditor (290)
[2026.08.11-13.42.58:769][ 81]LogModuleManager: Shutting down and abandoning module StringTableEditor (288)
[2026.08.11-13.42.58:769][ 81]LogModuleManager: Shutting down and abandoning module GameplayTasksEditor (286)
[2026.08.11-13.42.58:769][ 81]LogModuleManager: Shutting down and abandoning module BehaviorTreeEditor (284)
[2026.08.11-13.42.58:772][ 81]LogModuleManager: Shutting down and abandoning module FunctionalTesting (282)
[2026.08.11-13.42.58:772][ 81]LogModuleManager: Shutting down and abandoning module CollisionAnalyzer (280)
[2026.08.11-13.42.58:774][ 81]LogModuleManager: Shutting down and abandoning module WorkspaceMenuStructure (279)
[2026.08.11-13.42.58:777][ 81]LogModuleManager: Shutting down and abandoning module UMG (276)
[2026.08.11-13.42.58:778][ 81]LogModuleManager: Shutting down and abandoning module UMGEditor (275)
[2026.08.11-13.42.58:780][ 81]LogModuleManager: Shutting down and abandoning module MessageLog (273)
[2026.08.11-13.42.58:780][ 81]LogModuleManager: Shutting down and abandoning module SlateReflector (268)
[2026.08.11-13.42.58:786][ 81]LogModuleManager: Shutting down and abandoning module Slate (266)
[2026.08.11-13.42.58:786][ 81]LogModuleManager: Shutting down and abandoning module SlateCore (264)
[2026.08.11-13.42.58:789][ 81]LogModuleManager: Shutting down and abandoning module LandscapeEditorUtilities (262)
[2026.08.11-13.42.58:789][ 81]LogModuleManager: Shutting down and abandoning module UnrealEd (260)
[2026.08.11-13.42.58:789][ 81]LogModuleManager: Shutting down and abandoning module MRMesh (258)
[2026.08.11-13.42.58:789][ 81]LogModuleManager: Shutting down and abandoning module SourceCodeAccess (256)
[2026.08.11-13.42.58:789][ 81]LogModuleManager: Shutting down and abandoning module HeadMountedDisplay (254)
[2026.08.11-13.42.58:790][ 81]LogModuleManager: Shutting down and abandoning module XAudio2 (252)
[2026.08.11-13.42.58:790][ 81]LogModuleManager: Shutting down and abandoning module Networking (250)
[2026.08.11-13.42.58:790][ 81]LogModuleManager: Shutting down and abandoning module Core (248)
[2026.08.11-13.42.58:790][ 81]LogModuleManager: Shutting down and abandoning module MaterialEditor (246)
[2026.08.11-13.42.58:792][ 81]LogModuleManager: Shutting down and abandoning module MovieSceneTools (244)
[2026.08.11-13.42.58:795][ 81]LogModuleManager: Shutting down and abandoning module CurveEditor (243)
[2026.08.11-13.42.58:797][ 81]LogModuleManager: Shutting down and abandoning module Sequencer (241)
[2026.08.11-13.42.58:800][ 81]LogModuleManager: Shutting down and abandoning module EditorStyle (240)
[2026.08.11-13.42.58:809][ 81]LogModuleManager: Shutting down and abandoning module KismetCompiler (236)
[2026.08.11-13.42.58:809][ 81]LogModuleManager: Shutting down and abandoning module MeshBuilder (234)
[2026.08.11-13.42.58:810][ 81]LogModuleManager: Shutting down and abandoning module MeshUtilities (232)
[2026.08.11-13.42.58:811][ 81]LogModuleManager: Shutting down and abandoning module MeshMergeUtilities (231)
[2026.08.11-13.42.58:812][ 81]LogModuleManager: Shutting down and abandoning module MeshReductionInterface (230)
[2026.08.11-13.42.58:812][ 81]LogModuleManager: Shutting down and abandoning module MeshBoneReduction (229)
[2026.08.11-13.42.58:812][ 81]LogModuleManager: Shutting down and abandoning module SkeletalMeshReduction (227)
[2026.08.11-13.42.58:814][ 81]LogModuleManager: Shutting down and abandoning module ProxyLODMeshReduction (225)
[2026.08.11-13.42.58:819][ 81]LogModuleManager: Shutting down and abandoning module QuadricMeshReduction (223)
[2026.08.11-13.42.58:820][ 81]LogModuleManager: Shutting down and abandoning module MaterialBaking (219)
[2026.08.11-13.42.58:821][ 81]LogModuleManager: Shutting down and abandoning module NullInstallBundleManager (214)
[2026.08.11-13.42.58:821][ 81]LogModuleManager: Shutting down and abandoning module DerivedDataCache (212)
[2026.08.11-13.42.58:822][ 81]LogModuleManager: Shutting down and abandoning module TargetPlatform (210)
[2026.08.11-13.42.58:822][ 81]LogModuleManager: Shutting down and abandoning module VulkanShaderFormat (209)
[2026.08.11-13.42.58:826][ 81]LogModuleManager: Shutting down and abandoning module ShaderFormatVectorVM (207)
[2026.08.11-13.42.58:827][ 81]LogModuleManager: Shutting down and abandoning module ShaderFormatOpenGL (205)
[2026.08.11-13.42.58:827][ 81]LogModuleManager: Shutting down and abandoning module ShaderFormatD3D (203)
[2026.08.11-13.42.58:828][ 81]LogModuleManager: Shutting down and abandoning module MetalShaderFormat (201)
[2026.08.11-13.42.58:829][ 81]LogModuleManager: Shutting down and abandoning module TextureFormatOodle (199)
[2026.08.11-13.42.58:830][ 81]LogModuleManager: Shutting down and abandoning module TextureFormatUncompressed (197)
[2026.08.11-13.42.58:830][ 81]LogModuleManager: Shutting down and abandoning module TextureFormatPVR (195)
[2026.08.11-13.42.58:830][ 81]LogModuleManager: Shutting down and abandoning module TextureFormatETC2 (193)
[2026.08.11-13.42.58:831][ 81]LogModuleManager: Shutting down and abandoning module TextureFormatDXT (191)
[2026.08.11-13.42.58:831][ 81]LogModuleManager: Shutting down and abandoning module TextureFormatIntelISPCTexComp (189)
[2026.08.11-13.42.58:832][ 81]LogModuleManager: Shutting down and abandoning module TextureFormatASTC (187)
[2026.08.11-13.42.58:833][ 81]LogModuleManager: Shutting down and abandoning module ImageWrapper (186)
[2026.08.11-13.42.58:833][ 81]LogModuleManager: Shutting down and abandoning module AudioFormatOpus (183)
[2026.08.11-13.42.58:834][ 81]LogModuleManager: Shutting down and abandoning module AudioFormatOgg (181)
[2026.08.11-13.42.58:834][ 81]LogModuleManager: Shutting down and abandoning module AudioFormatADPCM (179)
[2026.08.11-13.42.58:834][ 81]LogModuleManager: Shutting down and abandoning module WindowsServerTargetPlatform (177)
[2026.08.11-13.42.58:834][ 81]LogModuleManager: Shutting down and abandoning module WindowsClientTargetPlatform (175)
[2026.08.11-13.42.58:835][ 81]LogModuleManager: Shutting down and abandoning module WindowsTargetPlatform (173)
[2026.08.11-13.42.58:835][ 81]LogModuleManager: Shutting down and abandoning module WindowsNoEditorTargetPlatform (171)
[2026.08.11-13.42.58:835][ 81]LogModuleManager: Shutting down and abandoning module TVOSTargetPlatform (169)
[2026.08.11-13.42.58:837][ 81]LogModuleManager: Shutting down and abandoning module MacServerTargetPlatform (167)
[2026.08.11-13.42.58:837][ 81]LogModuleManager: Shutting down and abandoning module MacClientTargetPlatform (165)
[2026.08.11-13.42.58:837][ 81]LogModuleManager: Shutting down and abandoning module MacTargetPlatform (163)
[2026.08.11-13.42.58:837][ 81]LogModuleManager: Shutting down and abandoning module MacNoEditorTargetPlatform (161)
[2026.08.11-13.42.58:837][ 81]LogModuleManager: Shutting down and abandoning module LuminTargetPlatform (159)
[2026.08.11-13.42.58:839][ 81]LogModuleManager: Shutting down and abandoning module LinuxAArch64ServerTargetPlatform (157)
[2026.08.11-13.42.58:840][ 81]LogModuleManager: Shutting down and abandoning module LinuxAArch64ClientTargetPlatform (155)
[2026.08.11-13.42.58:840][ 81]LogModuleManager: Shutting down and abandoning module LinuxAArch64NoEditorTargetPlatform (153)
[2026.08.11-13.42.58:840][ 81]LogModuleManager: Shutting down and abandoning module LinuxServerTargetPlatform (151)
[2026.08.11-13.42.58:841][ 81]LogModuleManager: Shutting down and abandoning module LinuxClientTargetPlatform (149)
[2026.08.11-13.42.58:841][ 81]LogModuleManager: Shutting down and abandoning module LinuxNoEditorTargetPlatform (147)
[2026.08.11-13.42.58:842][ 81]LogModuleManager: Shutting down and abandoning module LinuxTargetPlatform (145)
[2026.08.11-13.42.58:842][ 81]LogModuleManager: Shutting down and abandoning module Messaging (143)
[2026.08.11-13.42.58:842][ 81]LogModuleManager: Shutting down and abandoning module IOSTargetPlatform (141)
[2026.08.11-13.42.58:843][ 81]LogModuleManager: Shutting down and abandoning module AndroidTargetPlatform (139)
[2026.08.11-13.42.58:846][ 81]LogModuleManager: Shutting down and abandoning module AllDesktopTargetPlatform (137)
[2026.08.11-13.42.58:846][ 81]LogModuleManager: Shutting down and abandoning module D3D11RHI (134)
[2026.08.11-13.42.58:846][ 81]LogModuleManager: Shutting down and abandoning module InputCore (132)
[2026.08.11-13.42.58:846][ 81]LogModuleManager: Shutting down and abandoning module Settings (130)
[2026.08.11-13.42.58:846][ 81]LogModuleManager: Shutting down and abandoning module DirectoryWatcher (128)
[2026.08.11-13.42.58:847][ 81]LogModuleManager: Shutting down and abandoning module PhysXCooking (126)
[2026.08.11-13.42.58:847][ 81]LogModuleManager: Shutting down and abandoning module Chaos (124)
[2026.08.11-13.42.58:848][ 81]LogModuleManager: Shutting down and abandoning module WindowsPlatformFeatures (122)
[2026.08.11-13.42.58:848][ 81]LogModuleManager: Shutting down and abandoning module GameplayMediaEncoder (121)
[2026.08.11-13.42.58:849][ 81]LogModuleManager: Shutting down and abandoning module AVEncoder (120)
[2026.08.11-13.42.58:850][ 81]LogModuleManager: Shutting down and abandoning module SteamVRInputDevice (116)
[2026.08.11-13.42.58:851][ 81]LogModuleManager: Shutting down and abandoning module SteamVRInput (114)
[2026.08.11-13.42.58:851][ 81]LogModuleManager: Shutting down and abandoning module SteamVR (112)
[2026.08.11-13.42.58:852][ 81]LogHMD: Freeing OpenVRDLLHandle.
[2026.08.11-13.42.58:852][ 81]LogModuleManager: Shutting down and abandoning module OculusHMD (110)
[2026.08.11-13.42.58:852][ 81]LogModuleManager: Shutting down and abandoning module OpenXRHandTracking (108)
[2026.08.11-13.42.58:853][ 81]LogSlate: Slate User Destroyed.  User Index 0, Is Virtual User: 0
[2026.08.11-13.42.58:853][ 81]LogModuleManager: Shutting down and abandoning module OpenXREyeTracker (106)
[2026.08.11-13.42.58:853][ 81]LogModuleManager: Shutting down and abandoning module OpenXRAR (104)
[2026.08.11-13.42.58:854][ 81]LogModuleManager: Shutting down and abandoning module AugmentedReality (103)
[2026.08.11-13.42.58:854][ 81]LogModuleManager: Shutting down and abandoning module OpenXRHMD (100)
[2026.08.11-13.42.58:861][ 81]LogModuleManager: Shutting down and abandoning module ExampleDeviceProfileSelector (98)
[2026.08.11-13.42.58:861][ 81]LogModuleManager: Shutting down and abandoning module ChunkDownloader (96)
[2026.08.11-13.42.58:862][ 81]LogModuleManager: Shutting down and abandoning module LauncherChunkInstaller (94)
[2026.08.11-13.42.58:862][ 81]LogModuleManager: Shutting down and abandoning module OnlineBlueprintSupport (92)
[2026.08.11-13.42.58:862][ 81]LogModuleManager: Shutting down and abandoning module OnlineSubsystem (88)
[2026.08.11-13.42.58:867][ 81]LogModuleManager: Shutting down and abandoning module XMPP (83)
[2026.08.11-13.42.58:869][ 81]LogModuleManager: Shutting down and abandoning module WebSockets (82)
[2026.08.11-13.42.58:880][ 81]LogModuleManager: Shutting down and abandoning module HTTP (79)
[2026.08.11-13.42.58:880][ 81]LogHttp: Display: Http module shutting down, but needs to wait on 1 outstanding Http requests:
[2026.08.11-13.42.58:880][ 81]LogHttp: Display: 	verb=[POST] url=[https://datarouter.ol.epicgames.com/datarouter/api/v1/public/data?SessionID=%7B2155E22C-473E-A722-9727-EAAF9D8A5940%7D&AppID=UEEditor.Rocket.Release&AppVersion=4.27.2-18319896%2B%2B%2BUE4%2BRelease-4.27&UserID=8ca12e264e44b96ec6924e87a0a2bf13%7Cd27d390211d54d179f050b53e1b26e3e%7Cc658aba6-0670-49f0-8266-c8ab0d1e5e9d&AppEnvironment=datacollector-binary&UploadType=eteventstream] refs=[1] status=Processing
[2026.08.11-13.42.58:880][ 81]LogHttp: Display: cleaning up 1 outstanding Http requests.
[2026.08.11-13.42.58:907][ 81]LogModuleManager: Shutting down and abandoning module SSL (78)
[2026.08.11-13.42.58:916][ 81]LogModuleManager: Shutting down and abandoning module WmfMedia (74)
[2026.08.11-13.42.58:921][ 81]LogModuleManager: Shutting down and abandoning module Media (73)
[2026.08.11-13.42.58:922][ 81]LogModuleManager: Shutting down and abandoning module MediaInfo (72)
[2026.08.11-13.42.58:922][ 81]LogModuleManager: Shutting down and abandoning module ExrReaderGpu (68)
[2026.08.11-13.42.58:922][ 81]LogModuleManager: Shutting down and abandoning module MLSDK (66)
[2026.08.11-13.42.58:923][ 81]LogModuleManager: Shutting down and abandoning module MagicLeap (64)
[2026.08.11-13.42.58:923][ 81]LogModuleManager: Shutting down and abandoning module NiagaraVertexFactories (62)
[2026.08.11-13.42.58:923][ 81]LogModuleManager: Shutting down and abandoning module NiagaraShader (60)
[2026.08.11-13.42.58:923][ 81]LogModuleManager: Shutting down and abandoning module ChaosCloth (58)
[2026.08.11-13.42.58:924][ 81]LogModuleManager: Shutting down and abandoning module AISupportModule (56)
[2026.08.11-13.42.58:924][ 81]LogModuleManager: Shutting down and abandoning module VariantManagerContent (54)
[2026.08.11-13.42.58:924][ 81]LogModuleManager: Shutting down and abandoning module DatasmithContent (52)
[2026.08.11-13.42.58:925][ 81]LogModuleManager: Shutting down and abandoning module PixWinPlugin (50)
[2026.08.11-13.42.58:926][ 81]LogModuleManager: Shutting down and abandoning module DesktopPlatform (48)
[2026.08.11-13.42.58:927][ 81]LogModuleManager: Shutting down and abandoning module PythonScriptPluginPreload (46)
[2026.08.11-13.42.58:929][ 81]LogModuleManager: Shutting down and abandoning module PlatformCryptoOpenSSL (44)
[2026.08.11-13.42.58:929][ 81]LogModuleManager: Shutting down and abandoning module PlatformCryptoTypes (42)
[2026.08.11-13.42.58:929][ 81]LogModuleManager: Shutting down and abandoning module PlatformCrypto (40)
[2026.08.11-13.42.58:929][ 81]LogModuleManager: Shutting down and abandoning module OodleDataCompressionFormat (38)
[2026.08.11-13.42.58:930][ 81]LogModuleManager: Shutting down and abandoning module XGEController (36)
[2026.08.11-13.42.58:931][ 81]LogXGEController: Cleaning working directory: C:/Users/Administrator/AppData/Local/Temp/UnrealXGEWorkingDir/
[2026.08.11-13.42.58:932][ 81]LogModuleManager: Shutting down and abandoning module AnimationModifiers (34)
[2026.08.11-13.42.58:932][ 81]LogModuleManager: Shutting down and abandoning module AudioEditor (32)
[2026.08.11-13.42.58:936][ 81]LogModuleManager: Shutting down and abandoning module PropertyEditor (31)
[2026.08.11-13.42.58:941][ 81]LogModuleManager: Shutting down and abandoning module TextureCompressor (28)
[2026.08.11-13.42.58:943][ 81]LogModuleManager: Shutting down and abandoning module RenderCore (26)
[2026.08.11-13.42.58:943][ 81]LogModuleManager: Shutting down and abandoning module Landscape (24)
[2026.08.11-13.42.58:943][ 81]LogModuleManager: Shutting down and abandoning module SlateRHIRenderer (22)
[2026.08.11-13.42.58:946][ 81]LogModuleManager: Shutting down and abandoning module AnimGraphRuntime (20)
[2026.08.11-13.42.58:946][ 81]LogModuleManager: Shutting down and abandoning module Renderer (18)
[2026.08.11-13.42.58:948][ 81]LogModuleManager: Shutting down and abandoning module Engine (16)
[2026.08.11-13.42.58:948][ 81]LogModuleManager: Shutting down and abandoning module CoreUObject (14)
[2026.08.11-13.42.58:948][ 81]LogModuleManager: Shutting down and abandoning module NetworkFile (12)
[2026.08.11-13.42.58:948][ 81]LogModuleManager: Shutting down and abandoning module CookedIterativeFile (10)
[2026.08.11-13.42.58:948][ 81]LogModuleManager: Shutting down and abandoning module StreamingFile (8)
[2026.08.11-13.42.58:949][ 81]LogModuleManager: Shutting down and abandoning module SandboxFile (6)
[2026.08.11-13.42.58:949][ 81]LogModuleManager: Shutting down and abandoning module PakFile (4)
[2026.08.11-13.42.58:951][ 81]LogModuleManager: Shutting down and abandoning module RSA (3)
[2026.08.11-13.42.58:951][ 81]LogContentStreaming: Display: There are 1 unreleased StreamingManagers
[2026.08.11-13.42.58:969][ 81]LogD3D11RHI: Shutdown
[2026.08.11-13.42.58:969][ 81]LogD3D11RHI: CleanupD3DDevice
[2026.08.11-13.42.59:010][ 81]LogExit: Exiting.
[2026.08.11-13.42.59:014][ 81]Log file closed, 08/11/26 21:42:59
