Log file open, 08/11/26 08:24:45
LogWindows: Failed to load 'aqProf.dll' (GetLastError=126)
LogWindows: File 'aqProf.dll' does not exist
LogWindows: Failed to load 'VtuneApi.dll' (GetLastError=126)
LogWindows: File 'VtuneApi.dll' does not exist
LogWindows: Failed to load 'VtuneApi32e.dll' (GetLastError=126)
LogWindows: File 'VtuneApi32e.dll' does not exist
LogConsoleResponse: Display: Failed to find resolution value strings in scalability ini. Falling back to default.
LogConsoleResponse: Display: Failed to find resolution value strings in scalability ini. Falling back to default.
LogInit: Display: Running engine for game: Bar
LogPlatformFile: Not using cached read wrapper
LogTaskGraph: Started task graph with 5 named threads and 23 total threads with 3 sets of task threads.
LogStats: Stats thread started at 1.194208
LogICUInternationalization: ICU TimeZone Detection - Raw Offset: +8:00, Platform Override: ''
LogInit: Display: Loading text-based GConfig....
LogPluginManager: Mounting plugin MeshPainting
LogPluginManager: Mounting plugin XGEController
LogPluginManager: Mounting plugin OodleData
LogPluginManager: Mounting plugin LightPropagationVolume
LogPluginManager: Mounting plugin AISupport
LogPluginManager: Mounting plugin LiveLink
LogPluginManager: Mounting plugin Paper2D
LogPluginManager: Mounting plugin EnvironmentQueryEditor
LogPluginManager: Mounting plugin AnimationSharing
LogPluginManager: Mounting plugin OodleNetwork
LogPluginManager: Mounting plugin CodeLiteSourceCodeAccess
LogPluginManager: Mounting plugin CLionSourceCodeAccess
LogPluginManager: Mounting plugin GitSourceControl
LogPluginManager: Mounting plugin KDevelopSourceCodeAccess
LogPluginManager: Mounting plugin NullSourceCodeAccess
LogPluginManager: Mounting plugin PixWinPlugin
LogPluginManager: Mounting plugin PerforceSourceControl
LogPluginManager: Mounting plugin PlasticSourceControl
LogPluginManager: Mounting plugin PluginUtils
LogPluginManager: Mounting plugin PropertyAccessNode
LogPluginManager: Mounting plugin RiderSourceCodeAccess
LogPluginManager: Mounting plugin SubversionSourceControl
LogPluginManager: Mounting plugin TextureFormatOodle
LogPluginManager: Mounting plugin UObjectPlugin
LogPluginManager: Mounting plugin AssetManagerEditor
LogPluginManager: Mounting plugin VisualStudioCodeSourceCodeAccess
LogPluginManager: Mounting plugin VisualStudioSourceCodeAccess
LogPluginManager: Mounting plugin XCodeSourceCodeAccess
LogPluginManager: Mounting plugin CryptoKeys
LogPluginManager: Mounting plugin Niagara
LogPluginManager: Mounting plugin CurveEditorTools
LogPluginManager: Mounting plugin DataValidation
LogPluginManager: Mounting plugin FacialAnimation
LogPluginManager: Mounting plugin GameplayTagsEditor
LogPluginManager: Mounting plugin GeometryMode
LogPluginManager: Mounting plugin MacGraphicsSwitching
LogPluginManager: Mounting plugin MaterialAnalyzer
LogPluginManager: Mounting plugin SpeedTreeImporter
LogPluginManager: Mounting plugin MobileLauncherProfileWizard
LogPluginManager: Mounting plugin PluginBrowser
LogPluginManager: Mounting plugin DatasmithContent
LogPluginManager: Mounting plugin VariantManagerContent
LogPluginManager: Mounting plugin LuminPlatformFeatures
LogPluginManager: Mounting plugin MagicLeap
LogPluginManager: Mounting plugin MagicLeapMedia
LogPluginManager: Mounting plugin MagicLeapLightEstimation
LogPluginManager: Mounting plugin MagicLeapPassableWorld
LogPluginManager: Mounting plugin MLSDK
LogPluginManager: Mounting plugin AndroidMedia
LogPluginManager: Mounting plugin AvfMedia
LogPluginManager: Mounting plugin MediaCompositing
LogPluginManager: Mounting plugin ImgMedia
LogPluginManager: Mounting plugin MediaPlayerEditor
LogPluginManager: Mounting plugin WebMMedia
LogPluginManager: Mounting plugin WmfMedia
LogPluginManager: Mounting plugin TcpMessaging
LogPluginManager: Mounting plugin AlembicImporter
LogPluginManager: Mounting plugin UdpMessaging
LogPluginManager: Mounting plugin AutomationUtils
LogPluginManager: Mounting plugin BackChannel
LogPluginManager: Mounting plugin ChaosCloth
LogPluginManager: Mounting plugin ChaosEditor
LogPluginManager: Mounting plugin ChaosClothEditor
LogPluginManager: Mounting plugin CharacterAI
LogPluginManager: Mounting plugin ChaosNiagara
LogPluginManager: Mounting plugin ChaosSolverPlugin
LogPluginManager: Mounting plugin GeometryCache
LogPluginManager: Mounting plugin GeometryCollectionPlugin
LogPluginManager: Mounting plugin GeometryProcessing
LogPluginManager: Mounting plugin OpenImageDenoise
LogPluginManager: Mounting plugin MotoSynth
LogPluginManager: Mounting plugin PlanarCut
LogPluginManager: Mounting plugin PlatformCrypto
LogPluginManager: Mounting plugin ProxyLODPlugin
LogPluginManager: Mounting plugin PythonScriptPlugin
LogPluginManager: Mounting plugin SkeletalReduction
LogPluginManager: Mounting plugin LauncherChunkInstaller
LogPluginManager: Mounting plugin ActorSequence
LogPluginManager: Mounting plugin MatineeToLevelSequence
LogPluginManager: Mounting plugin LevelSequenceEditor
LogPluginManager: Mounting plugin OnlineSubsystem
LogPluginManager: Mounting plugin TemplateSequence
LogPluginManager: Mounting plugin OnlineSubsystemNull
LogPluginManager: Mounting plugin OnlineSubsystemUtils
LogPluginManager: Mounting plugin ActorLayerUtilities
LogPluginManager: Mounting plugin AndroidMoviePlayer
LogPluginManager: Mounting plugin AndroidPermission
LogPluginManager: Mounting plugin AndroidDeviceProfileSelector
LogPluginManager: Mounting plugin AppleImageUtils
LogPluginManager: Mounting plugin AppleMoviePlayer
LogPluginManager: Mounting plugin ArchVisCharacter
LogPluginManager: Mounting plugin AssetTags
LogPluginManager: Mounting plugin AudioCapture
LogPluginManager: Mounting plugin CableComponent
LogPluginManager: Mounting plugin AudioSynesthesia
LogPluginManager: Mounting plugin ChunkDownloader
LogPluginManager: Mounting plugin EditableMesh
LogPluginManager: Mounting plugin CustomMeshComponent
LogPluginManager: Mounting plugin ExampleDeviceProfileSelector
LogPluginManager: Mounting plugin GoogleCloudMessaging
LogPluginManager: Mounting plugin GooglePAD
LogPluginManager: Mounting plugin ScreenshotTools
LogPluginManager: Mounting plugin Takes
LogPluginManager: Mounting plugin IOSDeviceProfileSelector
LogPluginManager: Mounting plugin LinuxDeviceProfileSelector
LogPluginManager: Mounting plugin LocationServicesBPLibrary
LogPluginManager: Mounting plugin MobilePatchingUtils
LogPluginManager: Mounting plugin OpenXR
LogPluginManager: Mounting plugin OpenXREyeTracker
LogPluginManager: Mounting plugin OpenXRHandTracking
LogPluginManager: Mounting plugin PropertyAccessEditor
LogPluginManager: Mounting plugin PhysXVehicles
LogPluginManager: Mounting plugin ProceduralMeshComponent
LogPluginManager: Mounting plugin PostSplashScreen
LogPluginManager: Mounting plugin SoundFields
LogPluginManager: Mounting plugin RuntimePhysXCooking
LogPluginManager: Mounting plugin SignificanceManager
LogPluginManager: Mounting plugin Synthesis
LogPluginManager: Mounting plugin WebMMoviePlayer
LogPluginManager: Mounting plugin WindowsMoviePlayer
LogPluginManager: Mounting plugin CameraShakePreviewer
LogPluginManager: Mounting plugin GameplayCameras
LogPluginManager: Mounting plugin ContentBrowserAssetDataSource
LogPluginManager: Mounting plugin ContentBrowserClassDataSource
LogPluginManager: Mounting plugin ContentBrowserFileDataSource
LogPluginManager: Mounting plugin OnlineSubsystemGooglePlay
LogPluginManager: Mounting plugin OnlineSubsystemIOS
LogPluginManager: Mounting plugin OculusVR
LogPluginManager: Mounting plugin SteamVR
PixWinPlugin: PIX capture plugin failed to initialize! Check that the process is launched from PIX.
LogLuminAPIImpl: Warning: MLSDK not found.  This likely means the MLSDK environment variable is not set.
LogInit: Using libcurl 7.55.1-DEV
LogInit:  - built for x86_64-pc-win32
LogInit:  - supports SSL with OpenSSL/1.1.1
LogInit:  - supports HTTP deflate (compression) using libz 1.2.8
LogInit:  - other features:
LogInit:      CURL_VERSION_SSL
LogInit:      CURL_VERSION_LIBZ
LogInit:      CURL_VERSION_IPV6
LogInit:      CURL_VERSION_ASYNCHDNS
LogInit:      CURL_VERSION_LARGEFILE
LogInit:      CURL_VERSION_IDN
LogInit:  CurlRequestOptions (configurable via config and command line):
LogInit:  - bVerifyPeer = true  - Libcurl will verify peer certificate
LogInit:  - bUseHttpProxy = false  - Libcurl will NOT use HTTP proxy
LogInit:  - bDontReuseConnections = false  - Libcurl will reuse connections
LogInit:  - MaxHostConnections = 16  - Libcurl will limit the number of connections to a host
LogInit:  - LocalHostAddr = Default
LogInit:  - BufferSize = 65536
LogOnline: OSS: Creating online subsystem instance for: NULL
LogInit: WinSock: version 1.1 (2.2), MaxSocks=32767, MaxUdp=65467
LogOnline: OSS: TryLoadSubsystemAndSetDefault: Loaded subsystem for module [NULL]
LogOculusPluginWrapper: OculusPlugin initialized successfully
LogHMD: Failed initializing OVRPlugin 1.59.0
LogInit: Build: ++UE4+Release-4.27-CL-18319896
LogInit: Engine Version: 4.27.2-18319896+++UE4+Release-4.27
LogInit: Compatible Engine Version: 4.27.0-17155196+++UE4+Release-4.27
LogInit: Net CL: 17155196
LogInit: OS: Windows 10 (Release 2009) (), CPU: Intel(R) Xeon(R) CPU E3-1231 v3 @ 3.40GHz, GPU: NVIDIA GeForce GTX 1660
LogInit: Compiled (64-bit): Nov 30 2021 07:12:08
LogInit: Compiled with Visual C++: 19.24.28315.00
LogInit: Build Configuration: Development
LogInit: Branch Name: ++UE4+Release-4.27
LogInit: Command Line: 
LogInit: Base Directory: C:/Program Files/Epic Games/UE_4.27/Engine/Binaries/Win64/
LogInit: Allocator: TBB
LogInit: Installed Engine Build: 1
LogDevObjectVersion: Number of dev versions registered: 29
LogDevObjectVersion:   Dev-Blueprints (B0D832E4-1F89-4F0D-ACCF-7EB736FD4AA2): 10
LogDevObjectVersion:   Dev-Build (E1C64328-A22C-4D53-A36C-8E866417BD8C): 0
LogDevObjectVersion:   Dev-Core (375EC13C-06E4-48FB-B500-84F0262A717E): 4
LogDevObjectVersion:   Dev-Editor (E4B068ED-F494-42E9-A231-DA0B2E46BB41): 40
LogDevObjectVersion:   Dev-Framework (CFFC743F-43B0-4480-9391-14DF171D2073): 37
LogDevObjectVersion:   Dev-Mobile (B02B49B5-BB20-44E9-A304-32B752E40360): 3
LogDevObjectVersion:   Dev-Networking (A4E4105C-59A1-49B5-A7C5-40C4547EDFEE): 0
LogDevObjectVersion:   Dev-Online (39C831C9-5AE6-47DC-9A44-9C173E1C8E7C): 0
LogDevObjectVersion:   Dev-Physics (78F01B33-EBEA-4F98-B9B4-84EACCB95AA2): 14
LogDevObjectVersion:   Dev-Platform (6631380F-2D4D-43E0-8009-CF276956A95A): 0
LogDevObjectVersion:   Dev-Rendering (12F88B9F-8875-4AFC-A67C-D90C383ABD29): 45
LogDevObjectVersion:   Dev-Sequencer (7B5AE74C-D270-4C10-A958-57980B212A5A): 13
LogDevObjectVersion:   Dev-VR (D7296918-1DD6-4BDD-9DE2-64A83CC13884): 3
LogDevObjectVersion:   Dev-LoadTimes (C2A15278-BFE7-4AFE-6C17-90FF531DF755): 1
LogDevObjectVersion:   Private-Geometry (6EACA3D4-40EC-4CC1-B786-8BED09428FC5): 3
LogDevObjectVersion:   Dev-AnimPhys (29E575DD-E0A3-4627-9D10-D276232CDCEA): 17
LogDevObjectVersion:   Dev-Anim (AF43A65D-7FD3-4947-9873-3E8ED9C1BB05): 15
LogDevObjectVersion:   Dev-ReflectionCapture (6B266CEC-1EC7-4B8F-A30B-E4D90942FC07): 1
LogDevObjectVersion:   Dev-Automation (0DF73D61-A23F-47EA-B727-89E90C41499A): 1
LogDevObjectVersion:   FortniteMain (601D1886-AC64-4F84-AA16-D3DE0DEAC7D6): 47
LogDevObjectVersion:   FortniteRelease (E7086368-6B23-4C58-8439-1B7016265E91): 1
LogDevObjectVersion:   Dev-Enterprise (9DFFBCD6-494F-0158-E221-12823C92A888): 10
LogDevObjectVersion:   Dev-Niagara (F2AED0AC-9AFE-416F-8664-AA7FFA26D6FC): 1
LogDevObjectVersion:   Dev-Destruction (174F1F0B-B4C6-45A5-B13F-2EE8D0FB917D): 10
LogDevObjectVersion:   Dev-Physics-Ext (35F94A83-E258-406C-A318-09F59610247C): 41
LogDevObjectVersion:   Dev-PhysicsMaterial-Chaos (B68FC16E-8B1B-42E2-B453-215C058844FE): 1
LogDevObjectVersion:   Dev-CineCamera (B2E18506-4273-CFC2-A54E-F4BB758BBA07): 1
LogDevObjectVersion:   Dev-VirtualProduction (64F58936-FD1B-42BA-BA96-7289D5D0FA4E): 1
LogDevObjectVersion:   Dev-MediaFramework (6F0ED827-A609-4895-9C91-998D90180EA4): 2
LogInit: Presizing for max 25165824 objects, including 0 objects not considered by GC, pre-allocating 0 bytes for permanent pool.
LogConfig: Applying CVar settings from Section [/Script/Engine.StreamingSettings] File [C:/Users/Administrator/Downloads/Bar-z1/Bar/Saved/Config/Windows/Engine.ini]
LogConfig: Setting CVar [[s.MinBulkDataSizeForAsyncLoading:131072]]
LogConfig: Setting CVar [[s.AsyncLoadingThreadEnabled:0]]
LogConfig: Setting CVar [[s.EventDrivenLoaderEnabled:1]]
LogConfig: Setting CVar [[s.WarnIfTimeLimitExceeded:0]]
LogConfig: Setting CVar [[s.TimeLimitExceededMultiplier:1.5]]
LogConfig: Setting CVar [[s.TimeLimitExceededMinTime:0.005]]
LogConfig: Setting CVar [[s.UseBackgroundLevelStreaming:1]]
LogConfig: Setting CVar [[s.PriorityAsyncLoadingExtraTime:15.0]]
LogConfig: Setting CVar [[s.LevelStreamingActorsUpdateTimeLimit:5.0]]
LogConfig: Setting CVar [[s.PriorityLevelStreamingActorsUpdateExtraTime:5.0]]
LogConfig: Setting CVar [[s.LevelStreamingComponentsRegistrationGranularity:10]]
LogConfig: Setting CVar [[s.UnregisterComponentsTimeLimit:1.0]]
LogConfig: Setting CVar [[s.LevelStreamingComponentsUnregistrationGranularity:5]]
LogConfig: Setting CVar [[s.FlushStreamingOnExit:1]]
LogInit: Object subsystem initialized
LogConfig: Setting CVar [[con.DebugEarlyDefault:1]]
LogConfig: Setting CVar [[r.setres:1280x720]]
[2026.08.11-00.24.46:875][  0]LogConfig: Setting CVar [[r.VSync:0]]
[2026.08.11-00.24.46:875][  0]LogConfig: Setting CVar [[r.RHICmdBypass:0]]
[2026.08.11-00.24.46:876][  0]LogConfig: Applying CVar settings from Section [/Script/Engine.RendererSettings] File [C:/Users/Administrator/Downloads/Bar-z1/Bar/Saved/Config/Windows/Engine.ini]
[2026.08.11-00.24.46:876][  0]LogConfig: Setting CVar [[r.GPUCrashDebugging:0]]
[2026.08.11-00.24.46:876][  0]LogConfig: Setting CVar [[r.AllowGlobalClipPlane:1]]
[2026.08.11-00.24.46:876][  0]LogConfig: Applying CVar settings from Section [/Script/Engine.RendererOverrideSettings] File [C:/Users/Administrator/Downloads/Bar-z1/Bar/Saved/Config/Windows/Engine.ini]
[2026.08.11-00.24.46:876][  0]LogConfig: Applying CVar settings from Section [/Script/Engine.StreamingSettings] File [C:/Users/Administrator/Downloads/Bar-z1/Bar/Saved/Config/Windows/Engine.ini]
[2026.08.11-00.24.46:876][  0]LogConfig: Setting CVar [[s.MinBulkDataSizeForAsyncLoading:131072]]
[2026.08.11-00.24.46:876][  0]LogConfig: Setting CVar [[s.AsyncLoadingThreadEnabled:0]]
[2026.08.11-00.24.46:876][  0]LogConfig: Setting CVar [[s.EventDrivenLoaderEnabled:1]]
[2026.08.11-00.24.46:876][  0]LogConfig: Setting CVar [[s.WarnIfTimeLimitExceeded:0]]
[2026.08.11-00.24.46:876][  0]LogConfig: Setting CVar [[s.TimeLimitExceededMultiplier:1.5]]
[2026.08.11-00.24.46:876][  0]LogConfig: Setting CVar [[s.TimeLimitExceededMinTime:0.005]]
[2026.08.11-00.24.46:876][  0]LogConfig: Setting CVar [[s.UseBackgroundLevelStreaming:1]]
[2026.08.11-00.24.46:876][  0]LogConfig: Setting CVar [[s.PriorityAsyncLoadingExtraTime:15.0]]
[2026.08.11-00.24.46:876][  0]LogConfig: Setting CVar [[s.LevelStreamingActorsUpdateTimeLimit:5.0]]
[2026.08.11-00.24.46:876][  0]LogConfig: Setting CVar [[s.PriorityLevelStreamingActorsUpdateExtraTime:5.0]]
[2026.08.11-00.24.46:876][  0]LogConfig: Setting CVar [[s.LevelStreamingComponentsRegistrationGranularity:10]]
[2026.08.11-00.24.46:876][  0]LogConfig: Setting CVar [[s.UnregisterComponentsTimeLimit:1.0]]
[2026.08.11-00.24.46:876][  0]LogConfig: Setting CVar [[s.LevelStreamingComponentsUnregistrationGranularity:5]]
[2026.08.11-00.24.46:876][  0]LogConfig: Setting CVar [[s.FlushStreamingOnExit:1]]
[2026.08.11-00.24.46:876][  0]LogConfig: Applying CVar settings from Section [/Script/Engine.GarbageCollectionSettings] File [C:/Users/Administrator/Downloads/Bar-z1/Bar/Saved/Config/Windows/Engine.ini]
[2026.08.11-00.24.46:876][  0]LogConfig: Setting CVar [[gc.MaxObjectsNotConsideredByGC:1]]
[2026.08.11-00.24.46:876][  0]LogConfig: Setting CVar [[gc.SizeOfPermanentObjectPool:0]]
[2026.08.11-00.24.46:876][  0]LogConfig: Setting CVar [[gc.FlushStreamingOnGC:0]]
[2026.08.11-00.24.46:877][  0]LogConfig: Setting CVar [[gc.NumRetriesBeforeForcingGC:10]]
[2026.08.11-00.24.46:877][  0]LogConfig: Setting CVar [[gc.AllowParallelGC:1]]
[2026.08.11-00.24.46:877][  0]LogConfig: Setting CVar [[gc.TimeBetweenPurgingPendingKillObjects:61.1]]
[2026.08.11-00.24.46:877][  0]LogConfig: Setting CVar [[gc.MaxObjectsInEditor:25165824]]
[2026.08.11-00.24.46:877][  0]LogConfig: Setting CVar [[gc.IncrementalBeginDestroyEnabled:1]]
[2026.08.11-00.24.46:877][  0]LogConfig: Setting CVar [[gc.CreateGCClusters:1]]
[2026.08.11-00.24.46:877][  0]LogConfig: Setting CVar [[gc.MinGCClusterSize:5]]
[2026.08.11-00.24.46:877][  0]LogConfig: Setting CVar [[gc.ActorClusteringEnabled:0]]
[2026.08.11-00.24.46:877][  0]LogConfig: Setting CVar [[gc.BlueprintClusteringEnabled:0]]
[2026.08.11-00.24.46:877][  0]LogConfig: Setting CVar [[gc.UseDisregardForGCOnDedicatedServers:0]]
[2026.08.11-00.24.46:877][  0]LogConfig: Setting CVar [[gc.MultithreadedDestructionEnabled:1]]
[2026.08.11-00.24.46:877][  0]LogConfig: Applying CVar settings from Section [/Script/Engine.NetworkSettings] File [C:/Users/Administrator/Downloads/Bar-z1/Bar/Saved/Config/Windows/Engine.ini]
[2026.08.11-00.24.46:877][  0]LogConfig: Applying CVar settings from Section [/Script/UnrealEd.CookerSettings] File [C:/Users/Administrator/Downloads/Bar-z1/Bar/Saved/Config/Windows/Engine.ini]
[2026.08.11-00.24.46:896][  0]LogConfig: Applying CVar settings from Section [ViewDistanceQuality@3] File [C:/Users/Administrator/Downloads/Bar-z1/Bar/Saved/Config/Windows/Scalability.ini]
[2026.08.11-00.24.46:896][  0]LogConfig: Setting CVar [[r.SkeletalMeshLODBias:0]]
[2026.08.11-00.24.46:896][  0]LogConfig: Setting CVar [[r.ViewDistanceScale:1.0]]
[2026.08.11-00.24.46:896][  0]LogConfig: Applying CVar settings from Section [AntiAliasingQuality@3] File [C:/Users/Administrator/Downloads/Bar-z1/Bar/Saved/Config/Windows/Scalability.ini]
[2026.08.11-00.24.46:896][  0]LogConfig: Setting CVar [[r.PostProcessAAQuality:4]]
[2026.08.11-00.24.46:896][  0]LogConfig: Applying CVar settings from Section [ShadowQuality@3] File [C:/Users/Administrator/Downloads/Bar-z1/Bar/Saved/Config/Windows/Scalability.ini]
[2026.08.11-00.24.46:896][  0]LogConfig: Setting CVar [[r.LightFunctionQuality:1]]
[2026.08.11-00.24.46:896][  0]LogConfig: Setting CVar [[r.ShadowQuality:5]]
[2026.08.11-00.24.46:896][  0]LogConfig: Setting CVar [[r.Shadow.CSM.MaxCascades:10]]
[2026.08.11-00.24.46:896][  0]LogConfig: Setting CVar [[r.Shadow.MaxResolution:2048]]
[2026.08.11-00.24.46:896][  0]LogConfig: Setting CVar [[r.Shadow.MaxCSMResolution:2048]]
[2026.08.11-00.24.46:896][  0]LogConfig: Setting CVar [[r.Shadow.RadiusThreshold:0.01]]
[2026.08.11-00.24.46:896][  0]LogConfig: Setting CVar [[r.Shadow.DistanceScale:1.0]]
[2026.08.11-00.24.46:896][  0]LogConfig: Setting CVar [[r.Shadow.CSM.TransitionScale:1.0]]
[2026.08.11-00.24.46:896][  0]LogConfig: Setting CVar [[r.Shadow.PreShadowResolutionFactor:1.0]]
[2026.08.11-00.24.46:896][  0]LogConfig: Setting CVar [[r.DistanceFieldShadowing:1]]
[2026.08.11-00.24.46:896][  0]LogConfig: Setting CVar [[r.DistanceFieldAO:1]]
[2026.08.11-00.24.46:896][  0]LogConfig: Setting CVar [[r.AOQuality:2]]
[2026.08.11-00.24.46:896][  0]LogConfig: Setting CVar [[r.VolumetricFog:1]]
[2026.08.11-00.24.46:896][  0]LogConfig: Setting CVar [[r.VolumetricFog.GridPixelSize:8]]
[2026.08.11-00.24.46:896][  0]LogConfig: Setting CVar [[r.VolumetricFog.GridSizeZ:128]]
[2026.08.11-00.24.46:896][  0]LogConfig: Setting CVar [[r.VolumetricFog.HistoryMissSupersampleCount:4]]
[2026.08.11-00.24.46:896][  0]LogConfig: Setting CVar [[r.LightMaxDrawDistanceScale:1]]
[2026.08.11-00.24.46:896][  0]LogConfig: Setting CVar [[r.CapsuleShadows:1]]
[2026.08.11-00.24.46:896][  0]LogConfig: Applying CVar settings from Section [PostProcessQuality@3] File [C:/Users/Administrator/Downloads/Bar-z1/Bar/Saved/Config/Windows/Scalability.ini]
[2026.08.11-00.24.46:896][  0]LogConfig: Setting CVar [[r.MotionBlurQuality:4]]
[2026.08.11-00.24.46:896][  0]LogConfig: Setting CVar [[r.AmbientOcclusionMipLevelFactor:0.4]]
[2026.08.11-00.24.46:897][  0]LogConfig: Setting CVar [[r.AmbientOcclusionMaxQuality:100]]
[2026.08.11-00.24.46:897][  0]LogConfig: Setting CVar [[r.AmbientOcclusionLevels:-1]]
[2026.08.11-00.24.46:897][  0]LogConfig: Setting CVar [[r.AmbientOcclusionRadiusScale:1.0]]
[2026.08.11-00.24.46:897][  0]LogConfig: Setting CVar [[r.DepthOfFieldQuality:2]]
[2026.08.11-00.24.46:897][  0]LogConfig: Setting CVar [[r.RenderTargetPoolMin:400]]
[2026.08.11-00.24.46:897][  0]LogConfig: Setting CVar [[r.LensFlareQuality:2]]
[2026.08.11-00.24.46:897][  0]LogConfig: Setting CVar [[r.SceneColorFringeQuality:1]]
[2026.08.11-00.24.46:897][  0]LogConfig: Setting CVar [[r.EyeAdaptationQuality:2]]
[2026.08.11-00.24.46:897][  0]LogConfig: Setting CVar [[r.BloomQuality:5]]
[2026.08.11-00.24.46:897][  0]LogConfig: Setting CVar [[r.FastBlurThreshold:100]]
[2026.08.11-00.24.46:897][  0]LogConfig: Setting CVar [[r.Upscale.Quality:3]]
[2026.08.11-00.24.46:897][  0]LogConfig: Setting CVar [[r.Tonemapper.GrainQuantization:1]]
[2026.08.11-00.24.46:897][  0]LogConfig: Setting CVar [[r.LightShaftQuality:1]]
[2026.08.11-00.24.46:897][  0]LogConfig: Setting CVar [[r.Filter.SizeScale:1]]
[2026.08.11-00.24.46:897][  0]LogConfig: Setting CVar [[r.Tonemapper.Quality:5]]
[2026.08.11-00.24.46:897][  0]LogConfig: Setting CVar [[r.DOF.Gather.AccumulatorQuality:1        ; higher gathering accumulator quality]]
[2026.08.11-00.24.46:897][  0]LogConfig: Setting CVar [[r.DOF.Gather.PostfilterMethod:1          ; Median3x3 postfilering method]]
[2026.08.11-00.24.46:897][  0]LogConfig: Setting CVar [[r.DOF.Gather.EnableBokehSettings:0       ; no bokeh simulation when gathering]]
[2026.08.11-00.24.46:897][  0]LogConfig: Setting CVar [[r.DOF.Gather.RingCount:4                 ; medium number of samples when gathering]]
[2026.08.11-00.24.46:897][  0]LogConfig: Setting CVar [[r.DOF.Scatter.ForegroundCompositing:1    ; additive foreground scattering]]
[2026.08.11-00.24.46:897][  0]LogConfig: Setting CVar [[r.DOF.Scatter.BackgroundCompositing:2    ; additive background scattering]]
[2026.08.11-00.24.46:897][  0]LogConfig: Setting CVar [[r.DOF.Scatter.EnableBokehSettings:1      ; bokeh simulation when scattering]]
[2026.08.11-00.24.46:897][  0]LogConfig: Setting CVar [[r.DOF.Scatter.MaxSpriteRatio:0.1         ; only a maximum of 10% of scattered bokeh]]
[2026.08.11-00.24.46:897][  0]LogConfig: Setting CVar [[r.DOF.Recombine.Quality:1                ; cheap slight out of focus]]
[2026.08.11-00.24.46:897][  0]LogConfig: Setting CVar [[r.DOF.Recombine.EnableBokehSettings:0    ; no bokeh simulation on slight out of focus]]
[2026.08.11-00.24.46:897][  0]LogConfig: Setting CVar [[r.DOF.TemporalAAQuality:1                ; more stable temporal accumulation]]
[2026.08.11-00.24.46:897][  0]LogConfig: Setting CVar [[r.DOF.Kernel.MaxForegroundRadius:0.025]]
[2026.08.11-00.24.46:897][  0]LogConfig: Setting CVar [[r.DOF.Kernel.MaxBackgroundRadius:0.025]]
[2026.08.11-00.24.46:897][  0]LogConfig: Applying CVar settings from Section [TextureQuality@3] File [C:/Users/Administrator/Downloads/Bar-z1/Bar/Saved/Config/Windows/Scalability.ini]
[2026.08.11-00.24.46:897][  0]LogConfig: Setting CVar [[r.Streaming.MipBias:0]]
[2026.08.11-00.24.46:897][  0]LogConfig: Setting CVar [[r.Streaming.AmortizeCPUToGPUCopy:0]]
[2026.08.11-00.24.46:897][  0]LogConfig: Setting CVar [[r.Streaming.MaxNumTexturesToStreamPerFrame:0]]
[2026.08.11-00.24.46:897][  0]LogConfig: Setting CVar [[r.Streaming.Boost:1]]
[2026.08.11-00.24.46:897][  0]LogConfig: Setting CVar [[r.MaxAnisotropy:8]]
[2026.08.11-00.24.46:897][  0]LogConfig: Setting CVar [[r.VT.MaxAnisotropy:8]]
[2026.08.11-00.24.46:897][  0]LogConfig: Setting CVar [[r.Streaming.LimitPoolSizeToVRAM:0]]
[2026.08.11-00.24.46:897][  0]LogConfig: Setting CVar [[r.Streaming.PoolSize:1000]]
[2026.08.11-00.24.46:897][  0]LogConfig: Setting CVar [[r.Streaming.MaxEffectiveScreenSize:0]]
[2026.08.11-00.24.46:897][  0]LogConfig: Applying CVar settings from Section [EffectsQuality@3] File [C:/Users/Administrator/Downloads/Bar-z1/Bar/Saved/Config/Windows/Scalability.ini]
[2026.08.11-00.24.46:897][  0]LogConfig: Setting CVar [[r.TranslucencyLightingVolumeDim:64]]
[2026.08.11-00.24.46:897][  0]LogConfig: Setting CVar [[r.RefractionQuality:2]]
[2026.08.11-00.24.46:897][  0]LogConfig: Setting CVar [[r.SSR.Quality:3]]
[2026.08.11-00.24.46:897][  0]LogConfig: Setting CVar [[r.SSR.HalfResSceneColor:0]]
[2026.08.11-00.24.46:897][  0]LogConfig: Setting CVar [[r.SceneColorFormat:4]]
[2026.08.11-00.24.46:897][  0]LogConfig: Setting CVar [[r.DetailMode:2]]
[2026.08.11-00.24.46:897][  0]LogConfig: Setting CVar [[r.TranslucencyVolumeBlur:1]]
[2026.08.11-00.24.46:897][  0]LogConfig: Setting CVar [[r.MaterialQualityLevel:1 ; High quality]]
[2026.08.11-00.24.46:897][  0]LogConfig: Setting CVar [[r.AnisotropicMaterials:1]]
[2026.08.11-00.24.46:897][  0]LogConfig: Setting CVar [[r.SSS.Scale:1]]
[2026.08.11-00.24.46:897][  0]LogConfig: Setting CVar [[r.SSS.SampleSet:2]]
[2026.08.11-00.24.46:897][  0]LogConfig: Setting CVar [[r.SSS.Quality:1]]
[2026.08.11-00.24.46:897][  0]LogConfig: Setting CVar [[r.SSS.HalfRes:0]]
[2026.08.11-00.24.46:897][  0]LogConfig: Setting CVar [[r.SSGI.Quality:3]]
[2026.08.11-00.24.46:897][  0]LogConfig: Setting CVar [[r.EmitterSpawnRateScale:1.0]]
[2026.08.11-00.24.46:897][  0]LogConfig: Setting CVar [[r.ParticleLightQuality:2]]
[2026.08.11-00.24.46:897][  0]LogConfig: Setting CVar [[r.SkyAtmosphere.AerialPerspectiveLUT.FastApplyOnOpaque:1 ; Always have FastSkyLUT 1 in this case to avoid wrong sky]]
[2026.08.11-00.24.46:897][  0]LogConfig: Setting CVar [[r.SkyAtmosphere.AerialPerspectiveLUT.SampleCountMaxPerSlice:4]]
[2026.08.11-00.24.46:897][  0]LogConfig: Setting CVar [[r.SkyAtmosphere.AerialPerspectiveLUT.DepthResolution:16.0]]
[2026.08.11-00.24.46:897][  0]LogConfig: Setting CVar [[r.SkyAtmosphere.FastSkyLUT:1]]
[2026.08.11-00.24.46:897][  0]LogConfig: Setting CVar [[r.SkyAtmosphere.FastSkyLUT.SampleCountMin:4.0]]
[2026.08.11-00.24.46:897][  0]LogConfig: Setting CVar [[r.SkyAtmosphere.FastSkyLUT.SampleCountMax:128.0]]
[2026.08.11-00.24.46:897][  0]LogConfig: Setting CVar [[r.SkyAtmosphere.SampleCountMin:4.0]]
[2026.08.11-00.24.46:897][  0]LogConfig: Setting CVar [[r.SkyAtmosphere.SampleCountMax:128.0]]
[2026.08.11-00.24.46:897][  0]LogConfig: Setting CVar [[r.SkyAtmosphere.TransmittanceLUT.UseSmallFormat:0]]
[2026.08.11-00.24.46:897][  0]LogConfig: Setting CVar [[r.SkyAtmosphere.TransmittanceLUT.SampleCount:10.0]]
[2026.08.11-00.24.46:897][  0]LogConfig: Setting CVar [[r.SkyAtmosphere.MultiScatteringLUT.SampleCount:15.0]]
[2026.08.11-00.24.46:897][  0]LogConfig: Setting CVar [[r.SkyLight.RealTimeReflectionCapture:1]]
[2026.08.11-00.24.46:897][  0]LogConfig: Applying CVar settings from Section [FoliageQuality@3] File [C:/Users/Administrator/Downloads/Bar-z1/Bar/Saved/Config/Windows/Scalability.ini]
[2026.08.11-00.24.46:897][  0]LogConfig: Setting CVar [[foliage.DensityScale:1.0]]
[2026.08.11-00.24.46:897][  0]LogConfig: Setting CVar [[grass.DensityScale:1.0]]
[2026.08.11-00.24.46:897][  0]LogConfig: Applying CVar settings from Section [ShadingQuality@3] File [C:/Users/Administrator/Downloads/Bar-z1/Bar/Saved/Config/Windows/Scalability.ini]
[2026.08.11-00.24.46:897][  0]LogConfig: Setting CVar [[r.HairStrands.SkyLighting.IntegrationType:2]]
[2026.08.11-00.24.46:897][  0]LogConfig: Setting CVar [[r.HairStrands.SkyAO.SampleCount:4]]
[2026.08.11-00.24.46:897][  0]LogConfig: Setting CVar [[r.HairStrands.Visibility.MSAA.SamplePerPixel:4]]
[2026.08.11-00.24.46:899][  0]LogInit: Selected Device Profile: [Windows]
[2026.08.11-00.24.46:899][  0]LogInit: Applying CVar settings loaded from the selected device profile: [Windows]
[2026.08.11-00.24.46:900][  0]LogHAL: Display: Platform has ~ 16 GB [17118175232 / 17179869184 / 16], which maps to Larger [LargestMinGB=32, LargerMinGB=12, DefaultMinGB=8, SmallerMinGB=6, SmallestMinGB=0)
[2026.08.11-00.24.46:901][  0]LogInit: Going up to parent DeviceProfile []
[2026.08.11-00.24.46:901][  0]LogConfig: Applying CVar settings from Section [ViewDistanceQuality@3] File [C:/Users/Administrator/Downloads/Bar-z1/Bar/Saved/Config/Windows/Scalability.ini]
[2026.08.11-00.24.46:901][  0]LogConfig: Setting CVar [[r.SkeletalMeshLODBias:0]]
[2026.08.11-00.24.46:901][  0]LogConfig: Setting CVar [[r.ViewDistanceScale:1.0]]
[2026.08.11-00.24.46:901][  0]LogConfig: Applying CVar settings from Section [AntiAliasingQuality@3] File [C:/Users/Administrator/Downloads/Bar-z1/Bar/Saved/Config/Windows/Scalability.ini]
[2026.08.11-00.24.46:901][  0]LogConfig: Setting CVar [[r.PostProcessAAQuality:4]]
[2026.08.11-00.24.46:901][  0]LogConfig: Applying CVar settings from Section [ShadowQuality@3] File [C:/Users/Administrator/Downloads/Bar-z1/Bar/Saved/Config/Windows/Scalability.ini]
[2026.08.11-00.24.46:901][  0]LogConfig: Setting CVar [[r.LightFunctionQuality:1]]
[2026.08.11-00.24.46:901][  0]LogConfig: Setting CVar [[r.ShadowQuality:5]]
[2026.08.11-00.24.46:901][  0]LogConfig: Setting CVar [[r.Shadow.CSM.MaxCascades:10]]
[2026.08.11-00.24.46:901][  0]LogConfig: Setting CVar [[r.Shadow.MaxResolution:2048]]
[2026.08.11-00.24.46:901][  0]LogConfig: Setting CVar [[r.Shadow.MaxCSMResolution:2048]]
[2026.08.11-00.24.46:901][  0]LogConfig: Setting CVar [[r.Shadow.RadiusThreshold:0.01]]
[2026.08.11-00.24.46:901][  0]LogConfig: Setting CVar [[r.Shadow.DistanceScale:1.0]]
[2026.08.11-00.24.46:901][  0]LogConfig: Setting CVar [[r.Shadow.CSM.TransitionScale:1.0]]
[2026.08.11-00.24.46:901][  0]LogConfig: Setting CVar [[r.Shadow.PreShadowResolutionFactor:1.0]]
[2026.08.11-00.24.46:901][  0]LogConfig: Setting CVar [[r.DistanceFieldShadowing:1]]
[2026.08.11-00.24.46:901][  0]LogConfig: Setting CVar [[r.DistanceFieldAO:1]]
[2026.08.11-00.24.46:901][  0]LogConfig: Setting CVar [[r.AOQuality:2]]
[2026.08.11-00.24.46:901][  0]LogConfig: Setting CVar [[r.VolumetricFog:1]]
[2026.08.11-00.24.46:901][  0]LogConfig: Setting CVar [[r.VolumetricFog.GridPixelSize:8]]
[2026.08.11-00.24.46:901][  0]LogConfig: Setting CVar [[r.VolumetricFog.GridSizeZ:128]]
[2026.08.11-00.24.46:901][  0]LogConfig: Setting CVar [[r.VolumetricFog.HistoryMissSupersampleCount:4]]
[2026.08.11-00.24.46:901][  0]LogConfig: Setting CVar [[r.LightMaxDrawDistanceScale:1]]
[2026.08.11-00.24.46:901][  0]LogConfig: Setting CVar [[r.CapsuleShadows:1]]
[2026.08.11-00.24.46:901][  0]LogConfig: Applying CVar settings from Section [PostProcessQuality@3] File [C:/Users/Administrator/Downloads/Bar-z1/Bar/Saved/Config/Windows/Scalability.ini]
[2026.08.11-00.24.46:901][  0]LogConfig: Setting CVar [[r.MotionBlurQuality:4]]
[2026.08.11-00.24.46:901][  0]LogConfig: Setting CVar [[r.AmbientOcclusionMipLevelFactor:0.4]]
[2026.08.11-00.24.46:901][  0]LogConfig: Setting CVar [[r.AmbientOcclusionMaxQuality:100]]
[2026.08.11-00.24.46:901][  0]LogConfig: Setting CVar [[r.AmbientOcclusionLevels:-1]]
[2026.08.11-00.24.46:901][  0]LogConfig: Setting CVar [[r.AmbientOcclusionRadiusScale:1.0]]
[2026.08.11-00.24.46:902][  0]LogConfig: Setting CVar [[r.DepthOfFieldQuality:2]]
[2026.08.11-00.24.46:902][  0]LogConfig: Setting CVar [[r.RenderTargetPoolMin:400]]
[2026.08.11-00.24.46:902][  0]LogConfig: Setting CVar [[r.LensFlareQuality:2]]
[2026.08.11-00.24.46:902][  0]LogConfig: Setting CVar [[r.SceneColorFringeQuality:1]]
[2026.08.11-00.24.46:902][  0]LogConfig: Setting CVar [[r.EyeAdaptationQuality:2]]
[2026.08.11-00.24.46:902][  0]LogConfig: Setting CVar [[r.BloomQuality:5]]
[2026.08.11-00.24.46:902][  0]LogConfig: Setting CVar [[r.FastBlurThreshold:100]]
[2026.08.11-00.24.46:902][  0]LogConfig: Setting CVar [[r.Upscale.Quality:3]]
[2026.08.11-00.24.46:902][  0]LogConfig: Setting CVar [[r.Tonemapper.GrainQuantization:1]]
[2026.08.11-00.24.46:902][  0]LogConfig: Setting CVar [[r.LightShaftQuality:1]]
[2026.08.11-00.24.46:902][  0]LogConfig: Setting CVar [[r.Filter.SizeScale:1]]
[2026.08.11-00.24.46:902][  0]LogConfig: Setting CVar [[r.Tonemapper.Quality:5]]
[2026.08.11-00.24.46:902][  0]LogConfig: Setting CVar [[r.DOF.Gather.AccumulatorQuality:1        ; higher gathering accumulator quality]]
[2026.08.11-00.24.46:902][  0]LogConfig: Setting CVar [[r.DOF.Gather.PostfilterMethod:1          ; Median3x3 postfilering method]]
[2026.08.11-00.24.46:902][  0]LogConfig: Setting CVar [[r.DOF.Gather.EnableBokehSettings:0       ; no bokeh simulation when gathering]]
[2026.08.11-00.24.46:902][  0]LogConfig: Setting CVar [[r.DOF.Gather.RingCount:4                 ; medium number of samples when gathering]]
[2026.08.11-00.24.46:902][  0]LogConfig: Setting CVar [[r.DOF.Scatter.ForegroundCompositing:1    ; additive foreground scattering]]
[2026.08.11-00.24.46:902][  0]LogConfig: Setting CVar [[r.DOF.Scatter.BackgroundCompositing:2    ; additive background scattering]]
[2026.08.11-00.24.46:902][  0]LogConfig: Setting CVar [[r.DOF.Scatter.EnableBokehSettings:1      ; bokeh simulation when scattering]]
[2026.08.11-00.24.46:902][  0]LogConfig: Setting CVar [[r.DOF.Scatter.MaxSpriteRatio:0.1         ; only a maximum of 10% of scattered bokeh]]
[2026.08.11-00.24.46:902][  0]LogConfig: Setting CVar [[r.DOF.Recombine.Quality:1                ; cheap slight out of focus]]
[2026.08.11-00.24.46:902][  0]LogConfig: Setting CVar [[r.DOF.Recombine.EnableBokehSettings:0    ; no bokeh simulation on slight out of focus]]
[2026.08.11-00.24.46:902][  0]LogConfig: Setting CVar [[r.DOF.TemporalAAQuality:1                ; more stable temporal accumulation]]
[2026.08.11-00.24.46:902][  0]LogConfig: Setting CVar [[r.DOF.Kernel.MaxForegroundRadius:0.025]]
[2026.08.11-00.24.46:902][  0]LogConfig: Setting CVar [[r.DOF.Kernel.MaxBackgroundRadius:0.025]]
[2026.08.11-00.24.46:902][  0]LogConfig: Applying CVar settings from Section [TextureQuality@3] File [C:/Users/Administrator/Downloads/Bar-z1/Bar/Saved/Config/Windows/Scalability.ini]
[2026.08.11-00.24.46:902][  0]LogConfig: Setting CVar [[r.Streaming.MipBias:0]]
[2026.08.11-00.24.46:902][  0]LogConfig: Setting CVar [[r.Streaming.AmortizeCPUToGPUCopy:0]]
[2026.08.11-00.24.46:902][  0]LogConfig: Setting CVar [[r.Streaming.MaxNumTexturesToStreamPerFrame:0]]
[2026.08.11-00.24.46:902][  0]LogConfig: Setting CVar [[r.Streaming.Boost:1]]
[2026.08.11-00.24.46:902][  0]LogConfig: Setting CVar [[r.MaxAnisotropy:8]]
[2026.08.11-00.24.46:902][  0]LogConfig: Setting CVar [[r.VT.MaxAnisotropy:8]]
[2026.08.11-00.24.46:902][  0]LogConfig: Setting CVar [[r.Streaming.LimitPoolSizeToVRAM:0]]
[2026.08.11-00.24.46:902][  0]LogConfig: Setting CVar [[r.Streaming.PoolSize:1000]]
[2026.08.11-00.24.46:902][  0]LogConfig: Setting CVar [[r.Streaming.MaxEffectiveScreenSize:0]]
[2026.08.11-00.24.46:902][  0]LogConfig: Applying CVar settings from Section [EffectsQuality@3] File [C:/Users/Administrator/Downloads/Bar-z1/Bar/Saved/Config/Windows/Scalability.ini]
[2026.08.11-00.24.46:902][  0]LogConfig: Setting CVar [[r.TranslucencyLightingVolumeDim:64]]
[2026.08.11-00.24.46:902][  0]LogConfig: Setting CVar [[r.RefractionQuality:2]]
[2026.08.11-00.24.46:902][  0]LogConfig: Setting CVar [[r.SSR.Quality:3]]
[2026.08.11-00.24.46:902][  0]LogConfig: Setting CVar [[r.SSR.HalfResSceneColor:0]]
[2026.08.11-00.24.46:902][  0]LogConfig: Setting CVar [[r.SceneColorFormat:4]]
[2026.08.11-00.24.46:902][  0]LogConfig: Setting CVar [[r.DetailMode:2]]
[2026.08.11-00.24.46:902][  0]LogConfig: Setting CVar [[r.TranslucencyVolumeBlur:1]]
[2026.08.11-00.24.46:902][  0]LogConfig: Setting CVar [[r.MaterialQualityLevel:1 ; High quality]]
[2026.08.11-00.24.46:902][  0]LogConfig: Setting CVar [[r.AnisotropicMaterials:1]]
[2026.08.11-00.24.46:902][  0]LogConfig: Setting CVar [[r.SSS.Scale:1]]
[2026.08.11-00.24.46:902][  0]LogConfig: Setting CVar [[r.SSS.SampleSet:2]]
[2026.08.11-00.24.46:902][  0]LogConfig: Setting CVar [[r.SSS.Quality:1]]
[2026.08.11-00.24.46:902][  0]LogConfig: Setting CVar [[r.SSS.HalfRes:0]]
[2026.08.11-00.24.46:902][  0]LogConfig: Setting CVar [[r.SSGI.Quality:3]]
[2026.08.11-00.24.46:902][  0]LogConfig: Setting CVar [[r.EmitterSpawnRateScale:1.0]]
[2026.08.11-00.24.46:902][  0]LogConfig: Setting CVar [[r.ParticleLightQuality:2]]
[2026.08.11-00.24.46:902][  0]LogConfig: Setting CVar [[r.SkyAtmosphere.AerialPerspectiveLUT.FastApplyOnOpaque:1 ; Always have FastSkyLUT 1 in this case to avoid wrong sky]]
[2026.08.11-00.24.46:902][  0]LogConfig: Setting CVar [[r.SkyAtmosphere.AerialPerspectiveLUT.SampleCountMaxPerSlice:4]]
[2026.08.11-00.24.46:902][  0]LogConfig: Setting CVar [[r.SkyAtmosphere.AerialPerspectiveLUT.DepthResolution:16.0]]
[2026.08.11-00.24.46:902][  0]LogConfig: Setting CVar [[r.SkyAtmosphere.FastSkyLUT:1]]
[2026.08.11-00.24.46:902][  0]LogConfig: Setting CVar [[r.SkyAtmosphere.FastSkyLUT.SampleCountMin:4.0]]
[2026.08.11-00.24.46:902][  0]LogConfig: Setting CVar [[r.SkyAtmosphere.FastSkyLUT.SampleCountMax:128.0]]
[2026.08.11-00.24.46:902][  0]LogConfig: Setting CVar [[r.SkyAtmosphere.SampleCountMin:4.0]]
[2026.08.11-00.24.46:902][  0]LogConfig: Setting CVar [[r.SkyAtmosphere.SampleCountMax:128.0]]
[2026.08.11-00.24.46:902][  0]LogConfig: Setting CVar [[r.SkyAtmosphere.TransmittanceLUT.UseSmallFormat:0]]
[2026.08.11-00.24.46:902][  0]LogConfig: Setting CVar [[r.SkyAtmosphere.TransmittanceLUT.SampleCount:10.0]]
[2026.08.11-00.24.46:902][  0]LogConfig: Setting CVar [[r.SkyAtmosphere.MultiScatteringLUT.SampleCount:15.0]]
[2026.08.11-00.24.46:902][  0]LogConfig: Setting CVar [[r.SkyLight.RealTimeReflectionCapture:1]]
[2026.08.11-00.24.46:902][  0]LogConfig: Applying CVar settings from Section [FoliageQuality@3] File [C:/Users/Administrator/Downloads/Bar-z1/Bar/Saved/Config/Windows/Scalability.ini]
[2026.08.11-00.24.46:902][  0]LogConfig: Setting CVar [[foliage.DensityScale:1.0]]
[2026.08.11-00.24.46:902][  0]LogConfig: Setting CVar [[grass.DensityScale:1.0]]
[2026.08.11-00.24.46:902][  0]LogConfig: Applying CVar settings from Section [ShadingQuality@3] File [C:/Users/Administrator/Downloads/Bar-z1/Bar/Saved/Config/Windows/Scalability.ini]
[2026.08.11-00.24.46:902][  0]LogConfig: Setting CVar [[r.HairStrands.SkyLighting.IntegrationType:2]]
[2026.08.11-00.24.46:902][  0]LogConfig: Setting CVar [[r.HairStrands.SkyAO.SampleCount:4]]
[2026.08.11-00.24.46:902][  0]LogConfig: Setting CVar [[r.HairStrands.Visibility.MSAA.SamplePerPixel:4]]
[2026.08.11-00.24.46:902][  0]LogConfig: Applying CVar settings from Section [Startup] File [../../../Engine/Config/ConsoleVariables.ini]
[2026.08.11-00.24.46:903][  0]LogConfig: Setting CVar [[net.UseAdaptiveNetUpdateFrequency:0]]
[2026.08.11-00.24.46:903][  0]LogConfig: Setting CVar [[p.chaos.AllowCreatePhysxBodies:1]]
[2026.08.11-00.24.46:903][  0]LogConfig: Setting CVar [[fx.SkipVectorVMBackendOptimizations:1]]
[2026.08.11-00.24.46:903][  0]LogConfig: Applying CVar settings from Section [ConsoleVariables] File [C:/Users/Administrator/Downloads/Bar-z1/Bar/Saved/Config/Windows/Engine.ini]
[2026.08.11-00.24.46:903][  0]LogConfig: Applying CVar settings from Section [ConsoleVariables] File [C:/Users/Administrator/Downloads/Bar-z1/Bar/Saved/Config/Windows/Editor.ini]
[2026.08.11-00.24.46:905][  0]LogInit: Computer: 备用机
[2026.08.11-00.24.46:905][  0]LogInit: User: Administrator
[2026.08.11-00.24.46:905][  0]LogInit: CPU Page size=4096, Cores=4
[2026.08.11-00.24.46:905][  0]LogInit: High frequency timer resolution =10.000000 MHz
[2026.08.11-00.24.46:905][  0]LogMemory: Memory total: Physical=15.9GB (16GB approx)
[2026.08.11-00.24.46:905][  0]LogMemory: Platform Memory Stats for Windows
[2026.08.11-00.24.46:905][  0]LogMemory: Process Physical Memory: 145.90 MB used, 145.90 MB peak
[2026.08.11-00.24.46:905][  0]LogMemory: Process Virtual Memory: 128.11 MB used, 128.11 MB peak
[2026.08.11-00.24.46:905][  0]LogMemory: Physical Memory: 10793.43 MB used,  5531.73 MB free, 16325.16 MB total
[2026.08.11-00.24.46:905][  0]LogMemory: Virtual Memory: 134200552.00 MB used,  17176.55 MB free, 134217728.00 MB total
[2026.08.11-00.24.46:909][  0]LogWindows: WindowsPlatformFeatures enabled
[2026.08.11-00.24.47:206][  0]LogInit: Physics initialised using underlying interface: PhysX
[2026.08.11-00.24.47:222][  0]LogInit: Using OS detected language (zh-CN).
[2026.08.11-00.24.47:222][  0]LogInit: Using OS detected locale (zh-CN).
[2026.08.11-00.24.47:255][  0]LogTextLocalizationManager: No specific localization for 'zh-CN' exists, so the 'zh-Hans' localization will be used.
[2026.08.11-00.24.47:545][  0]LogTextLocalizationResource: LocRes '../../../Engine/Content/Localization/Editor/zh/Editor.locres' could not be opened for reading!
[2026.08.11-00.24.47:545][  0]LogTextLocalizationResource: LocRes '../../../Engine/Content/Localization/EditorTutorials/zh/EditorTutorials.locres' could not be opened for reading!
[2026.08.11-00.24.47:545][  0]LogTextLocalizationResource: LocRes '../../../Engine/Content/Localization/Keywords/zh/Keywords.locres' could not be opened for reading!
[2026.08.11-00.24.47:545][  0]LogTextLocalizationResource: LocRes '../../../Engine/Content/Localization/Category/zh/Category.locres' could not be opened for reading!
[2026.08.11-00.24.47:546][  0]LogTextLocalizationResource: LocRes '../../../Engine/Content/Localization/ToolTips/zh/ToolTips.locres' could not be opened for reading!
[2026.08.11-00.24.47:546][  0]LogTextLocalizationResource: LocRes '../../../Engine/Content/Localization/PropertyNames/zh/PropertyNames.locres' could not be opened for reading!
[2026.08.11-00.24.47:546][  0]LogTextLocalizationResource: LocRes '../../../Engine/Content/Localization/Engine/zh/Engine.locres' could not be opened for reading!
[2026.08.11-00.24.47:546][  0]LogTextLocalizationResource: LocRes '../../../Engine/Plugins/Online/OnlineSubsystem/Content/Localization/OnlineSubsystem/zh/OnlineSubsystem.locres' could not be opened for reading!
[2026.08.11-00.24.47:547][  0]LogTextLocalizationResource: LocRes '../../../Engine/Plugins/Online/OnlineSubsystemUtils/Content/Localization/OnlineSubsystemUtils/zh/OnlineSubsystemUtils.locres' could not be opened for reading!
[2026.08.11-00.24.47:547][  0]LogTextLocalizationResource: LocRes '../../../Engine/Plugins/Online/Android/OnlineSubsystemGooglePlay/Content/Localization/OnlineSubsystemGooglePlay/zh/OnlineSubsystemGooglePlay.locres' could not be opened for reading!
[2026.08.11-00.24.47:547][  0]LogTextLocalizationResource: LocRes '../../../Engine/Plugins/Online/IOS/OnlineSubsystemIOS/Content/Localization/OnlineSubsystemIOS/zh/OnlineSubsystemIOS.locres' could not be opened for reading!
[2026.08.11-00.24.47:632][  0]LogInit: Setting process to per monitor DPI aware
[2026.08.11-00.24.47:673][  0]LogWindowsTextInputMethodSystem: Display: IME system deactivated.
[2026.08.11-00.24.47:737][  0]LogSlate: New Slate User Created.  User Index 0, Is Virtual User: 0
[2026.08.11-00.24.47:737][  0]LogSlate: Slate User Registered.  User Index 0, Is Virtual User: 0
[2026.08.11-00.24.48:223][  0]LogD3D11RHI: Loaded GFSDK_Aftermath_Lib.x64.dll
[2026.08.11-00.24.48:242][  0]LogHMD: Failed to initialize OpenVR with code 110
[2026.08.11-00.24.48:242][  0]LogD3D11RHI: D3D11 min allowed feature level: 11_0
[2026.08.11-00.24.48:242][  0]LogD3D11RHI: D3D11 max allowed feature level: 11_0
[2026.08.11-00.24.48:242][  0]LogD3D11RHI: D3D11 adapters:
[2026.08.11-00.24.48:511][  0]LogD3D11RHI:    0. 'NVIDIA GeForce GTX 1660' (Feature Level 11_0)
[2026.08.11-00.24.48:511][  0]LogD3D11RHI:       5966/0/8162 MB DedicatedVideo/DedicatedSystem/SharedSystem, Outputs:1, VendorId:0x10de
[2026.08.11-00.24.48:518][  0]LogD3D11RHI:    1. 'Microsoft Basic Render Driver' (Feature Level 11_0)
[2026.08.11-00.24.48:518][  0]LogD3D11RHI:       0/0/8162 MB DedicatedVideo/DedicatedSystem/SharedSystem, Outputs:0, VendorId:0x1414
[2026.08.11-00.24.48:707][  0]LogD3D11RHI:    2. 'NVIDIA GeForce GTX 1660' (Feature Level 11_0)
[2026.08.11-00.24.48:707][  0]LogD3D11RHI:       5966/0/8162 MB DedicatedVideo/DedicatedSystem/SharedSystem, Outputs:0, VendorId:0x10de
[2026.08.11-00.24.48:896][  0]LogD3D11RHI:    3. 'NVIDIA GeForce GTX 1660' (Feature Level 11_0)
[2026.08.11-00.24.48:896][  0]LogD3D11RHI:       5966/0/8162 MB DedicatedVideo/DedicatedSystem/SharedSystem, Outputs:0, VendorId:0x10de
[2026.08.11-00.24.48:896][  0]LogD3D11RHI: Chosen D3D11 Adapter:
[2026.08.11-00.24.48:898][  0]LogD3D11RHI:     Description : NVIDIA GeForce GTX 1660
[2026.08.11-00.24.48:898][  0]LogD3D11RHI:     VendorId    : 10de
[2026.08.11-00.24.48:898][  0]LogD3D11RHI:     DeviceId    : 2184
[2026.08.11-00.24.48:898][  0]LogD3D11RHI:     SubSysId    : 155119da
[2026.08.11-00.24.48:899][  0]LogD3D11RHI:     Revision    : 00a1
[2026.08.11-00.24.48:899][  0]LogD3D11RHI:     DedicatedVideoMemory : 6255804416 bytes
[2026.08.11-00.24.48:899][  0]LogD3D11RHI:     DedicatedSystemMemory : 0 bytes
[2026.08.11-00.24.48:899][  0]LogD3D11RHI:     SharedSystemMemory : 8559087616 bytes
[2026.08.11-00.24.48:899][  0]LogD3D11RHI:     AdapterLuid : 0 38114
[2026.08.11-00.24.48:912][  0]LogD3D11RHI: Creating new Direct3DDevice
[2026.08.11-00.24.48:913][  0]LogD3D11RHI:     GPU DeviceId: 0x2184 (for the marketing name, search the web for "GPU Device Id")
[2026.08.11-00.24.48:913][  0]LogWindows: EnumDisplayDevices:
[2026.08.11-00.24.48:913][  0]LogWindows:    0. 'NVIDIA GeForce GTX 1660' (P:1 D:1)
[2026.08.11-00.24.48:914][  0]LogWindows:    1. 'NVIDIA GeForce GTX 1660' (P:0 D:0)
[2026.08.11-00.24.48:914][  0]LogWindows:    2. 'NVIDIA GeForce GTX 1660' (P:0 D:0)
[2026.08.11-00.24.48:915][  0]LogWindows:    3. 'NVIDIA GeForce GTX 1660' (P:0 D:0)
[2026.08.11-00.24.48:916][  0]LogWindows:    4. 'OrayIddDriver Device' (P:0 D:0)
[2026.08.11-00.24.48:917][  0]LogWindows:    5. 'OrayIddDriver Device' (P:0 D:0)
[2026.08.11-00.24.48:917][  0]LogWindows:    6. 'OrayIddDriver Device' (P:0 D:0)
[2026.08.11-00.24.48:918][  0]LogWindows:    7. 'OrayIddDriver Device' (P:0 D:0)
[2026.08.11-00.24.48:919][  0]LogWindows:    8. 'OrayIddDriver Device' (P:0 D:0)
[2026.08.11-00.24.48:920][  0]LogWindows:    9. 'OrayIddDriver Device' (P:0 D:0)
[2026.08.11-00.24.48:921][  0]LogWindows:    10. 'OrayIddDriver Device' (P:0 D:0)
[2026.08.11-00.24.48:922][  0]LogWindows:    11. 'OrayIddDriver Device' (P:0 D:0)
[2026.08.11-00.24.48:922][  0]LogWindows:    12. 'OrayIddDriver Device' (P:0 D:0)
[2026.08.11-00.24.48:923][  0]LogWindows:    13. 'OrayIddDriver Device' (P:0 D:0)
[2026.08.11-00.24.48:923][  0]LogWindows:    14. 'Todesk Virtual Display Adapter' (P:0 D:0)
[2026.08.11-00.24.48:924][  0]LogWindows:    15. 'Todesk Virtual Display Adapter' (P:0 D:0)
[2026.08.11-00.24.48:925][  0]LogWindows:    16. 'Todesk Virtual Display Adapter' (P:0 D:0)
[2026.08.11-00.24.48:926][  0]LogWindows: DebugString: GetVideoDriverDetailsInvalid PrimaryIsNotTheChoosenAdapter GetVideoDriverDetailsInvalid PrimaryIsNotTheChoosenAdapter GetVideoDriverDetailsInvalid PrimaryIsNotTheChoosenAdapter GetVideoDriverDetailsInvalid PrimaryIsNotTheChoosenAdapter GetVideoDriverDetailsInvalid PrimaryIsNotTheChoosenAdapter GetVideoDriverDetailsInvalid PrimaryIsNotTheChoosenAdapter GetVideoDriverDetailsInvalid PrimaryIsNotTheChoosenAdapter GetVideoDriverDetailsInvalid PrimaryIsNotTheChoosenAdapter GetVideoDriverDetailsInvalid PrimaryIsNotTheChoosenAdapter GetVideoDriverDetailsInvalid PrimaryIsNotTheChoosenAdapter GetVideoDriverDetailsInvalid PrimaryIsNotTheChoosenAdapter GetVideoDriverDetailsInvalid PrimaryIsNotTheChoosenAdapter GetVideoDriverDetailsInvalid PrimaryIsNotTheChoosenAdapter FoundDriverCount:4 
[2026.08.11-00.24.48:926][  0]LogD3D11RHI:     Adapter Name: NVIDIA GeForce GTX 1660
[2026.08.11-00.24.48:926][  0]LogD3D11RHI:   Driver Version: 595.79 (internal:32.0.15.9579, unified:595.79)
[2026.08.11-00.24.48:926][  0]LogD3D11RHI:      Driver Date: 3-4-2026
[2026.08.11-00.24.48:926][  0]LogRHI: Texture pool is 4176 MB (70% of 5966 MB)
[2026.08.11-00.24.48:926][  0]LogD3D11RHI: Creating D3DDevice using adapter:
[2026.08.11-00.24.48:926][  0]LogD3D11RHI:     Description : NVIDIA GeForce GTX 1660
[2026.08.11-00.24.48:926][  0]LogD3D11RHI:     VendorId    : 10de
[2026.08.11-00.24.48:926][  0]LogD3D11RHI:     DeviceId    : 2184
[2026.08.11-00.24.48:926][  0]LogD3D11RHI:     SubSysId    : 155119da
[2026.08.11-00.24.48:926][  0]LogD3D11RHI:     Revision    : 00a1
[2026.08.11-00.24.48:926][  0]LogD3D11RHI:     DedicatedVideoMemory : 6255804416 bytes
[2026.08.11-00.24.48:926][  0]LogD3D11RHI:     DedicatedSystemMemory : 0 bytes
[2026.08.11-00.24.48:926][  0]LogD3D11RHI:     SharedSystemMemory : 8559087616 bytes
[2026.08.11-00.24.48:926][  0]LogD3D11RHI:     AdapterLuid : 0 38114
[2026.08.11-00.24.49:116][  0]LogD3D11RHI: RHI has support for 64 bit atomics
[2026.08.11-00.24.49:117][  0]LogD3D11RHI: Async texture creation enabled
[2026.08.11-00.24.49:117][  0]LogD3D11RHI: Array index from any shader is supported
[2026.08.11-00.24.49:193][  0]LogD3D11RHI: GPU Timing Frequency: 1000.000000 (Debug: 2 1)
[2026.08.11-00.24.49:298][  0]LogRHI: GeForceNow SDK initialized: 1
[2026.08.11-00.24.50:215][  0]LogTargetPlatformManager: Display: Loaded TargetPlatform 'AllDesktop'
[2026.08.11-00.24.50:260][  0]LogTargetPlatformManager: Display: Loaded TargetPlatform 'Android'
[2026.08.11-00.24.50:260][  0]LogTargetPlatformManager: Display: Loaded TargetPlatform 'Android_ASTC'
[2026.08.11-00.24.50:260][  0]LogTargetPlatformManager: Display: Loaded TargetPlatform 'Android_DXT'
[2026.08.11-00.24.50:260][  0]LogTargetPlatformManager: Display: Loaded TargetPlatform 'Android_ETC2'
[2026.08.11-00.24.50:260][  0]LogTargetPlatformManager: Display: Loaded TargetPlatform 'AndroidClient'
[2026.08.11-00.24.50:260][  0]LogTargetPlatformManager: Display: Loaded TargetPlatform 'Android_ASTCClient'
[2026.08.11-00.24.50:260][  0]LogTargetPlatformManager: Display: Loaded TargetPlatform 'Android_DXTClient'
[2026.08.11-00.24.50:260][  0]LogTargetPlatformManager: Display: Loaded TargetPlatform 'Android_ETC2Client'
[2026.08.11-00.24.50:260][  0]LogTargetPlatformManager: Display: Loaded TargetPlatform 'Android_Multi'
[2026.08.11-00.24.50:260][  0]LogTargetPlatformManager: Display: Loaded TargetPlatform 'Android_MultiClient'
[2026.08.11-00.24.50:317][  0]LogTargetPlatformManager: Display: Loaded TargetPlatform 'IOSClient'
[2026.08.11-00.24.50:317][  0]LogTargetPlatformManager: Display: Loaded TargetPlatform 'IOS'
[2026.08.11-00.24.50:343][  0]LogTargetPlatformManager: Display: Loaded TargetPlatform 'Linux'
[2026.08.11-00.24.50:352][  0]LogTargetPlatformManager: Display: Loaded TargetPlatform 'LinuxNoEditor'
[2026.08.11-00.24.50:362][  0]LogTargetPlatformManager: Display: Loaded TargetPlatform 'LinuxClient'
[2026.08.11-00.24.50:371][  0]LogTargetPlatformManager: Display: Loaded TargetPlatform 'LinuxServer'
[2026.08.11-00.24.50:389][  0]LogTargetPlatformManager: Display: Loaded TargetPlatform 'LinuxAArch64NoEditor'
[2026.08.11-00.24.50:398][  0]LogTargetPlatformManager: Display: Loaded TargetPlatform 'LinuxAArch64Client'
[2026.08.11-00.24.50:407][  0]LogTargetPlatformManager: Display: Loaded TargetPlatform 'LinuxAArch64Server'
[2026.08.11-00.24.50:452][  0]LogTargetPlatformManager: Display: Loaded TargetPlatform 'Lumin'
[2026.08.11-00.24.50:452][  0]LogTargetPlatformManager: Display: Loaded TargetPlatform 'LuminClient'
[2026.08.11-00.24.50:469][  0]LogTargetPlatformManager: Display: Loaded TargetPlatform 'MacNoEditor'
[2026.08.11-00.24.50:480][  0]LogTargetPlatformManager: Display: Loaded TargetPlatform 'Mac'
[2026.08.11-00.24.50:488][  0]LogTargetPlatformManager: Display: Loaded TargetPlatform 'MacClient'
[2026.08.11-00.24.50:498][  0]LogTargetPlatformManager: Display: Loaded TargetPlatform 'MacServer'
[2026.08.11-00.24.50:515][  0]LogTargetPlatformManager: Display: Loaded TargetPlatform 'TVOSClient'
[2026.08.11-00.24.50:515][  0]LogTargetPlatformManager: Display: Loaded TargetPlatform 'TVOS'
[2026.08.11-00.24.50:532][  0]LogTargetPlatformManager: Display: Loaded TargetPlatform 'WindowsNoEditor'
[2026.08.11-00.24.50:542][  0]LogTargetPlatformManager: Display: Loaded TargetPlatform 'Windows'
[2026.08.11-00.24.50:552][  0]LogTargetPlatformManager: Display: Loaded TargetPlatform 'WindowsClient'
[2026.08.11-00.24.50:561][  0]LogTargetPlatformManager: Display: Loaded TargetPlatform 'WindowsServer'
[2026.08.11-00.24.50:561][  0]LogTargetPlatformManager: Display: Building Assets For Windows
[2026.08.11-00.24.50:588][  0]LogAudioDebug: Display: Lib vorbis DLL was dynamically loaded.
[2026.08.11-00.24.50:710][  0]LogTextureFormatOodle: Display: Oodle Texture 2.9.0 init RDO Off
[2026.08.11-00.24.50:882][  0]LogRendererCore: Ray tracing is disabled. Reason: r.RayTracing=0.
[2026.08.11-00.24.50:886][  0]LogShaderCompilers: Guid format shader working directory is -5 characters bigger than the processId version (../../../../../../Users/Administrator/Downloads/Bar-z1/Bar/Intermediate/Shaders/WorkingDirectory/21164/).
[2026.08.11-00.24.50:887][  0]LogShaderCompilers: Cleaned the shader compiler working directory 'C:/Users/Administrator/AppData/Local/Temp/UnrealShaderWorkingDir/CDD555A44E58F99EFF6A0997A2B3FEFA/'.
[2026.08.11-00.24.50:889][  0]LogXGEController: Cannot use XGE Controller as Incredibuild is not installed on this machine.
[2026.08.11-00.24.50:890][  0]LogShaderCompilers: Cannot use XGE Shader Compiler as Incredibuild is not installed on this machine.
[2026.08.11-00.24.50:890][  0]LogShaderCompilers: Display: Using Local Shader Compiler.
[2026.08.11-00.24.52:163][  0]LogDerivedDataCache: Display: Max Cache Size: 512 MB
[2026.08.11-00.24.52:647][  0]LogDerivedDataCache: Loaded boot cache 0.48s 94MB C:/Users/Administrator/AppData/Local/UnrealEngine/4.27/DerivedDataCache/Boot.ddc.
[2026.08.11-00.24.52:647][  0]LogDerivedDataCache: Display: Loaded Boot cache: C:/Users/Administrator/AppData/Local/UnrealEngine/4.27/DerivedDataCache/Boot.ddc
[2026.08.11-00.24.52:648][  0]LogDerivedDataCache: FDerivedDataBackendGraph:  Pak pak cache file ../../../../../../Users/Administrator/Downloads/Bar-z1/Bar/DerivedDataCache/DDC.ddp not found, will not use a pak cache.
[2026.08.11-00.24.52:648][  0]LogDerivedDataCache: Unable to find inner node Pak for hierarchical cache Hierarchy.
[2026.08.11-00.24.52:648][  0]LogDerivedDataCache: FDerivedDataBackendGraph:  CompressedPak pak cache file ../../../../../../Users/Administrator/Downloads/Bar-z1/Bar/DerivedDataCache/Compressed.ddp not found, will not use a pak cache.
[2026.08.11-00.24.52:648][  0]LogDerivedDataCache: Unable to find inner node CompressedPak for hierarchical cache Hierarchy.
[2026.08.11-00.24.52:691][  0]LogDerivedDataCache: Display: Pak cache opened for reading ../../../Engine/DerivedDataCache/Compressed.ddp.
[2026.08.11-00.24.52:691][  0]LogDerivedDataCache: FDerivedDataBackendGraph:  EnterprisePak pak cache file ../../../Enterprise/DerivedDataCache/Compressed.ddp not found, will not use a pak cache.
[2026.08.11-00.24.52:691][  0]LogDerivedDataCache: Unable to find inner node EnterprisePak for hierarchical cache Hierarchy.
[2026.08.11-00.24.52:711][  0]LogDerivedDataCache: Speed tests for C:/Users/Administrator/AppData/Local/UnrealEngine/Common/DerivedDataCache took 0.02 seconds
[2026.08.11-00.24.52:711][  0]LogDerivedDataCache: Display: Performance to C:/Users/Administrator/AppData/Local/UnrealEngine/Common/DerivedDataCache: Latency=0.38ms. RandomReadSpeed=126.41MBs, RandomWriteSpeed=112.75MBs. Assigned SpeedClass 'Local'
[2026.08.11-00.24.52:712][  0]LogDerivedDataCache: Using Local data cache path C:/Users/Administrator/AppData/Local/UnrealEngine/Common/DerivedDataCache: Writable
[2026.08.11-00.24.52:712][  0]LogDerivedDataCache: Shared data cache path not found in *engine.ini, will not use an Shared cache.
[2026.08.11-00.24.52:712][  0]LogDerivedDataCache: Unable to find inner node Shared for hierarchical cache Hierarchy.
[2026.08.11-00.24.52:791][  0]LogSlate: Using FreeType 2.10.0
[2026.08.11-00.24.52:799][  0]LogSlate: SlateFontServices - WITH_FREETYPE: 1, WITH_HARFBUZZ: 1
[2026.08.11-00.24.52:890][  0]LogAssetRegistry: FAssetRegistry took 0.0118 seconds to start up
[2026.08.11-00.24.54:192][  0]LogInit: Selected Device Profile: [Windows]
[2026.08.11-00.24.54:194][  0]LogInit: Active device profile: [000001C8219D4B00][000001C821F86440 49] Windows
[2026.08.11-00.24.54:194][  0]LogInit: Profiles: [000001C8219D4B00][000001C821F86440 49] Windows, [000001C821996100][000001C821F8E5C0 49] WindowsNoEditor, [000001C8219D5900][000001C821F92740 49] WindowsServer, [000001C821996E00][000001C821F8A880 49] WindowsClient, [000001C8219D7C00][000001C821F969C0 49] IOS, [000001C821994F00][000001C821F9AB00 49] iPadAir, [000001C8219D7E00][000001C821FA2C80 49] iPadAir2, [000001C821930D00][000001C821FAAF40 49] IPadPro, [000001C821930E00][000001C821FA6F80 49] iPadAir3, [000001C821997B00][000001C821FAF100 49] iPadAir4, [000001C821933700][000001C821FB3280 49] iPadMini2, [000001C821997100][000001C821FB7400 49] iPadMini3, [000001C821933900][000001C821FBB580 49] iPadMini4, [000001C821997500][000001C821FBF700 49] iPadMini5, [000001C821938600][000001C821FC79C0 49] iPhone6, [000001C821938700][000001C821FC3A00 49] iPodTouch6, [000001C8219D6600][000001C821FCE140 49] iPhone7, [000001C8219D6800][000001C821FCA180 49] iPodTouch7, [000001C821938100][000001C821FD2300 49] iPhone5S, [000001C821930700][000001C821FD6480 49] iPhone6Plus, [000001C82193A500][000001C821FDA600 49] iPhone6S, [000001C821931400][000001C821FDE780 49] iPhone6SPlus, [000001C82193BB00][000001C821FE2900 49] iPhone7Plus, [000001C821933600][000001C821F9EA40 49] iPhoneSE, [000001C8219D6C00][000001C821FE6B80 49] iPhone8, [000001C821930600][000001C821FEACC0 49] iPhone8Plus, [000001C8219D6100][000001C821FF2E40 49] iPhoneX, [000001C821932900][000001C821FF6FC0 49] iPhoneXS, [000001C8219D7D00][000001C821FFB140 49] iPhoneXSMax, [000001C821932E00][000001C821FFF2C0 49] iPhoneXR, [000001C8219D7F00][000001C822003440 49] iPhone11, [000001C821931F00][000001C8220115C0 49] iPhone11Pro, [000001C8219D4600][000001C822015740 49] iPhone11ProMax, [000001C821932000][000001C8220198C0 49] iPhoneSE2, [000001C8219D7A00][000001C82201DA40 49] iPhone12Mini, [000001C821932700][000001C822021BC0 49] iPhone12, [000001C8219D6A00][000001C8220241C0 49] iPhone12Pro, [000001C821930500][000001C822028340 49] iPhone12ProMax, [000001C8219D7900][000001C82202C4C0 49] iPadPro105, [000001C821931800][000001C822030640 49] iPadPro129, [000001C8219D4C00][000001C8220347C0 49] iPadPro97, [000001C821932400][000001C822038940 49] iPadPro2_129, [000001C8219D4800][000001C82203CAC0 49] iPad5, [000001C821930400][000001C821FEEC00 49] iPad6, [000001C8219D5B00][000001C822040D40 49] iPad7, [000001C821933500][000001C822044E80 49] iPad8, [000001C8219D5F00][000001C822048FC0 49] iPadPro11, [000001C821931A00][000001C8105D1140 49] iPadPro2_11, [000001C8219D6500][000001C8105D52C0 49] iPadPro3_129, [000001C821932200][000001C8105D9440 49] iPadPro4_129, [000001C8219D5600][000001C8105DD5C0 49] AppleTV, [000001C821933D00][000001C8105E1740 49] AppleTV4K, [000001C8219D5A00][000001C8105E58C0 49] TVOS, [000001C821930A00][000001C8105E9A40 49] Mac, [000001C8219D6400][000001C8105EDBC0 49] MacClient, [000001C821932C00][000001C8105F01C0 49] MacNoEditor, [000001C8219D7500][000001C8105F4340 49] MacServer, [000001C821932300][000001C8105F84C0 49] Linux, [000001C8219D4300][000001C8105FC640 49] LinuxAArch64, [000001C821932100][000001C8106007C0 49] LinuxNoEditor, [000001C8219D6300][000001C810604940 49] LinuxAArch64NoEditor, [000001C821933C00][000001C810608AC0 49] LinuxClient, [000001C8219D4F00][000001C81060CC40 49] LinuxAArch64Client, [000001C821931200][000001C82204CD80 49] LinuxServer, [000001C8219D7000][000001C810610EC0 49] LinuxAArch64Server, [000001C821931600][000001C810615000 49] Android, [000001C8219D5200][000001C810619140 49] Android_Low, [000001C821933E00][000001C8106212C0 49] Android_Mid, [000001C8219D4100][000001C810625440 49] Android_High, [000001C821932A00][000001C8106295C0 49] Android_Default, [000001C8219D5300][000001C81062D740 49] Android_Adreno4xx, [000001C821996300][000001C8220DF8C0 49] Android_Adreno5xx_Low, [000001C821939C00][000001C8220E3A40 49] Android_Adreno5xx, [000001C821997E00][000001C8220E7BC0 49] Android_Adreno6xx, [000001C82193A700][000001C8220EA1C0 49] Android_Adreno6xx_Vulkan, [000001C821997600][000001C8220EE340 49] Android_Mali_T6xx, [000001C821938F00][000001C8220F24C0 49] Android_Mali_T7xx, [000001C821995B00][000001C8220F6640 49] Android_Mali_T8xx, [000001C821939F00][000001C8220FA7C0 49] Android_Mali_G71, [000001C821996C00][000001C8220FE940 49] Android_Mali_G72, [000001C82193AF00][000001C822102AC0 49] Android_Mali_G72_Vulkan, [000001C821996500][000001C822106C40 49] Android_Mali_G76, [000001C82193A200][000001C82210ADC0 49] Android_Mali_G76_Vulkan, [000001C821994E00][000001C82210EF40 49] Android_Mali_G77, [000001C821939400][000001C81061D080 49] Android_Mali_G77_Vulkan, [000001C821997700][000001C8221131C0 49] Android_Mali_G78, [000001C821939300][000001C822117300 49] Android_Mali_G78_Vulkan, [000001C821995500][000001C82211F480 49] Android_Mali_G710, [000001C82193BD00][000001C822123600 49] Android_Mali_G710_Vulkan, [000001C821994700][000001C822127780 49] Android_Vulkan_SM5, [000001C821939B00][000001C82212B900 49] Android_PowerVR_G6xxx, [000001C821994A00][000001C82212FA80 49] Android_PowerVR_GT7xxx, [000001C821938200][000001C822133C00 49] Android_PowerVR_GE8xxx, [000001C821997800][000001C822136200 49] Android_PowerVR_GM9xxx, [000001C821938A00][000001C82213A380 49] Android_PowerVR_GM9xxx_Vulkan, [000001C821995000][000001C82213E500 49] Android_TegraK1, [000001C821939700][000001C822142680 49] Android_Unknown_Vulkan, [000001C821995800][000001C822146800 49] Lumin, [000001C82193BC00][000001C82214A980 49] Lumin_Desktop, [000001C821995600][000001C82214EB00 49] HoloLens, 
[2026.08.11-00.24.54:864][  0]LogMeshReduction: Using QuadricMeshReduction for automatic static mesh reduction
[2026.08.11-00.24.54:864][  0]LogMeshReduction: Using SimplygonMeshReduction for automatic skeletal mesh reduction
[2026.08.11-00.24.54:864][  0]LogMeshReduction: Using ProxyLODMeshReduction for automatic mesh merging
[2026.08.11-00.24.54:864][  0]LogMeshReduction: No distributed automatic mesh merging module available
[2026.08.11-00.24.54:864][  0]LogMeshMerging: No distributed automatic mesh merging module available
[2026.08.11-00.24.54:955][  0]LogNetVersion: Bar 1.0.0, NetCL: 17155196, EngineNetVer: 17, GameNetVer: 0 (Checksum: 994579761)
[2026.08.11-00.24.56:247][  0]LogTexture: Default maximum texture size for cubemaps generated from long-lat sources has been changed from 512 to unlimited. In order to preserve old behaiour for '/Engine/MapTemplates/Sky/DaylightAmbientCubemap.DaylightAmbientCubemap', its maximum texture size has been explicitly set to 512.
[2026.08.11-00.24.56:402][  0]LogHMD: PokeAHoleMaterial loaded successfully
[2026.08.11-00.24.56:417][  0]LogUObjectArray: 17178 objects as part of root set at end of initial load.
[2026.08.11-00.24.56:417][  0]LogUObjectAllocator: 4302048 out of 0 bytes used by permanent object pool.
[2026.08.11-00.24.56:417][  0]LogUObjectArray: CloseDisregardForGC: 0/0 objects in disregard for GC pool
[2026.08.11-00.24.57:484][  0]LogNiagaraDebuggerClient: Niagara Debugger Client Initialized | Session: 45BF6954463484FC402BE08C5C204CBD | Instance: DCF854BD43CFDE9F1BAD5C9FADBFF6D0 (备用机-21164).
[2026.08.11-00.24.58:062][  0]LogTcpMessaging: Initializing TcpMessaging bridge
[2026.08.11-00.24.58:092][  0]LogUdpMessaging: Initializing bridge on interface 0.0.0.0:0 to multicast group 230.0.0.1:6666.
[2026.08.11-00.24.58:141][  0]LogPython: Using Python 3.7.7
[2026.08.11-00.24.59:537][  0]SourceControl: 源码管理已禁用
[2026.08.11-00.24.59:538][  0]SourceControl: 源码管理已禁用
[2026.08.11-00.24.59:555][  0]SourceControl: 源码管理已禁用
[2026.08.11-00.24.59:566][  0]SourceControl: 源码管理已禁用
[2026.08.11-00.24.59:594][  0]SourceControl: 源码管理已禁用
[2026.08.11-00.24.59:610][  0]LogUProjectInfo: Found projects:
[2026.08.11-00.24.59:621][  0]LogVSAccessor: Display: Unable to create Visual Studio setup instance: 80040154
[2026.08.11-00.24.59:622][  0]LogVSAccessor: Display: Unable to create Visual Studio setup instance: 80040154
[2026.08.11-00.24.59:622][  0]LogVSAccessor: Display: Unable to create Visual Studio setup instance: 80040154
[2026.08.11-00.25.00:384][  0]LogOpenImageDenoise: OIDN starting up
[2026.08.11-00.25.00:448][  0]LogAndroidPermission: UAndroidPermissionCallbackProxy::GetInstance
[2026.08.11-00.25.00:523][  0]LogAudioCaptureCore: Display: No Audio Capture implementations found. Audio input will be silent.
[2026.08.11-00.25.00:523][  0]LogAudioCaptureCore: Display: No Audio Capture implementations found. Audio input will be silent.
[2026.08.11-00.25.00:794][  0]LogCollectionManager: Loaded 0 collections in 0.002567 seconds
[2026.08.11-00.25.00:878][  0]LogFileCache: Scanning file cache for directory 'C:/Users/Administrator/Downloads/Bar-z1/Bar/Saved/Collections/' took 0.00s
[2026.08.11-00.25.00:878][  0]LogFileCache: Scanning file cache for directory 'C:/Users/Administrator/Downloads/Bar-z1/Bar/Content/Developers/Administrator/Collections/' took 0.00s
[2026.08.11-00.25.00:878][  0]LogFileCache: Scanning file cache for directory 'C:/Users/Administrator/Downloads/Bar-z1/Bar/Content/Collections/' took 0.00s
[2026.08.11-00.25.00:878][  0]LogOcInput: OculusInput pre-init called
[2026.08.11-00.25.01:446][  0]LogEngine: Initializing Engine...
[2026.08.11-00.25.01:475][  0]LogHMD: Failed to enumerate extensions. Please check that you have a valid OpenXR runtime installed.
[2026.08.11-00.25.01:478][  0]LogHMD: Failed to initialize OpenVR with code 110
[2026.08.11-00.25.01:478][  0]LogMagicLeap: Warning: VR disabled because ZI is not enabled.  To enable, in the editor, Edit -> Project Settings -> Plugins -> Magic Leap Plugin -> Enable Zero Iteration
[2026.08.11-00.25.01:489][  0]LogStats: UGameplayTagsManager::InitializeManager -  0.003 s
[2026.08.11-00.25.01:682][  0]LogInit: Initializing FReadOnlyCVARCache
[2026.08.11-00.25.01:771][  0]LogAIModule: Creating AISystem for world Untitled
[2026.08.11-00.25.01:784][  0]LogAudio: Display: Initializing Audio Device Manager...
[2026.08.11-00.25.01:795][  0]LogAudio: Display: Loading Default Audio Settings Objects...
[2026.08.11-00.25.01:797][  0]LogAudio: Display: No default SoundConcurrencyObject specified (or failed to load).
[2026.08.11-00.25.01:800][  0]LogAudio: Display: Audio Device Manager Initialized
[2026.08.11-00.25.01:800][  0]LogAudio: Display: Creating Audio Device:                 Id: 1, Scope: Shared, Realtime: True
[2026.08.11-00.25.01:802][  0]LogAudioMixer: Display: Audio Mixer Platform Settings:
[2026.08.11-00.25.01:802][  0]LogAudioMixer: Display: 	Sample Rate:						  48000
[2026.08.11-00.25.01:802][  0]LogAudioMixer: Display: 	Callback Buffer Frame Size Requested: 1024
[2026.08.11-00.25.01:802][  0]LogAudioMixer: Display: 	Callback Buffer Frame Size To Use:	  1024
[2026.08.11-00.25.01:802][  0]LogAudioMixer: Display: 	Number of buffers to queue:			  2
[2026.08.11-00.25.01:802][  0]LogAudioMixer: Display: 	Max Channels (voices):				  32
[2026.08.11-00.25.01:802][  0]LogAudioMixer: Display: 	Number of Async Source Workers:		  0
[2026.08.11-00.25.01:802][  0]LogAudio: Display: AudioDevice MaxSources: 32
[2026.08.11-00.25.01:805][  0]LogAudio: Display: Audio Spatialization Plugin: None (built-in).
[2026.08.11-00.25.01:805][  0]LogAudio: Display: Audio Reverb Plugin: None (built-in).
[2026.08.11-00.25.01:805][  0]LogAudio: Display: Audio Occlusion Plugin: None (built-in).
[2026.08.11-00.25.01:806][  0]LogAudioMixer: Display: Initializing audio mixer.
[2026.08.11-00.25.01:855][  0]LogAudioMixer: Display: 0: FrontLeft
[2026.08.11-00.25.01:855][  0]LogAudioMixer: Display: 1: FrontRight
[2026.08.11-00.25.02:040][  0]LogAudioMixer: Display: Using Audio Device 2270W (NVIDIA High Definition Audio)
[2026.08.11-00.25.02:045][  0]LogAudioMixer: Display: Initializing Sound Submixes...
[2026.08.11-00.25.02:054][  0]LogAudioMixer: Display: Creating Master Submix 'MasterSubmixDefault'
[2026.08.11-00.25.02:056][  0]LogAudioMixer: Display: Creating Master Submix 'MasterReverbSubmixDefault'
[2026.08.11-00.25.02:059][  0]LogAudioMixer: Display: Creating Master Submix 'MasterEQSubmixDefault'
[2026.08.11-00.25.02:060][  0]LogAudioMixer: FMixerPlatformXAudio2::StartAudioStream() called
[2026.08.11-00.25.02:060][  0]LogAudioMixer: Display: Output buffers initialized: Frames=1024, Channels=2, Samples=2048
[2026.08.11-00.25.02:062][  0]LogAudioMixer: Display: Starting AudioMixerPlatformInterface::RunInternal()
[2026.08.11-00.25.02:062][  0]LogAudioMixer: Display: FMixerPlatformXAudio2::SubmitBuffer() called for the first time
[2026.08.11-00.25.02:062][  0]LogInit: FAudioDevice initialized.
[2026.08.11-00.25.02:066][  0]LogAudio: Display: Audio Device (ID: 1) registered with world 'Untitled'.
[2026.08.11-00.25.02:069][  0]LogNetVersion: Set ProjectVersion to 1.0.0.0. Version Checksum will be recalculated on next use.
[2026.08.11-00.25.02:223][  0]LogDerivedDataCache: Saved boot cache 0.15s 94MB C:/Users/Administrator/AppData/Local/UnrealEngine/4.27/DerivedDataCache/Boot.ddc.
[2026.08.11-00.25.02:227][  0]LogInit: Texture streaming: Enabled
[2026.08.11-00.25.02:268][  0]LogAnalytics: Display: [UEEditor.Rocket.Release] APIServer = https://datarouter.ol.epicgames.com/. AppVersion = 4.27.2-18319896+++UE4+Release-4.27
[2026.08.11-00.25.02:277][  0]LogEngineSessionManager: EngineSessionManager initialized
[2026.08.11-00.25.02:278][  0]LogEditorSessionSummary: Verbose: Initializing EditorSessionSummaryWriter for editor session tracking
[2026.08.11-00.25.02:283][  0]LogEditorSessionSummary: EditorSessionSummaryWriter initialized
[2026.08.11-00.25.02:530][  0]LogInit: Transaction tracking system initialized
[2026.08.11-00.25.02:753][  0]BlueprintLog: New page: 编辑器加载
[2026.08.11-00.25.03:041][  0]LocalizationService: 本地化服务已禁用
[2026.08.11-00.25.03:165][  0]TimingProfiler: Initialize
[2026.08.11-00.25.03:168][  0]TimingProfiler: OnSessionChanged
[2026.08.11-00.25.03:169][  0]LoadingProfiler: Initialize
[2026.08.11-00.25.03:169][  0]LoadingProfiler: OnSessionChanged
[2026.08.11-00.25.03:169][  0]NetworkingProfiler: Initialize
[2026.08.11-00.25.03:170][  0]NetworkingProfiler: OnSessionChanged
[2026.08.11-00.25.03:170][  0]MemoryProfiler: Initialize
[2026.08.11-00.25.03:170][  0]MemoryProfiler: OnSessionChanged
[2026.08.11-00.25.03:420][  0]LogVSAccessor: Display: Unable to create Visual Studio setup instance: 80040154
[2026.08.11-00.25.03:421][  0]LogVSAccessor: Display: Unable to create Visual Studio setup instance: 80040154
[2026.08.11-00.25.03:422][  0]LogVSAccessor: Display: Unable to create Visual Studio setup instance: 80040154
[2026.08.11-00.25.03:680][  0]LogFileCache: Scanning file cache for directory 'C:/Users/Administrator/Downloads/Bar-z1/Bar/Content/' took 0.00s
[2026.08.11-00.25.03:680][  0]LogCook: Display: CookSettings for Memory: MemoryMaxUsedVirtual 0MiB, MemoryMaxUsedPhysical 16384MiB, MemoryMinFreeVirtual 0MiB, MemoryMinFreePhysical 1024MiB
[2026.08.11-00.25.03:680][  0]LogCook: Display: Mobile HDR setting 1
[2026.08.11-00.25.04:714][  0]LogInit: Display: Engine is initialized. Leaving FEngineLoop::Init()
[2026.08.11-00.25.04:736][  0]SourceControl: 源码管理已禁用
[2026.08.11-00.25.04:739][  0]LogUnrealEdMisc: Loading editor; pre map load, took 22.478
[2026.08.11-00.25.04:744][  0]Cmd: MAP LOAD FILE="../../../../../../Users/Administrator/Downloads/Bar-z1/Bar/Content/Bar/Map/model.umap" TEMPLATE=0 SHOWPROGRESS=1 FEATURELEVEL=3
[2026.08.11-00.25.04:747][  0]LightingResults: New page: 光照构建
[2026.08.11-00.25.04:773][  0]LogWorld: UWorld::CleanupWorld for Untitled, bSessionEnded=true, bCleanupResources=true
[2026.08.11-00.25.04:782][  0]LogSlate: InvalidateAllWidgets triggered.  All widgets were invalidated
[2026.08.11-00.25.04:792][  0]MapCheck: New page: 地图检测
[2026.08.11-00.25.04:792][  0]LightingResults: New page: 光照构建
[2026.08.11-00.25.04:826][  0]LogAudio: Display: Audio Device unregistered from world 'None'.
[2026.08.11-00.25.04:868][  0]LogUObjectHash: Compacting FUObjectHashTables data took   1.42ms
[2026.08.11-00.25.08:813][  0]LogTexture: Display: 正在编译纹理：T_d30（OODLE_AutoDXT、512X1024）
[2026.08.11-00.25.08:813][  0]LogTexture: Display: 正在编译纹理：T_d14（OODLE_AutoDXT、1024X1024）
[2026.08.11-00.25.08:813][  0]LogTexture: Display: 正在编译纹理：T_d19（OODLE_AutoDXT、1024X1024）
[2026.08.11-00.25.08:813][  0]LogTexture: Display: 正在编译纹理：T_d12（OODLE_AutoDXT、1024X1024）
[2026.08.11-00.25.08:813][  0]LogTextureFormatOodle: Display: non-RDO encode 512 x 1024 x 1 to format OODLE_AutoDXT (Oodle OodleTex_BC1_WithTransparency) lambda=0 effort=20 
[2026.08.11-00.25.08:814][  0]LogTextureFormatOodle: Display: non-RDO encode 1024 x 1024 x 1 to format OODLE_AutoDXT (Oodle OodleTex_BC1_WithTransparency) lambda=0 effort=20 
[2026.08.11-00.25.08:814][  0]LogTextureFormatOodle: Display: non-RDO encode 1024 x 1024 x 1 to format OODLE_AutoDXT (Oodle OodleTex_BC1_WithTransparency) lambda=0 effort=20 
[2026.08.11-00.25.08:814][  0]LogTextureFormatOodle: Display: non-RDO encode 1024 x 1024 x 1 to format OODLE_AutoDXT (Oodle OodleTex_BC1_WithTransparency) lambda=0 effort=20 
[2026.08.11-00.25.08:814][  0]LogTexture: Display: 正在编译纹理：T_n10（OODLE_BC5、2000X2000）
[2026.08.11-00.25.08:814][  0]LogTextureFormatOodle: Display: non-RDO encode 2000 x 2000 x 1 to format OODLE_BC5 (Oodle OodleTex_BC5U) lambda=0 effort=20 
[2026.08.11-00.25.08:814][  0]LogTexture: Display: 正在编译纹理：T_d16（OODLE_AutoDXT、4096X4096）
[2026.08.11-00.25.08:814][  0]LogTexture: Display: 正在编译纹理：T_d50（OODLE_AutoDXT、512X512）
[2026.08.11-00.25.08:814][  0]LogTexture: Display: 正在编译纹理：T_d22（OODLE_AutoDXT、1024X1024）
[2026.08.11-00.25.08:814][  0]LogTextureFormatOodle: Display: non-RDO encode 1024 x 1024 x 1 to format OODLE_AutoDXT (Oodle OodleTex_BC1_WithTransparency) lambda=0 effort=20 
[2026.08.11-00.25.08:814][  0]LogTexture: Display: 正在编译纹理：T_d21（OODLE_AutoDXT、1024X1024）
[2026.08.11-00.25.08:814][  0]LogTexture: Display: 正在编译纹理：T_d32（OODLE_AutoDXT、2048X2048）
[2026.08.11-00.25.08:814][  0]LogTexture: Display: 正在编译纹理：T_d29（OODLE_AutoDXT、2048X2048）
[2026.08.11-00.25.08:814][  0]LogTexture: Display: 正在编译纹理：T_n4（OODLE_BC5、2048X2048）
[2026.08.11-00.25.08:814][  0]LogTexture: Display: 正在编译纹理：T_d47（OODLE_AutoDXT、256X128）
[2026.08.11-00.25.08:814][  0]LogTextureFormatOodle: Display: non-RDO encode 1024 x 1024 x 1 to format OODLE_AutoDXT (Oodle OodleTex_BC1_WithTransparency) lambda=0 effort=20 
[2026.08.11-00.25.08:814][  0]LogTexture: Display: 正在编译纹理：T_d61（OODLE_AutoDXT、256X128）
[2026.08.11-00.25.08:814][  0]LogTextureFormatOodle: Display: non-RDO encode 2048 x 2048 x 1 to format OODLE_AutoDXT (Oodle OodleTex_BC1_WithTransparency) lambda=0 effort=20 
[2026.08.11-00.25.08:814][  0]LogTexture: Display: 正在编译纹理：T_d48（OODLE_AutoDXT、256X128）
[2026.08.11-00.25.08:814][  0]LogTextureFormatOodle: Display: non-RDO encode 2048 x 2048 x 1 to format OODLE_BC5 (Oodle OodleTex_BC5U) lambda=0 effort=20 
[2026.08.11-00.25.08:814][  0]LogTexture: Display: 正在编译纹理：T_d46（OODLE_AutoDXT、256X128）
[2026.08.11-00.25.08:814][  0]LogTextureFormatOodle: Display: non-RDO encode 2048 x 2048 x 1 to format OODLE_AutoDXT (Oodle OodleTex_BC1_WithTransparency) lambda=0 effort=20 
[2026.08.11-00.25.08:814][  0]LogTexture: Display: 正在编译纹理：T_d24（OODLE_AutoDXT、64X64）
[2026.08.11-00.25.08:814][  0]LogTextureFormatOodle: Display: non-RDO encode 1024 x 1024 x 1 to format OODLE_BC5 (Oodle OodleTex_BC5U) lambda=0 effort=20 
[2026.08.11-00.25.08:814][  0]LogTextureFormatOodle: Display: non-RDO encode 1024 x 1024 x 1 to format OODLE_AutoDXT (Oodle OodleTex_BC1_WithTransparency) lambda=0 effort=20 
[2026.08.11-00.25.08:814][  0]LogTextureFormatOodle: Display: non-RDO encode 1024 x 1024 x 1 to format OODLE_AutoDXT (Oodle OodleTex_BC1_WithTransparency) lambda=0 effort=20 
[2026.08.11-00.25.08:814][  0]LogTextureFormatOodle: Display: non-RDO encode 4096 x 4096 x 1 to format OODLE_AutoDXT (Oodle OodleTex_BC1_WithTransparency) lambda=0 effort=20 
[2026.08.11-00.25.08:814][  0]LogTexture: Display: 正在编译纹理：T_d42（OODLE_AutoDXT、512X512）
[2026.08.11-00.25.08:814][  0]LogTexture: Display: 正在编译纹理：T_d68（OODLE_AutoDXT、1024X1024）
[2026.08.11-00.25.08:814][  0]LogTextureFormatOodle: Display: non-RDO encode 1024 x 1024 x 1 to format OODLE_AutoDXT (Oodle OodleTex_BC1_WithTransparency) lambda=0 effort=20 
[2026.08.11-00.25.08:814][  0]LogStaticMesh: 正在构建静态网格体SM_Cabinet_02……
[2026.08.11-00.25.09:941][  0]LogTexture: Display: 正在编译纹理：T_d67（OODLE_AutoDXT、2048X2048）
[2026.08.11-00.25.09:941][  0]LogTexture: Display: 正在编译纹理：T_d23（OODLE_AutoDXT、256X128）
[2026.08.11-00.25.09:941][  0]LogTexture: Display: 正在编译纹理：T_d66（OODLE_AutoDXT、2048X2048）
[2026.08.11-00.25.10:547][  0]LogStaticMesh: Built static mesh [1.74s] /Game/Bar/Mesh/SM_Cabinet_02.SM_Cabinet_02
[2026.08.11-00.25.12:835][  0]LogTextureFormatOodle: Display: non-RDO encode 2048 x 2048 x 1 to format OODLE_AutoDXT (Oodle OodleTex_BC1_WithTransparency) lambda=0 effort=20 
[2026.08.11-00.25.12:835][  0]LogTextureFormatOodle: Display: non-RDO encode 2048 x 2048 x 1 to format OODLE_AutoDXT (Oodle OodleTex_BC1_WithTransparency) lambda=0 effort=20 
[2026.08.11-00.25.12:835][  0]LogTexture: Display: 正在编译纹理：T_d73（OODLE_AutoDXT、1024X1024）
[2026.08.11-00.25.12:835][  0]LogTexture: Display: 正在编译纹理：T_d38（OODLE_AutoDXT、1024X2048）
[2026.08.11-00.25.12:835][  0]LogTextureFormatOodle: Display: non-RDO encode 1024 x 1024 x 1 to format OODLE_AutoDXT (Oodle OodleTex_BC1_WithTransparency) lambda=0 effort=20 
[2026.08.11-00.25.12:835][  0]LogTextureFormatOodle: Display: non-RDO encode 1024 x 1024 x 1 to format OODLE_AutoDXT (Oodle OodleTex_BC1_WithTransparency) lambda=0 effort=20 
[2026.08.11-00.25.12:835][  0]LogTextureFormatOodle: Display: non-RDO encode 1024 x 2048 x 1 to format OODLE_AutoDXT (Oodle OodleTex_BC1_WithTransparency) lambda=0 effort=20 
[2026.08.11-00.25.12:835][  0]LogTextureFormatOodle: Display: non-RDO encode 2048 x 2048 x 1 to format OODLE_AutoDXT (Oodle OodleTex_BC1_WithTransparency) lambda=0 effort=20 
[2026.08.11-00.25.12:835][  0]LogTexture: Display: 正在编译纹理：T_d15（OODLE_AutoDXT、4096X4096）
[2026.08.11-00.25.12:835][  0]LogTexture: Display: 正在编译纹理：T_d41（OODLE_AutoDXT、4096X4096）
[2026.08.11-00.25.12:835][  0]LogTextureFormatOodle: Display: non-RDO encode 1024 x 1024 x 1 to format OODLE_AutoDXT (Oodle OodleTex_BC1_WithTransparency) lambda=0 effort=20 
[2026.08.11-00.25.12:835][  0]LogTextureFormatOodle: Display: non-RDO encode 512 x 1024 x 1 to format OODLE_AutoDXT (Oodle OodleTex_BC1_WithTransparency) lambda=0 effort=20 
[2026.08.11-00.25.12:835][  0]LogTextureFormatOodle: Display: non-RDO encode 1024 x 1024 x 1 to format OODLE_AutoDXT (Oodle OodleTex_BC1_WithTransparency) lambda=0 effort=20 
[2026.08.11-00.25.12:835][  0]LogTexture: Display: 正在编译纹理：T_d20（OODLE_AutoDXT、512X512）
[2026.08.11-00.25.12:835][  0]LogTexture: Display: 正在编译纹理：T_d3（OODLE_AutoDXT、64X64）
[2026.08.11-00.25.12:835][  0]LogTexture: Display: 正在编译纹理：T_d31（OODLE_AutoDXT、1024X1024）
[2026.08.11-00.25.12:835][  0]LogTextureFormatOodle: Display: non-RDO encode 4096 x 4096 x 1 to format OODLE_AutoDXT (Oodle OodleTex_BC1_WithTransparency) lambda=0 effort=20 
[2026.08.11-00.25.12:835][  0]LogMaterial: Display: Missing cached shadermap for MI_Deco_27 in PCD3D_SM5, Default, SM5 (DDC key hash: 6AD52D48BD437976EE7F56E305BFDE6F586AB1E0), compiling. 
[2026.08.11-00.25.13:038][  0]LogTexture: Display: 正在编译纹理：T_d5（OODLE_AutoDXT、2048X2048）
[2026.08.11-00.25.13:038][  0]LogShaderCompilers: Display: Submitted 25 shader compile jobs with 'Low' priority
[2026.08.11-00.25.13:052][  0]LogShaderCompilers: Display: Worker (1/5): shaders left to compile 25
[2026.08.11-00.25.13:052][  0]LogShaderCompilers: Display: Worker (2/5): shaders left to compile 19
[2026.08.11-00.25.13:052][  0]LogShaderCompilers: Display: Worker (3/5): shaders left to compile 13
[2026.08.11-00.25.13:052][  0]LogShaderCompilers: Display: Worker (4/5): shaders left to compile 7
[2026.08.11-00.25.13:053][  0]LogShaderCompilers: Display: Worker (5/5): shaders left to compile 1
[2026.08.11-00.25.13:053][  0]LogShaderCompilers: Display: Started 25 'Local' shader compile jobs with 'Low' priority
[2026.08.11-00.25.13:053][  0]LogStaticMesh: 正在构建静态网格体SM_Cabinet_01……
[2026.08.11-00.25.14:420][  0]LogTextureFormatOodle: Display: non-RDO encode 1024 x 1024 x 1 to format OODLE_AutoDXT (Oodle OodleTex_BC1_WithTransparency) lambda=0 effort=20 
[2026.08.11-00.25.14:420][  0]LogTexture: Display: 正在编译纹理：T_d40（OODLE_AutoDXT、4096X4096）
[2026.08.11-00.25.14:420][  0]LogTextureFormatOodle: Display: non-RDO encode 4096 x 4096 x 1 to format OODLE_AutoDXT (Oodle OodleTex_BC1_WithTransparency) lambda=0 effort=20 
[2026.08.11-00.25.14:420][  0]LogTextureFormatOodle: Display: non-RDO encode 2048 x 2048 x 1 to format OODLE_AutoDXT (Oodle OodleTex_BC1_WithTransparency) lambda=0 effort=20 
[2026.08.11-00.25.15:357][  0]LogTextureFormatOodle: Display: non-RDO encode 2048 x 2048 x 1 to format OODLE_AutoDXT (Oodle OodleTex_BC1_WithTransparency) lambda=0 effort=20 
[2026.08.11-00.25.15:357][  0]LogTexture: Display: 正在编译纹理：T_n13（OODLE_BC5、4096X4096）
[2026.08.11-00.25.15:357][  0]LogStaticMesh: Built static mesh [2.31s] /Game/Bar/Mesh/SM_Cabinet_01.SM_Cabinet_01
[2026.08.11-00.25.15:370][  0]LogStaticMesh: 正在构建静态网格体SM_Chair_23……
[2026.08.11-00.25.17:484][  0]LogTextureFormatOodle: Display: non-RDO encode 1024 x 1024 x 1 to format OODLE_AutoDXT (Oodle OodleTex_BC1_WithTransparency) lambda=0 effort=20 
[2026.08.11-00.25.17:484][  0]LogTextureFormatOodle: Display: non-RDO encode 1024 x 1024 x 1 to format OODLE_AutoDXT (Oodle OodleTex_BC1_WithTransparency) lambda=0 effort=20 
[2026.08.11-00.25.17:484][  0]LogTextureFormatOodle: Display: non-RDO encode 4096 x 4096 x 1 to format OODLE_AutoDXT (Oodle OodleTex_BC1_WithTransparency) lambda=0 effort=20 
[2026.08.11-00.25.17:484][  0]LogTextureFormatOodle: Display: non-RDO encode 4096 x 4096 x 1 to format OODLE_BC5 (Oodle OodleTex_BC5U) lambda=0 effort=20 
[2026.08.11-00.25.17:484][  0]LogTextureFormatOodle: Display: non-RDO encode 2048 x 2048 x 1 to format OODLE_AutoDXT (Oodle OodleTex_BC1_WithTransparency) lambda=0 effort=20 
[2026.08.11-00.25.17:484][  0]LogTexture: Display: 正在编译纹理：T_d72（OODLE_AutoDXT、2048X2048）
[2026.08.11-00.25.21:485][  0]LogTextureFormatOodle: Display: non-RDO encode 1024 x 1024 x 1 to format OODLE_AutoDXT (Oodle OodleTex_BC1_WithTransparency) lambda=0 effort=20 
[2026.08.11-00.25.21:485][  0]LogTextureFormatOodle: Display: non-RDO encode 2048 x 2048 x 1 to format OODLE_BC5 (Oodle OodleTex_BC5U) lambda=0 effort=20 
[2026.08.11-00.25.21:485][  0]LogTextureFormatOodle: Display: non-RDO encode 2048 x 2048 x 1 to format OODLE_AutoDXT (Oodle OodleTex_BC1_WithTransparency) lambda=0 effort=20 
[2026.08.11-00.25.21:485][  0]LogTextureFormatOodle: Display: non-RDO encode 1024 x 1024 x 1 to format OODLE_BC5 (Oodle OodleTex_BC5U) lambda=0 effort=20 
[2026.08.11-00.25.21:485][  0]LogTextureFormatOodle: Display: non-RDO encode 2048 x 2048 x 1 to format OODLE_AutoDXT (Oodle OodleTex_BC1_WithTransparency) lambda=0 effort=20 
[2026.08.11-00.25.21:486][  0]LogTexture: Display: 正在编译纹理：T_d13（OODLE_AutoDXT、4096X4096）
[2026.08.11-00.25.21:486][  0]LogTextureFormatOodle: Display: non-RDO encode 1024 x 1024 x 1 to format OODLE_AutoDXT (Oodle OodleTex_BC1_WithTransparency) lambda=0 effort=20 
[2026.08.11-00.25.21:486][  0]LogTexture: Display: 正在编译纹理：T_n2（OODLE_BC5、800X800）
[2026.08.11-00.25.21:486][  0]LogTexture: Display: 正在编译纹理：T_d2（OODLE_AutoDXT、128X1024）
[2026.08.11-00.25.26:929][  0]LogTextureFormatOodle: Display: non-RDO encode 1024 x 1024 x 1 to format OODLE_AutoDXT (Oodle OodleTex_BC1_WithTransparency) lambda=0 effort=20 
[2026.08.11-00.25.26:929][  0]LogTexture: Display: 正在编译纹理：T_d1（OODLE_AutoDXT、4096X4096）
[2026.08.11-00.25.26:929][  0]LogTexture: Display: 正在编译纹理：T_d36（OODLE_AutoDXT、2048X2048）
[2026.08.11-00.25.26:929][  0]LogTextureFormatOodle: Display: non-RDO encode 128 x 1024 x 1 to format OODLE_AutoDXT (Oodle OodleTex_BC1_WithTransparency) lambda=0 effort=20 
[2026.08.11-00.25.26:929][  0]LogTexture: Display: 正在编译纹理：T_d44（OODLE_AutoDXT、512X512）
[2026.08.11-00.25.26:929][  0]LogTextureFormatOodle: Display: non-RDO encode 4096 x 4096 x 1 to format OODLE_AutoDXT (Oodle OodleTex_BC1_WithTransparency) lambda=0 effort=20 
[2026.08.11-00.25.26:929][  0]LogTexture: Display: 正在编译纹理：T_n15（OODLE_BC5、512X1024）
[2026.08.11-00.25.26:929][  0]LogTextureFormatOodle: Display: non-RDO encode 2048 x 2048 x 1 to format OODLE_AutoDXT (Oodle OodleTex_BC1_WithTransparency) lambda=0 effort=20 
[2026.08.11-00.25.26:929][  0]LogTextureFormatOodle: Display: non-RDO encode 512 x 1024 x 1 to format OODLE_BC5 (Oodle OodleTex_BC5U) lambda=0 effort=20 
[2026.08.11-00.25.26:930][  0]LogTextureFormatOodle: Display: non-RDO encode 1024 x 1024 x 1 to format OODLE_AutoDXT (Oodle OodleTex_BC1_WithTransparency) lambda=0 effort=20 
[2026.08.11-00.25.26:930][  0]LogTexture: Display: 正在编译纹理：T_d37（OODLE_AutoDXT、512X1024）
[2026.08.11-00.25.26:930][  0]LogTextureFormatOodle: Display: non-RDO encode 512 x 1024 x 1 to format OODLE_AutoDXT (Oodle OodleTex_BC1_WithTransparency) lambda=0 effort=20 
[2026.08.11-00.25.26:930][  0]LogTexture: Display: 正在编译纹理：T_n20（OODLE_BC5、512X1024）
[2026.08.11-00.25.26:930][  0]LogTextureFormatOodle: Display: non-RDO encode 4096 x 4096 x 1 to format OODLE_AutoDXT (Oodle OodleTex_BC1_WithTransparency) lambda=0 effort=20 
[2026.08.11-00.25.26:930][  0]LogTextureFormatOodle: Display: non-RDO encode 512 x 1024 x 1 to format OODLE_BC5 (Oodle OodleTex_BC5U) lambda=0 effort=20 
[2026.08.11-00.25.26:930][  0]LogTextureFormatOodle: Display: non-RDO encode 2048 x 2048 x 1 to format OODLE_AutoDXT (Oodle OodleTex_BC1_WithTransparency) lambda=0 effort=20 
[2026.08.11-00.25.26:930][  0]LogTexture: Display: 正在编译纹理：T_d39（OODLE_AutoDXT、512X1024）
[2026.08.11-00.25.26:930][  0]LogTextureFormatOodle: Display: non-RDO encode 512 x 1024 x 1 to format OODLE_AutoDXT (Oodle OodleTex_BC1_WithTransparency) lambda=0 effort=20 
[2026.08.11-00.25.26:930][  0]LogTexture: Display: 正在编译纹理：T_d753（OODLE_AutoDXT、1024X512）
[2026.08.11-00.25.26:930][  0]LogTexture: Display: 正在编译纹理：T_d10（OODLE_AutoDXT、2048X2048）
[2026.08.11-00.25.26:930][  0]LogTexture: Display: 正在编译纹理：T_d11（OODLE_AutoDXT、2048X2048）
[2026.08.11-00.25.34:309][  0]LogTextureFormatOodle: Display: non-RDO encode 1024 x 1024 x 1 to format OODLE_AutoDXT (Oodle OodleTex_BC1_WithTransparency) lambda=0 effort=20 
[2026.08.11-00.25.34:309][  0]LogTextureFormatOodle: Display: non-RDO encode 2048 x 2048 x 1 to format OODLE_AutoDXT (Oodle OodleTex_BC1_WithTransparency) lambda=0 effort=20 
[2026.08.11-00.25.34:309][  0]LogTextureFormatOodle: Display: non-RDO encode 2048 x 2048 x 1 to format OODLE_AutoDXT (Oodle OodleTex_BC1_WithTransparency) lambda=0 effort=20 
[2026.08.11-00.25.34:309][  0]LogTextureFormatOodle: Display: non-RDO encode 1024 x 512 x 1 to format OODLE_AutoDXT (Oodle OodleTex_BC1_WithTransparency) lambda=0 effort=20 
[2026.08.11-00.25.34:310][  0]LogTextureFormatOodle: Display: non-RDO encode 2048 x 2048 x 1 to format OODLE_AutoDXT (Oodle OodleTex_BC1_WithTransparency) lambda=0 effort=20 
[2026.08.11-00.25.34:310][  0]LogTextureFormatOodle: Display: non-RDO encode 1024 x 1024 x 1 to format OODLE_AutoDXT (Oodle OodleTex_BC1_WithTransparency) lambda=0 effort=20 
[2026.08.11-00.25.34:310][  0]LogTextureFormatOodle: Display: non-RDO encode 1024 x 1024 x 1 to format OODLE_AutoDXT (Oodle OodleTex_BC1_WithTransparency) lambda=0 effort=20 
[2026.08.11-00.25.34:310][  0]LogTextureFormatOodle: Display: non-RDO encode 1024 x 1024 x 1 to format OODLE_AutoDXT (Oodle OodleTex_BC1_WithTransparency) lambda=0 effort=20 
[2026.08.11-00.25.34:310][  0]LogTexture: Display: 正在编译纹理：T_d9（OODLE_AutoDXT、2048X2048）
[2026.08.11-00.25.34:310][  0]LogTexture: Display: 正在编译纹理：T_d8（OODLE_AutoDXT、2048X2048）
[2026.08.11-00.25.34:310][  0]LogTexture: Display: 正在编译纹理：T_Leather002_Normal（OODLE_BC5、512X512）
[2026.08.11-00.25.34:310][  0]LogTexture: Display: 正在编译纹理：T_d7（OODLE_AutoDXT、2048X2048）
[2026.08.11-00.25.34:310][  0]LogTexture: Display: 正在编译纹理：T_Leather002_BaseColor（OODLE_AutoDXT、512X512）
[2026.08.11-00.25.34:310][  0]LogTexture: Display: 正在编译纹理：T_d6（OODLE_AutoDXT、2048X2048）
[2026.08.11-00.25.34:310][  0]LogTexture: Display: 正在编译纹理：T_d70（OODLE_AutoDXT、2048X2048）
[2026.08.11-00.25.34:310][  0]LogTextureFormatOodle: Display: non-RDO encode 2048 x 2048 x 1 to format OODLE_AutoDXT (Oodle OodleTex_BC1_WithTransparency) lambda=0 effort=20 
[2026.08.11-00.25.34:310][  0]LogTextureFormatOodle: Display: non-RDO encode 2048 x 2048 x 1 to format OODLE_AutoDXT (Oodle OodleTex_BC1_WithTransparency) lambda=0 effort=20 
[2026.08.11-00.25.34:310][  0]LogTextureFormatOodle: Display: non-RDO encode 1024 x 1024 x 1 to format OODLE_AutoDXT (Oodle OodleTex_BC1_WithTransparency) lambda=0 effort=20 
[2026.08.11-00.25.34:310][  0]LogTextureFormatOodle: Display: non-RDO encode 2048 x 2048 x 1 to format OODLE_AutoDXT (Oodle OodleTex_BC1_WithTransparency) lambda=0 effort=20 
[2026.08.11-00.25.34:310][  0]LogTextureFormatOodle: Display: non-RDO encode 2048 x 2048 x 1 to format OODLE_AutoDXT (Oodle OodleTex_BC1_WithTransparency) lambda=0 effort=20 
[2026.08.11-00.25.34:310][  0]LogTextureFormatOodle: Display: non-RDO encode 2048 x 2048 x 1 to format OODLE_AutoDXT (Oodle OodleTex_BC1_WithTransparency) lambda=0 effort=20 
[2026.08.11-00.25.34:310][  0]LogTexture: Display: 正在编译纹理：T_n8（BGRA8、2515X2508）
[2026.08.11-00.25.34:310][  0]LogTexture: Display: 正在编译纹理：T_d34（OODLE_AutoDXT、1024X1024）
[2026.08.11-00.25.34:310][  0]LogTextureFormatOodle: Display: non-RDO encode 1024 x 1024 x 1 to format OODLE_AutoDXT (Oodle OodleTex_BC1_WithTransparency) lambda=0 effort=20 
[2026.08.11-00.25.34:310][  0]LogTextureFormatOodle: Display: non-RDO encode 1024 x 1024 x 1 to format OODLE_AutoDXT (Oodle OodleTex_BC1_WithTransparency) lambda=0 effort=20 
[2026.08.11-00.25.34:310][  0]LogTextureFormatOodle: Display: non-RDO encode 1024 x 1024 x 1 to format OODLE_AutoDXT (Oodle OodleTex_BC1_WithTransparency) lambda=0 effort=20 
[2026.08.11-00.25.34:310][  0]LogTextureFormatOodle: Display: non-RDO encode 1024 x 1024 x 1 to format OODLE_AutoDXT (Oodle OodleTex_BC1_WithTransparency) lambda=0 effort=20 
[2026.08.11-00.25.34:310][  0]LogTextureFormatOodle: Display: non-RDO encode 1024 x 1024 x 1 to format OODLE_AutoDXT (Oodle OodleTex_BC1_WithTransparency) lambda=0 effort=20 
[2026.08.11-00.25.34:310][  0]LogTexture: Display: 正在编译纹理：T_d76（OODLE_AutoDXT、128X1024）
[2026.08.11-00.25.34:310][  0]LogTexture: Display: 正在编译纹理：T_d33（OODLE_AutoDXT、1024X1024）
[2026.08.11-00.25.34:310][  0]LogTexture: Display: 正在编译纹理：T_d35（OODLE_AutoDXT、1024X512）
[2026.08.11-00.25.34:310][  0]LogTexture: Display: 正在编译纹理：T_d60（OODLE_AutoDXT、2048X2048）
[2026.08.11-00.25.34:310][  0]LogTextureFormatOodle: Display: non-RDO encode 128 x 1024 x 1 to format OODLE_AutoDXT (Oodle OodleTex_BC1_WithTransparency) lambda=0 effort=20 
[2026.08.11-00.25.34:310][  0]LogTextureFormatOodle: Display: non-RDO encode 1024 x 1024 x 1 to format OODLE_AutoDXT (Oodle OodleTex_BC1_WithTransparency) lambda=0 effort=20 
[2026.08.11-00.25.34:310][  0]LogTextureFormatOodle: Display: non-RDO encode 1024 x 512 x 1 to format OODLE_AutoDXT (Oodle OodleTex_BC1_WithTransparency) lambda=0 effort=20 
[2026.08.11-00.25.34:310][  0]LogTexture: Display: 正在编译纹理：T_Gradient_BaseColor（OODLE_AutoDXT、1024X1024）
[2026.08.11-00.25.34:310][  0]LogTexture: Display: 正在编译纹理：T_d25（OODLE_AutoDXT、2048X2048）
[2026.08.11-00.25.34:310][  0]LogTexture: Display: 正在编译纹理：T_d71（OODLE_AutoDXT、2048X2048）
[2026.08.11-00.25.34:310][  0]LogTextureFormatOodle: Display: non-RDO encode 2048 x 2048 x 1 to format OODLE_AutoDXT (Oodle OodleTex_BC1_WithTransparency) lambda=0 effort=20 
[2026.08.11-00.25.34:310][  0]LogTextureFormatOodle: Display: non-RDO encode 1024 x 1024 x 1 to format OODLE_AutoDXT (Oodle OodleTex_BC1_WithTransparency) lambda=0 effort=20 
[2026.08.11-00.25.34:310][  0]LogTextureFormatOodle: Display: non-RDO encode 1024 x 1024 x 1 to format OODLE_AutoDXT (Oodle OodleTex_BC1_WithTransparency) lambda=0 effort=20 
[2026.08.11-00.25.34:310][  0]LogTextureFormatOodle: Display: non-RDO encode 2048 x 2048 x 1 to format OODLE_AutoDXT (Oodle OodleTex_BC1_WithTransparency) lambda=0 effort=20 
[2026.08.11-00.25.34:310][  0]LogTextureFormatOodle: Display: non-RDO encode 2048 x 2048 x 1 to format OODLE_AutoDXT (Oodle OodleTex_BC1_WithTransparency) lambda=0 effort=20 
[2026.08.11-00.25.34:311][  0]LogTexture: Display: 正在编译纹理：HQ_Lightmap0_3（BGRA8、1024X1024）
[2026.08.11-00.25.34:311][  0]LogTexture: Display: 正在编译纹理：HQ_Lightmap0_1（BGRA8、2048X2048）
[2026.08.11-00.25.34:311][  0]LogTexture: Display: 正在编译纹理：HQ_Lightmap0_2（BGRA8、2048X2048）
[2026.08.11-00.25.34:311][  0]LogTexture: Display: 正在编译纹理：HQ_Lightmap1_10（BGRA8、1024X1024）
[2026.08.11-00.25.34:311][  0]LogTexture: Display: 正在编译纹理：HQ_Lightmap1_11（BGRA8、1024X1024）
[2026.08.11-00.25.34:311][  0]LogTexture: Display: 正在编译纹理：HQ_Lightmap1_12（BGRA8、1024X1024）
[2026.08.11-00.25.34:311][  0]LogTexture: Display: 正在编译纹理：HQ_Lightmap1_13（BGRA8、1024X1024）
[2026.08.11-00.25.34:311][  0]LogTexture: Display: 正在编译纹理：HQ_Lightmap1_14（BGRA8、1024X1024）
[2026.08.11-00.25.34:311][  0]LogTexture: Display: 正在编译纹理：HQ_Lightmap1_17（BGRA8、128X128）
[2026.08.11-00.25.34:311][  0]LogTexture: Display: 正在编译纹理：HQ_Lightmap1_15（BGRA8、1024X1024）
[2026.08.11-00.25.34:311][  0]LogTexture: Display: 正在编译纹理：HQ_Lightmap1_16（BGRA8、1024X1024）
[2026.08.11-00.25.34:311][  0]LogTexture: Display: 正在编译纹理：HQ_Lightmap1_4（BGRA8、1024X1024）
[2026.08.11-00.25.34:311][  0]LogTexture: Display: 正在编译纹理：HQ_Lightmap1_5（BGRA8、1024X1024）
[2026.08.11-00.25.34:311][  0]LogTexture: Display: 正在编译纹理：HQ_Lightmap1_6（BGRA8、1024X1024）
[2026.08.11-00.25.34:311][  0]LogTextureFormatOodle: Display: non-RDO encode 1024 x 1024 x 1 to format OODLE_AutoDXT (Oodle OodleTex_BC1_WithTransparency) lambda=0 effort=20 
[2026.08.11-00.25.34:311][  0]LogTexture: Display: 正在编译纹理：HQ_Lightmap1_7（BGRA8、1024X1024）
[2026.08.11-00.25.34:311][  0]LogTexture: Display: 正在编译纹理：HQ_Lightmap1_8（BGRA8、1024X1024）
[2026.08.11-00.25.34:311][  0]LogTexture: Display: 正在编译纹理：HQ_Lightmap1_9（BGRA8、1024X1024）
[2026.08.11-00.25.34:311][  0]LogTexture: Display: 正在编译纹理：LQ_Lightmap_0_3（BGRA8、1024X1024）
[2026.08.11-00.25.34:311][  0]LogTextureFormatOodle: Display: non-RDO encode 1024 x 1024 x 1 to format OODLE_AutoDXT (Oodle OodleTex_BC1_WithTransparency) lambda=0 effort=20 
[2026.08.11-00.25.34:311][  0]LogTexture: Display: 正在编译纹理：LQ_Lightmap_0_1（BGRA8、2048X2048）
[2026.08.11-00.25.34:311][  0]LogTexture: Display: 正在编译纹理：LQ_Lightmap_1_10（BGRA8、1024X1024）
[2026.08.11-00.25.34:311][  0]LogTexture: Display: 正在编译纹理：LQ_Lightmap_0_2（BGRA8、2048X2048）
[2026.08.11-00.25.34:311][  0]LogTexture: Display: 正在编译纹理：LQ_Lightmap_1_11（BGRA8、1024X1024）
[2026.08.11-00.25.34:311][  0]LogTexture: Display: 正在编译纹理：LQ_Lightmap_1_12（BGRA8、1024X1024）
[2026.08.11-00.25.34:311][  0]LogTexture: Display: 正在编译纹理：LQ_Lightmap_1_13（BGRA8、1024X1024）
[2026.08.11-00.25.34:311][  0]LogTexture: Display: 正在编译纹理：LQ_Lightmap_1_14（BGRA8、1024X1024）
[2026.08.11-00.25.34:311][  0]LogTexture: Display: 正在编译纹理：LQ_Lightmap_1_17（BGRA8、128X128）
[2026.08.11-00.25.34:311][  0]LogTexture: Display: 正在编译纹理：LQ_Lightmap_1_5（BGRA8、1024X1024）
[2026.08.11-00.25.34:311][  0]LogTexture: Display: 正在编译纹理：LQ_Lightmap_1_16（BGRA8、1024X1024）
[2026.08.11-00.25.34:311][  0]LogTexture: Display: 正在编译纹理：LQ_Lightmap_1_4（BGRA8、1024X1024）
[2026.08.11-00.25.34:311][  0]LogTexture: Display: 正在编译纹理：LQ_Lightmap_1_15（BGRA8、1024X1024）
[2026.08.11-00.25.34:311][  0]LogTexture: Display: 正在编译纹理：LQ_Lightmap_1_7（BGRA8、1024X1024）
[2026.08.11-00.25.34:311][  0]LogTexture: Display: 正在编译纹理：LQ_Lightmap_1_6（BGRA8、1024X1024）
[2026.08.11-00.25.34:311][  0]LogTexture: Display: 正在编译纹理：LQ_Lightmap_1_8（BGRA8、1024X1024）
[2026.08.11-00.25.34:311][  0]LogTexture: Display: 正在编译纹理：ShadowMapTexture2D_10（BGRA8、1024X1024）
[2026.08.11-00.25.34:311][  0]LogTexture: Display: 正在编译纹理：ShadowMapTexture2D_12（BGRA8、1024X1024）
[2026.08.11-00.25.34:311][  0]LogTexture: Display: 正在编译纹理：LQ_Lightmap_1_9（BGRA8、1024X1024）
[2026.08.11-00.25.34:312][  0]LogTexture: Display: 正在编译纹理：ShadowMapTexture2D_14（BGRA8、1024X1024）
[2026.08.11-00.25.34:312][  0]LogTexture: Display: 正在编译纹理：ShadowMapTexture2D_13（BGRA8、1024X1024）
[2026.08.11-00.25.34:312][  0]LogTexture: Display: 正在编译纹理：ShadowMapTexture2D_11（BGRA8、1024X1024）
[2026.08.11-00.25.34:312][  0]LogTexture: Display: 正在编译纹理：ShadowMapTexture2D_16（BGRA8、1024X1024）
[2026.08.11-00.25.34:312][  0]LogTexture: Display: 正在编译纹理：ShadowMapTexture2D_15（BGRA8、1024X1024）
[2026.08.11-00.25.34:312][  0]LogTexture: Display: 正在编译纹理：ShadowMapTexture2D_18（BGRA8、1024X1024）
[2026.08.11-00.25.34:312][  0]LogTexture: Display: 正在编译纹理：ShadowMapTexture2D_17（BGRA8、1024X1024）
[2026.08.11-00.25.34:312][  0]LogTexture: Display: 正在编译纹理：NewReflectionComponentTextureD81F9BB042E1DE8F76AE74A3F221257E（BGRA8、128X128）
[2026.08.11-00.25.34:312][  0]LogTexture: Display: 正在编译纹理：ShadowMapTexture2D_19（BGRA8、1024X1024）
[2026.08.11-00.25.34:312][  0]LogTexture: Display: 正在编译纹理：ShadowMapTexture2D_20（BGRA8、1024X1024）
[2026.08.11-00.25.35:284][  0]LogStaticMesh: Built static mesh [19.92s] /Game/Bar/Mesh/SM_Chair_23.SM_Chair_23
[2026.08.11-00.25.35:979][  0]LogStaticMesh: 正在构建静态网格体SM_Chair_22……
[2026.08.11-00.25.53:678][  0]LogStaticMesh: Built static mesh [17.70s] /Game/Bar/Mesh/SM_Chair_22.SM_Chair_22
[2026.08.11-00.25.54:236][  0]LogStaticMesh: 正在构建静态网格体SM_Chair_21……
[2026.08.11-00.25.57:481][  0]LogStaticMesh: Built static mesh [3.25s] /Game/Bar/Mesh/SM_Chair_21.SM_Chair_21
[2026.08.11-00.25.57:639][  0]LogStaticMesh: 正在构建静态网格体SM_Chair_20……
[2026.08.11-00.26.01:338][  0]LogStaticMesh: Built static mesh [3.70s] /Game/Bar/Mesh/SM_Chair_20.SM_Chair_20
[2026.08.11-00.26.01:483][  0]LogStaticMesh: 正在构建静态网格体SM_Chair_08……
[2026.08.11-00.26.11:232][  0]LogStaticMesh: Built static mesh [9.75s] /Game/Bar/Mesh/SM_Chair_08.SM_Chair_08
[2026.08.11-00.26.11:560][  0]LogStaticMesh: 正在构建静态网格体SM_Chair_07……
[2026.08.11-00.26.20:589][  0]LogStaticMesh: Built static mesh [9.03s] /Game/Bar/Mesh/SM_Chair_07.SM_Chair_07
[2026.08.11-00.26.20:899][  0]LogStaticMesh: 正在构建静态网格体SM_Chair_06……
[2026.08.11-00.26.29:985][  0]LogStaticMesh: Built static mesh [9.09s] /Game/Bar/Mesh/SM_Chair_06.SM_Chair_06
[2026.08.11-00.26.30:303][  0]LogStaticMesh: 正在构建静态网格体SM_Chair_05……
[2026.08.11-00.26.39:400][  0]LogStaticMesh: Built static mesh [9.10s] /Game/Bar/Mesh/SM_Chair_05.SM_Chair_05
[2026.08.11-00.26.39:737][  0]LogStaticMesh: 正在构建静态网格体SM_Chair_04……
[2026.08.11-00.26.48:771][  0]LogStaticMesh: Built static mesh [9.03s] /Game/Bar/Mesh/SM_Chair_04.SM_Chair_04
[2026.08.11-00.26.49:100][  0]LogStaticMesh: 正在构建静态网格体SM_Chair_03……
[2026.08.11-00.26.58:014][  0]LogStaticMesh: Built static mesh [8.92s] /Game/Bar/Mesh/SM_Chair_03.SM_Chair_03
[2026.08.11-00.26.58:336][  0]LogStaticMesh: 正在构建静态网格体SM_Chair_02……
[2026.08.11-00.27.07:367][  0]LogStaticMesh: Built static mesh [9.03s] /Game/Bar/Mesh/SM_Chair_02.SM_Chair_02
[2026.08.11-00.27.07:688][  0]LogMaterial: Display: Missing cached shadermap for MI_Deco_60 in PCD3D_SM5, Default, SM5 (DDC key hash: 50BB7779BA58A674E61C8D5B014A361B52901E07), compiling. 
[2026.08.11-00.27.07:713][  0]LogShaderCompilers: Display: Submitted 25 shader compile jobs with 'Low' priority
[2026.08.11-00.27.07:714][  0]LogStaticMesh: 正在构建静态网格体SM_Chair_01……
[2026.08.11-00.27.09:501][  0]LogShaderCompilers: Display: Worker (1/5): shaders left to compile 25
[2026.08.11-00.27.09:501][  0]LogShaderCompilers: Display: Worker (2/5): shaders left to compile 19
[2026.08.11-00.27.09:501][  0]LogShaderCompilers: Display: Worker (3/5): shaders left to compile 13
[2026.08.11-00.27.09:501][  0]LogShaderCompilers: Display: Worker (4/5): shaders left to compile 7
[2026.08.11-00.27.09:501][  0]LogShaderCompilers: Display: Worker (5/5): shaders left to compile 1
[2026.08.11-00.27.09:502][  0]LogShaderCompilers: Display: Started 25 'Local' shader compile jobs with 'Low' priority
[2026.08.11-00.27.19:766][  0]LogStaticMesh: Built static mesh [12.05s] /Game/Bar/Mesh/SM_Chair_01.SM_Chair_01
[2026.08.11-00.27.20:102][  0]LogStaticMesh: 正在构建静态网格体SM_Wine_16……
[2026.08.11-00.27.30:718][  0]LogStaticMesh: Built static mesh [10.62s] /Game/Bar/Mesh/SM_Wine_16.SM_Wine_16
[2026.08.11-00.27.31:139][  0]LogStaticMesh: 正在构建静态网格体SM_Wine_15……
[2026.08.11-00.27.33:483][  0]LogStaticMesh: Built static mesh [2.34s] /Game/Bar/Mesh/SM_Wine_15.SM_Wine_15
[2026.08.11-00.27.33:550][  0]LogStaticMesh: 正在构建静态网格体SM_Wine_14……
[2026.08.11-00.27.41:756][  0]LogStaticMesh: Built static mesh [8.21s] /Game/Bar/Mesh/SM_Wine_14.SM_Wine_14
[2026.08.11-00.27.42:084][  0]LogStaticMesh: 正在构建静态网格体SM_Wine_13……
[2026.08.11-00.27.53:397][  0]LogStaticMesh: Built static mesh [11.31s] /Game/Bar/Mesh/SM_Wine_13.SM_Wine_13
[2026.08.11-00.27.53:827][  0]LogStaticMesh: 正在构建静态网格体SM_Wine_12……
[2026.08.11-00.27.54:472][  0]LogStaticMesh: Built static mesh [0.65s] /Game/Bar/Mesh/SM_Wine_12.SM_Wine_12
[2026.08.11-00.27.54:492][  0]LogStaticMesh: 正在构建静态网格体SM_Wine_11……
[2026.08.11-00.28.02:083][  0]LogStaticMesh: Built static mesh [7.59s] /Game/Bar/Mesh/SM_Wine_11.SM_Wine_11
[2026.08.11-00.28.02:366][  0]LogStaticMesh: 正在构建静态网格体SM_Wine_10……
[2026.08.11-00.28.09:745][  0]LogStaticMesh: Built static mesh [7.38s] /Game/Bar/Mesh/SM_Wine_10.SM_Wine_10
[2026.08.11-00.28.10:011][  0]LogStaticMesh: 正在构建静态网格体SM_Wine_09……
[2026.08.11-00.28.17:629][  0]LogStaticMesh: Built static mesh [7.62s] /Game/Bar/Mesh/SM_Wine_09.SM_Wine_09
[2026.08.11-00.28.17:912][  0]LogStaticMesh: 正在构建静态网格体SM_Wine_08……
[2026.08.11-00.28.18:572][  0]LogStaticMesh: Built static mesh [0.66s] /Game/Bar/Mesh/SM_Wine_08.SM_Wine_08
[2026.08.11-00.28.18:611][  0]LogStaticMesh: 正在构建静态网格体SM_Wine_07……
[2026.08.11-00.28.42:489][  0]LogStaticMesh: Built static mesh [23.88s] /Game/Bar/Mesh/SM_Wine_07.SM_Wine_07
[2026.08.11-00.28.43:354][  0]LogStaticMesh: 正在构建静态网格体SM_Wine_06……
[2026.08.11-00.28.52:299][  0]LogStaticMesh: Built static mesh [8.95s] /Game/Bar/Mesh/SM_Wine_06.SM_Wine_06
[2026.08.11-00.28.52:627][  0]LogStaticMesh: 正在构建静态网格体SM_Wine_05……
[2026.08.11-00.28.52:828][  0]LogStaticMesh: Built static mesh [0.20s] /Game/Bar/Mesh/SM_Wine_05.SM_Wine_05
[2026.08.11-00.28.52:835][  0]LogStaticMesh: 正在构建静态网格体SM_Wine_04……
[2026.08.11-00.28.56:554][  0]LogStaticMesh: Built static mesh [3.72s] /Game/Bar/Mesh/SM_Wine_04.SM_Wine_04
[2026.08.11-00.28.56:698][  0]LogStaticMesh: 正在构建静态网格体SM_Wine_03……
[2026.08.11-00.28.57:413][  0]LogStaticMesh: Built static mesh [0.72s] /Game/Bar/Mesh/SM_Wine_03.SM_Wine_03
[2026.08.11-00.28.57:449][  0]LogStaticMesh: 正在构建静态网格体SM_Wine_0222……
[2026.08.11-00.28.58:191][  0]LogStaticMesh: Built static mesh [0.74s] /Game/Bar/Mesh/SM_Wine_0222.SM_Wine_0222
[2026.08.11-00.28.58:228][  0]LogStaticMesh: 正在构建静态网格体SM_Wine_02……
[2026.08.11-00.29.00:302][  0]LogStaticMesh: Built static mesh [2.07s] /Game/Bar/Mesh/SM_Wine_02.SM_Wine_02
[2026.08.11-00.29.00:354][  0]LogStaticMesh: 正在构建静态网格体SM_Wine_0152……
[2026.08.11-00.29.01:009][  0]LogStaticMesh: Built static mesh [0.66s] /Game/Bar/Mesh/SM_Wine_0152.SM_Wine_0152
[2026.08.11-00.29.01:032][  0]LogStaticMesh: 正在构建静态网格体SM_Wine_01……
[2026.08.11-00.29.01:227][  0]LogStaticMesh: Built static mesh [0.20s] /Game/Bar/Mesh/SM_Wine_01.SM_Wine_01
[2026.08.11-00.29.01:235][  0]LogStaticMesh: 正在构建静态网格体SM_Wall_11……
[2026.08.11-00.29.02:583][  0]LogStaticMesh: Built static mesh [1.35s] /Game/Bar/Mesh/SM_Wall_11.SM_Wall_11
[2026.08.11-00.29.02:603][  0]LogStaticMesh: 正在构建静态网格体SM_Wall_10……
[2026.08.11-00.29.02:634][  0]LogStaticMesh: Built static mesh [0.03s] /Game/Bar/Mesh/SM_Wall_10.SM_Wall_10
[2026.08.11-00.29.02:638][  0]LogStaticMesh: 正在构建静态网格体SM_Wall_07……
[2026.08.11-00.29.04:073][  0]LogStaticMesh: Built static mesh [1.44s] /Game/Bar/Mesh/SM_Wall_07.SM_Wall_07
[2026.08.11-00.29.04:108][  0]LogStaticMesh: 正在构建静态网格体SM_Wall_09……
[2026.08.11-00.29.05:829][  0]LogStaticMesh: Built static mesh [1.72s] /Game/Bar/Mesh/SM_Wall_09.SM_Wall_09
[2026.08.11-00.29.05:868][  0]LogStaticMesh: 正在构建静态网格体SM_Wall_08……
[2026.08.11-00.29.05:936][  0]LogStaticMesh: Built static mesh [0.07s] /Game/Bar/Mesh/SM_Wall_08.SM_Wall_08
[2026.08.11-00.29.05:940][  0]LogStaticMesh: 正在构建静态网格体SM_Wall_06……
[2026.08.11-00.29.34:668][  0]LogStaticMesh: Built static mesh [28.73s] /Game/Bar/Mesh/SM_Wall_06.SM_Wall_06
[2026.08.11-00.29.35:909][  0]LogStaticMesh: 正在构建静态网格体SM_Wall_05……
[2026.08.11-00.29.35:914][  0]LogStaticMesh: Built static mesh [0.00s] /Game/Bar/Mesh/SM_Wall_05.SM_Wall_05
[2026.08.11-00.29.35:916][  0]LogStaticMesh: 正在构建静态网格体SM_Wall_04……
[2026.08.11-00.29.35:920][  0]LogStaticMesh: Built static mesh [0.00s] /Game/Bar/Mesh/SM_Wall_04.SM_Wall_04
[2026.08.11-00.29.35:923][  0]LogStaticMesh: 正在构建静态网格体SM_Wall_03……
[2026.08.11-00.29.35:926][  0]LogStaticMesh: Built static mesh [0.00s] /Game/Bar/Mesh/SM_Wall_03.SM_Wall_03
[2026.08.11-00.29.35:929][  0]LogStaticMesh: 正在构建静态网格体SM_Wall_02……
[2026.08.11-00.29.35:931][  0]LogStaticMesh: Built static mesh [0.00s] /Game/Bar/Mesh/SM_Wall_02.SM_Wall_02
[2026.08.11-00.29.35:939][  0]LogStaticMesh: 正在构建静态网格体SM_Wall_0110……
[2026.08.11-00.29.46:336][  0]LogStaticMesh: Built static mesh [10.40s] /Game/Bar/Mesh/SM_Wall_0110.SM_Wall_0110
[2026.08.11-00.29.46:782][  0]LogStaticMesh: 正在构建静态网格体SM_Wall_01……
[2026.08.11-00.29.46:784][  0]LogStaticMesh: Built static mesh [0.00s] /Game/Bar/Mesh/SM_Wall_01.SM_Wall_01
[2026.08.11-00.29.46:788][  0]LogStaticMesh: 正在构建静态网格体SM_Tray_02……
[2026.08.11-00.29.47:087][  0]LogStaticMesh: Built static mesh [0.30s] /Game/Bar/Mesh/SM_Tray_02.SM_Tray_02
[2026.08.11-00.29.47:094][  0]LogStaticMesh: 正在构建静态网格体SM_Tray_01……
[2026.08.11-00.29.47:390][  0]LogStaticMesh: Built static mesh [0.30s] /Game/Bar/Mesh/SM_Tray_01.SM_Tray_01
[2026.08.11-00.29.47:401][  0]LogStaticMesh: 正在构建静态网格体SM_Table_08……
[2026.08.11-00.29.47:692][  0]LogStaticMesh: Built static mesh [0.29s] /Game/Bar/Mesh/SM_Table_08.SM_Table_08
[2026.08.11-00.29.47:701][  0]LogStaticMesh: 正在构建静态网格体SM_Table_07……
[2026.08.11-00.29.47:932][  0]LogStaticMesh: Built static mesh [0.23s] /Game/Bar/Mesh/SM_Table_07.SM_Table_07
[2026.08.11-00.29.47:941][  0]LogStaticMesh: 正在构建静态网格体SM_Table_06……
[2026.08.11-00.29.48:076][  0]LogStaticMesh: Built static mesh [0.13s] /Game/Bar/Mesh/SM_Table_06.SM_Table_06
[2026.08.11-00.29.48:083][  0]LogStaticMesh: 正在构建静态网格体SM_Table_04……
[2026.08.11-00.29.48:301][  0]LogStaticMesh: Built static mesh [0.22s] /Game/Bar/Mesh/SM_Table_04.SM_Table_04
[2026.08.11-00.29.48:311][  0]LogStaticMesh: 正在构建静态网格体SM_Table_03……
[2026.08.11-00.29.48:529][  0]LogStaticMesh: Built static mesh [0.22s] /Game/Bar/Mesh/SM_Table_03.SM_Table_03
[2026.08.11-00.29.48:538][  0]LogStaticMesh: 正在构建静态网格体SM_Table_05……
[2026.08.11-00.29.48:672][  0]LogStaticMesh: Built static mesh [0.14s] /Game/Bar/Mesh/SM_Table_05.SM_Table_05
[2026.08.11-00.29.48:689][  0]LogStaticMesh: 正在构建静态网格体SM_Table_01……
[2026.08.11-00.29.50:221][  0]LogStaticMesh: Built static mesh [1.53s] /Game/Bar/Mesh/SM_Table_01.SM_Table_01
[2026.08.11-00.29.50:287][  0]LogStaticMesh: 正在构建静态网格体SM_Speaker_03……
[2026.08.11-00.29.50:690][  0]LogStaticMesh: Built static mesh [0.40s] /Game/Bar/Mesh/SM_Speaker_03.SM_Speaker_03
[2026.08.11-00.29.50:704][  0]LogStaticMesh: 正在构建静态网格体SM_Speaker_02……
[2026.08.11-00.30.30:904][  0]LogStaticMesh: Built static mesh [40.20s] /Game/Bar/Mesh/SM_Speaker_02.SM_Speaker_02
[2026.08.11-00.30.31:293][  0]LogStaticMesh: 正在构建静态网格体SM_Speaker_01……
[2026.08.11-00.30.50:412][  0]LogStaticMesh: Built static mesh [19.12s] /Game/Bar/Mesh/SM_Speaker_01.SM_Speaker_01
[2026.08.11-00.30.50:744][  0]LogStaticMesh: 正在构建静态网格体SM_Sofa_08……
[2026.08.11-00.31.06:327][  0]LogStaticMesh: Built static mesh [15.58s] /Game/Bar/Mesh/SM_Sofa_08.SM_Sofa_08
[2026.08.11-00.31.07:222][  0]LogStaticMesh: 正在构建静态网格体SM_Sofa_07……
[2026.08.11-00.31.14:426][  0]LogStaticMesh: Built static mesh [7.20s] /Game/Bar/Mesh/SM_Sofa_07.SM_Sofa_07
[2026.08.11-00.31.14:560][  0]LogStaticMesh: 正在构建静态网格体SM_Sofa_06……
[2026.08.11-00.31.21:992][  0]LogStaticMesh: Built static mesh [7.43s] /Game/Bar/Mesh/SM_Sofa_06.SM_Sofa_06
[2026.08.11-00.31.22:118][  0]LogStaticMesh: 正在构建静态网格体SM_Sofa_05……
[2026.08.11-00.31.29:475][  0]LogStaticMesh: Built static mesh [7.36s] /Game/Bar/Mesh/SM_Sofa_05.SM_Sofa_05
[2026.08.11-00.31.29:598][  0]LogStaticMesh: 正在构建静态网格体SM_Sofa_04……
[2026.08.11-00.31.36:914][  0]LogStaticMesh: Built static mesh [7.32s] /Game/Bar/Mesh/SM_Sofa_04.SM_Sofa_04
[2026.08.11-00.31.37:043][  0]LogStaticMesh: 正在构建静态网格体SM_Sofa_03……
[2026.08.11-00.31.44:190][  0]LogStaticMesh: Built static mesh [7.15s] /Game/Bar/Mesh/SM_Sofa_03.SM_Sofa_03
[2026.08.11-00.31.44:320][  0]LogStaticMesh: 正在构建静态网格体SM_Sofa_01……
[2026.08.11-00.33.09:794][  0]LogStaticMesh: Built static mesh [85.48s] /Game/Bar/Mesh/SM_Sofa_01.SM_Sofa_01
[2026.08.11-00.33.13:638][  0]LogStaticMesh: 正在构建静态网格体SM_Sofa_02……
[2026.08.11-00.33.20:870][  0]LogStaticMesh: Built static mesh [7.23s] /Game/Bar/Mesh/SM_Sofa_02.SM_Sofa_02
[2026.08.11-00.33.21:109][  0]LogStaticMesh: 正在构建静态网格体SM_Roof_04……
[2026.08.11-00.33.21:136][  0]LogStaticMesh: Built static mesh [0.03s] /Game/Bar/Mesh/SM_Roof_04.SM_Roof_04
[2026.08.11-00.33.21:143][  0]LogStaticMesh: 正在构建静态网格体SM_Roof_03……
[2026.08.11-00.33.34:688][  0]LogStaticMesh: Built static mesh [13.55s] /Game/Bar/Mesh/SM_Roof_03.SM_Roof_03
[2026.08.11-00.33.35:031][  0]LogStaticMesh: 正在构建静态网格体SM_Roof_02……
[2026.08.11-00.33.35:044][  0]LogStaticMesh: Built static mesh [0.01s] /Game/Bar/Mesh/SM_Roof_02.SM_Roof_02
[2026.08.11-00.33.35:047][  0]LogStaticMesh: 正在构建静态网格体SM_Roof_01……
[2026.08.11-00.33.35:450][  0]LogStaticMesh: Built static mesh [0.40s] /Game/Bar/Mesh/SM_Roof_01.SM_Roof_01
[2026.08.11-00.33.35:460][  0]LogStaticMesh: 正在构建静态网格体SM_Pillow_07……
[2026.08.11-00.33.46:633][  0]LogStaticMesh: Built static mesh [11.17s] /Game/Bar/Mesh/SM_Pillow_07.SM_Pillow_07
[2026.08.11-00.33.47:162][  0]LogStaticMesh: 正在构建静态网格体SM_Pillow_06……
[2026.08.11-00.33.58:248][  0]LogStaticMesh: Built static mesh [11.09s] /Game/Bar/Mesh/SM_Pillow_06.SM_Pillow_06
[2026.08.11-00.33.58:932][  0]LogStaticMesh: 正在构建静态网格体SM_Pillow_02……
[2026.08.11-00.34.02:250][  0]LogStaticMesh: Built static mesh [3.33s] /Game/Bar/Mesh/SM_Pillow_02.SM_Pillow_02
[2026.08.11-00.34.02:379][  0]LogStaticMesh: 正在构建静态网格体SM_Pillow_05……
[2026.08.11-00.34.13:419][  0]LogStaticMesh: Built static mesh [11.04s] /Game/Bar/Mesh/SM_Pillow_05.SM_Pillow_05
[2026.08.11-00.34.13:944][  0]LogStaticMesh: 正在构建静态网格体SM_Pillow_04……
[2026.08.11-00.34.14:279][  0]LogStaticMesh: Built static mesh [0.34s] /Game/Bar/Mesh/SM_Pillow_04.SM_Pillow_04
[2026.08.11-00.34.14:295][  0]LogStaticMesh: 正在构建静态网格体SM_Pillow_03……
[2026.08.11-00.34.14:645][  0]LogStaticMesh: Built static mesh [0.35s] /Game/Bar/Mesh/SM_Pillow_03.SM_Pillow_03
[2026.08.11-00.34.14:666][  0]LogStaticMesh: 正在构建静态网格体SM_Pillow_01……
[2026.08.11-00.34.17:633][  0]LogStaticMesh: Built static mesh [2.97s] /Game/Bar/Mesh/SM_Pillow_01.SM_Pillow_01
[2026.08.11-00.34.17:775][  0]LogStaticMesh: 正在构建静态网格体SM_Pano……
[2026.08.11-00.34.17:828][  0]LogStaticMesh: Built static mesh [0.05s] /Game/Bar/Mesh/SM_Pano.SM_Pano
[2026.08.11-00.34.17:841][  0]LogStaticMesh: 正在构建静态网格体SM_Light_61……
[2026.08.11-00.34.19:502][  0]LogStaticMesh: Built static mesh [1.66s] /Game/Bar/Mesh/SM_Light_61.SM_Light_61
[2026.08.11-00.34.19:542][  0]LogStaticMesh: 正在构建静态网格体SM_Light_06……
[2026.08.11-00.34.33:988][  0]LogStaticMesh: Built static mesh [14.45s] /Game/Bar/Mesh/SM_Light_06.SM_Light_06
[2026.08.11-00.34.34:367][  0]LogStaticMesh: 正在构建静态网格体SM_Light_05……
[2026.08.11-00.34.41:424][  0]LogStaticMesh: Built static mesh [7.06s] /Game/Bar/Mesh/SM_Light_05.SM_Light_05
[2026.08.11-00.34.41:607][  0]LogStaticMesh: 正在构建静态网格体SM_Light_04……
[2026.08.11-00.35.51:076][  0]LogStaticMesh: Built static mesh [69.47s] /Game/Bar/Mesh/SM_Light_04.SM_Light_04
[2026.08.11-00.35.53:344][  0]LogStaticMesh: 正在构建静态网格体SM_Light_01……
[2026.08.11-00.37.03:461][  0]LogStaticMesh: Built static mesh [70.12s] /Game/Bar/Mesh/SM_Light_01.SM_Light_01
[2026.08.11-00.37.05:805][  0]LogStaticMesh: 正在构建静态网格体SM_Light_03……
[2026.08.11-00.38.14:880][  0]LogStaticMesh: Built static mesh [69.08s] /Game/Bar/Mesh/SM_Light_03.SM_Light_03
[2026.08.11-00.38.17:286][  0]LogStaticMesh: 正在构建静态网格体SM_Light_02……
[2026.08.11-00.39.26:588][  0]LogStaticMesh: Built static mesh [69.30s] /Game/Bar/Mesh/SM_Light_02.SM_Light_02
[2026.08.11-00.39.28:992][  0]LogStaticMesh: 正在构建静态网格体SM_Floor_07……
[2026.08.11-00.39.29:020][  0]LogStaticMesh: Built static mesh [0.03s] /Game/Bar/Mesh/SM_Floor_07.SM_Floor_07
[2026.08.11-00.39.29:024][  0]LogStaticMesh: 正在构建静态网格体SM_Floor_06……
[2026.08.11-00.39.29:042][  0]LogStaticMesh: Built static mesh [0.02s] /Game/Bar/Mesh/SM_Floor_06.SM_Floor_06
[2026.08.11-00.39.29:048][  0]LogStaticMesh: 正在构建静态网格体SM_Floor_05……
[2026.08.11-00.39.29:082][  0]LogStaticMesh: Built static mesh [0.04s] /Game/Bar/Mesh/SM_Floor_05.SM_Floor_05
[2026.08.11-00.39.29:088][  0]LogStaticMesh: 正在构建静态网格体SM_Floor_03……
[2026.08.11-00.39.29:096][  0]LogStaticMesh: Built static mesh [0.01s] /Game/Bar/Mesh/SM_Floor_03.SM_Floor_03
[2026.08.11-00.39.29:100][  0]LogStaticMesh: 正在构建静态网格体SM_Floor_02……
[2026.08.11-00.39.29:567][  0]LogStaticMesh: Built static mesh [0.47s] /Game/Bar/Mesh/SM_Floor_02.SM_Floor_02
[2026.08.11-00.39.29:580][  0]LogStaticMesh: 正在构建静态网格体SM_Floor_01……
[2026.08.11-00.39.36:144][  0]LogStaticMesh: Built static mesh [6.57s] /Game/Bar/Mesh/SM_Floor_01.SM_Floor_01
[2026.08.11-00.39.36:271][  0]LogStaticMesh: 正在构建静态网格体SM_Engine_01……
[2026.08.11-00.41.01:080][  0]LogStaticMesh: Built static mesh [84.81s] /Game/Bar/Mesh/SM_Engine_01.SM_Engine_01
[2026.08.11-00.41.04:697][  0]LogStaticMesh: 正在构建静态网格体SM_Door_02……
[2026.08.11-00.41.04:723][  0]LogStaticMesh: Built static mesh [0.03s] /Game/Bar/Mesh/SM_Door_02.SM_Door_02
[2026.08.11-00.41.04:733][  0]LogStaticMesh: 正在构建静态网格体SM_Door_11……
[2026.08.11-00.41.04:755][  0]LogStaticMesh: Built static mesh [0.02s] /Game/Bar/Mesh/SM_Door_11.SM_Door_11
[2026.08.11-00.41.04:763][  0]LogStaticMesh: 正在构建静态网格体SM_Door_01……
[2026.08.11-00.41.04:788][  0]LogStaticMesh: Built static mesh [0.03s] /Game/Bar/Mesh/SM_Door_01.SM_Door_01
[2026.08.11-00.41.04:793][  0]LogStaticMesh: 正在构建静态网格体SM_Deco_32……
[2026.08.11-00.41.05:003][  0]LogStaticMesh: Built static mesh [0.21s] /Game/Bar/Mesh/SM_Deco_32.SM_Deco_32
[2026.08.11-00.41.05:013][  0]LogStaticMesh: 正在构建静态网格体SM_Deco_31……
[2026.08.11-00.41.05:026][  0]LogStaticMesh: Built static mesh [0.01s] /Game/Bar/Mesh/SM_Deco_31.SM_Deco_31
[2026.08.11-00.41.05:029][  0]LogStaticMesh: 正在构建静态网格体SM_Deco_30……
[2026.08.11-00.41.05:477][  0]LogStaticMesh: Built static mesh [0.45s] /Game/Bar/Mesh/SM_Deco_30.SM_Deco_30
[2026.08.11-00.41.05:512][  0]LogStaticMesh: 正在构建静态网格体SM_Deco_29……
[2026.08.11-00.41.09:259][  0]LogStaticMesh: Built static mesh [3.75s] /Game/Bar/Mesh/SM_Deco_29.SM_Deco_29
[2026.08.11-00.41.09:305][  0]LogStaticMesh: 正在构建静态网格体SM_Deco_28……
[2026.08.11-00.41.46:528][  0]LogStaticMesh: Built static mesh [37.22s] /Game/Bar/Mesh/SM_Deco_28.SM_Deco_28
[2026.08.11-00.41.47:758][  0]LogStaticMesh: 正在构建静态网格体SM_Deco_27……
[2026.08.11-00.42.37:794][  0]LogStaticMesh: Built static mesh [50.04s] /Game/Bar/Mesh/SM_Deco_27.SM_Deco_27
[2026.08.11-00.42.38:857][  0]LogStaticMesh: 正在构建静态网格体SM_Deco_26……
[2026.08.11-00.42.48:512][  0]LogStaticMesh: Built static mesh [9.66s] /Game/Bar/Mesh/SM_Deco_26.SM_Deco_26
[2026.08.11-00.42.48:738][  0]LogStaticMesh: 正在构建静态网格体SM_Deco_25……
[2026.08.11-00.42.48:853][  0]LogStaticMesh: Built static mesh [0.12s] /Game/Bar/Mesh/SM_Deco_25.SM_Deco_25
[2026.08.11-00.42.48:862][  0]LogStaticMesh: 正在构建静态网格体SM_Deco_24……
[2026.08.11-00.42.48:931][  0]LogStaticMesh: Built static mesh [0.07s] /Game/Bar/Mesh/SM_Deco_24.SM_Deco_24
[2026.08.11-00.42.48:938][  0]LogStaticMesh: 正在构建静态网格体SM_Deco_23……
[2026.08.11-00.42.50:624][  0]LogStaticMesh: Built static mesh [1.69s] /Game/Bar/Mesh/SM_Deco_23.SM_Deco_23
[2026.08.11-00.42.50:665][  0]LogStaticMesh: 正在构建静态网格体SM_Deco_22……
[2026.08.11-00.42.50:677][  0]LogStaticMesh: Built static mesh [0.01s] /Game/Bar/Mesh/SM_Deco_22.SM_Deco_22
[2026.08.11-00.42.50:694][  0]LogStaticMesh: 正在构建静态网格体SM_Deco_21……
[2026.08.11-00.44.36:121][  0]LogStaticMesh: Built static mesh [105.43s] /Game/Bar/Mesh/SM_Deco_21.SM_Deco_21
[2026.08.11-00.44.39:090][  0]LogStaticMesh: 正在构建静态网格体SM_Deco_19……
[2026.08.11-00.44.39:823][  0]LogStaticMesh: Built static mesh [0.73s] /Game/Bar/Mesh/SM_Deco_19.SM_Deco_19
[2026.08.11-00.44.39:853][  0]LogStaticMesh: 正在构建静态网格体SM_Deco_18……
[2026.08.11-00.44.51:536][  0]LogStaticMesh: Built static mesh [11.68s] /Game/Bar/Mesh/SM_Deco_18.SM_Deco_18
[2026.08.11-00.44.52:350][  0]LogStaticMesh: 正在构建静态网格体SM_Deco_17……
[2026.08.11-00.44.53:559][  0]LogStaticMesh: Built static mesh [1.21s] /Game/Bar/Mesh/SM_Deco_17.SM_Deco_17
[2026.08.11-00.44.53:605][  0]LogStaticMesh: 正在构建静态网格体SM_Deco_16……
[2026.08.11-00.44.53:682][  0]LogStaticMesh: Built static mesh [0.08s] /Game/Bar/Mesh/SM_Deco_16.SM_Deco_16
[2026.08.11-00.44.53:693][  0]LogStaticMesh: 正在构建静态网格体SM_Deco_15……
[2026.08.11-00.44.55:004][  0]LogStaticMesh: Built static mesh [1.31s] /Game/Bar/Mesh/SM_Deco_15.SM_Deco_15
[2026.08.11-00.44.55:041][  0]LogStaticMesh: 正在构建静态网格体SM_Deco_14……
[2026.08.11-00.44.55:106][  0]LogStaticMesh: Built static mesh [0.07s] /Game/Bar/Mesh/SM_Deco_14.SM_Deco_14
[2026.08.11-00.44.55:120][  0]LogStaticMesh: 正在构建静态网格体SM_Deco_12……
[2026.08.11-00.45.01:819][  0]LogStaticMesh: Built static mesh [6.70s] /Game/Bar/Mesh/SM_Deco_12.SM_Deco_12
[2026.08.11-00.45.01:980][  0]LogStaticMesh: 正在构建静态网格体SM_Deco_11……
[2026.08.11-00.45.03:463][  0]LogStaticMesh: Built static mesh [1.49s] /Game/Bar/Mesh/SM_Deco_11.SM_Deco_11
[2026.08.11-00.45.03:506][  0]LogStaticMesh: 正在构建静态网格体SM_Deco_10……
[2026.08.11-00.45.05:030][  0]LogStaticMesh: Built static mesh [1.52s] /Game/Bar/Mesh/SM_Deco_10.SM_Deco_10
[2026.08.11-00.45.05:062][  0]LogStaticMesh: 正在构建静态网格体SM_Deco_09……
[2026.08.11-00.45.05:561][  0]LogStaticMesh: Built static mesh [0.50s] /Game/Bar/Mesh/SM_Deco_09.SM_Deco_09
[2026.08.11-00.45.05:573][  0]LogStaticMesh: 正在构建静态网格体SM_Deco_08……
[2026.08.11-00.45.05:781][  0]LogStaticMesh: Built static mesh [0.21s] /Game/Bar/Mesh/SM_Deco_08.SM_Deco_08
[2026.08.11-00.45.05:789][  0]LogStaticMesh: 正在构建静态网格体SM_Deco_07……
[2026.08.11-00.45.05:794][  0]LogStaticMesh: Built static mesh [0.01s] /Game/Bar/Mesh/SM_Deco_07.SM_Deco_07
[2026.08.11-00.45.05:803][  0]LogStaticMesh: 正在构建静态网格体SM_Deco_06……
[2026.08.11-00.45.05:811][  0]LogStaticMesh: Built static mesh [0.01s] /Game/Bar/Mesh/SM_Deco_06.SM_Deco_06
[2026.08.11-00.45.05:820][  0]LogStaticMesh: 正在构建静态网格体SM_Deco_05……
[2026.08.11-00.45.05:887][  0]LogStaticMesh: Built static mesh [0.07s] /Game/Bar/Mesh/SM_Deco_05.SM_Deco_05
[2026.08.11-00.45.05:898][  0]LogStaticMesh: 正在构建静态网格体SM_Deco_04……
[2026.08.11-00.45.13:828][  0]LogStaticMesh: Built static mesh [7.93s] /Game/Bar/Mesh/SM_Deco_04.SM_Deco_04
[2026.08.11-00.45.13:978][  0]LogStaticMesh: 正在构建静态网格体SM_Deco_03……
[2026.08.11-00.45.25:066][  0]LogStaticMesh: Built static mesh [11.09s] /Game/Bar/Mesh/SM_Deco_03.SM_Deco_03
[2026.08.11-00.45.25:420][  0]LogStaticMesh: 正在构建静态网格体SM_Deco_02……
[2026.08.11-00.45.25:422][  0]LogStaticMesh: Built static mesh [0.00s] /Game/Bar/Mesh/SM_Deco_02.SM_Deco_02
[2026.08.11-00.45.25:426][  0]LogStaticMesh: 正在构建静态网格体SM_Deco_01……
[2026.08.11-00.45.26:986][  0]LogStaticMesh: Built static mesh [1.56s] /Game/Bar/Mesh/SM_Deco_01.SM_Deco_01
[2026.08.11-00.45.27:038][  0]LogStaticMesh: 正在构建静态网格体SM_Cup_36……
[2026.08.11-00.45.37:014][  0]LogStaticMesh: Built static mesh [9.98s] /Game/Bar/Mesh/SM_Cup_36.SM_Cup_36
[2026.08.11-00.45.37:177][  0]LogStaticMesh: 正在构建静态网格体SM_Cup_35……
[2026.08.11-00.45.47:228][  0]LogStaticMesh: Built static mesh [10.05s] /Game/Bar/Mesh/SM_Cup_35.SM_Cup_35
[2026.08.11-00.45.47:387][  0]LogStaticMesh: 正在构建静态网格体SM_Cup_19……
[2026.08.11-00.46.06:964][  0]LogStaticMesh: Built static mesh [19.58s] /Game/Bar/Mesh/SM_Cup_19.SM_Cup_19
[2026.08.11-00.46.07:573][  0]LogStaticMesh: 正在构建静态网格体SM_Cup_18……
[2026.08.11-00.46.10:800][  0]LogStaticMesh: Built static mesh [3.23s] /Game/Bar/Mesh/SM_Cup_18.SM_Cup_18
[2026.08.11-00.46.10:909][  0]LogStaticMesh: 正在构建静态网格体SM_Cup_17……
[2026.08.11-00.46.13:855][  0]LogStaticMesh: Built static mesh [2.95s] /Game/Bar/Mesh/SM_Cup_17.SM_Cup_17
[2026.08.11-00.46.13:953][  0]LogStaticMesh: 正在构建静态网格体SM_Cup_22……
[2026.08.11-00.46.14:545][  0]LogStaticMesh: Built static mesh [0.59s] /Game/Bar/Mesh/SM_Cup_22.SM_Cup_22
[2026.08.11-00.46.14:587][  0]LogStaticMesh: 正在构建静态网格体SM_Cup_20……
[2026.08.11-00.46.30:548][  0]LogStaticMesh: Built static mesh [15.96s] /Game/Bar/Mesh/SM_Cup_20.SM_Cup_20
[2026.08.11-00.46.31:143][  0]LogStaticMesh: 正在构建静态网格体SM_Cup_16……
[2026.08.11-00.46.38:446][  0]LogStaticMesh: Built static mesh [7.30s] /Game/Bar/Mesh/SM_Cup_16.SM_Cup_16
[2026.08.11-00.46.38:616][  0]LogStaticMesh: 正在构建静态网格体SM_Cup_15……
[2026.08.11-00.46.44:734][  0]LogStaticMesh: Built static mesh [6.12s] /Game/Bar/Mesh/SM_Cup_15.SM_Cup_15
[2026.08.11-00.46.44:968][  0]LogMaterial: Display: Missing cached shadermap for MI_leaf2 in PCD3D_SM5, Default, SM5 (DDC key hash: 354798D45983FE5258D1165643145165B46027D8), compiling. 
[2026.08.11-00.46.45:191][  0]LogShaderCompilers: Display: Submitted 46 shader compile jobs with 'Low' priority
[2026.08.11-00.46.45:227][  0]LogShaderCompilers: Display: Worker (1/5): shaders left to compile 46
[2026.08.11-00.46.45:228][  0]LogShaderCompilers: Display: Worker (2/5): shaders left to compile 36
[2026.08.11-00.46.45:228][  0]LogShaderCompilers: Display: Worker (3/5): shaders left to compile 26
[2026.08.11-00.46.45:228][  0]LogShaderCompilers: Display: Worker (4/5): shaders left to compile 16
[2026.08.11-00.46.45:228][  0]LogShaderCompilers: Display: Worker (5/5): shaders left to compile 6
[2026.08.11-00.46.45:228][  0]LogShaderCompilers: Display: Started 46 'Local' shader compile jobs with 'Low' priority
[2026.08.11-00.46.45:228][  0]LogStaticMesh: 正在构建静态网格体SM_Cup_14……
[2026.08.11-00.46.55:352][  0]LogStaticMesh: Built static mesh [10.13s] /Game/Bar/Mesh/SM_Cup_14.SM_Cup_14
[2026.08.11-00.46.55:524][  0]LogStaticMesh: 正在构建静态网格体SM_Cup_13……
[2026.08.11-00.47.20:779][  0]LogStaticMesh: Built static mesh [25.26s] /Game/Bar/Mesh/SM_Cup_13.SM_Cup_13
[2026.08.11-00.47.21:231][  0]LogStaticMesh: 正在构建静态网格体SM_Cup_11……
[2026.08.11-00.47.42:525][  0]LogStaticMesh: Built static mesh [21.30s] /Game/Bar/Mesh/SM_Cup_11.SM_Cup_11
[2026.08.11-00.47.43:513][  0]LogStaticMesh: 正在构建静态网格体SM_Cup_10……
[2026.08.11-00.47.53:778][  0]LogStaticMesh: Built static mesh [10.27s] /Game/Bar/Mesh/SM_Cup_10.SM_Cup_10
[2026.08.11-00.47.53:966][  0]LogStaticMesh: 正在构建静态网格体SM_Cup_09……
[2026.08.11-00.48.00:381][  0]LogStaticMesh: Built static mesh [6.42s] /Game/Bar/Mesh/SM_Cup_09.SM_Cup_09
[2026.08.11-00.48.00:566][  0]LogStaticMesh: 正在构建静态网格体SM_Cup_07……
[2026.08.11-00.48.03:803][  0]LogStaticMesh: Built static mesh [3.24s] /Game/Bar/Mesh/SM_Cup_07.SM_Cup_07
[2026.08.11-00.48.03:953][  0]LogStaticMesh: 正在构建静态网格体SM_Cup_05……
[2026.08.11-00.48.07:977][  0]LogStaticMesh: Built static mesh [4.03s] /Game/Bar/Mesh/SM_Cup_05.SM_Cup_05
[2026.08.11-00.48.08:125][  0]LogStaticMesh: 正在构建静态网格体SM_Cup_04……
[2026.08.11-00.48.08:201][  0]LogStaticMesh: Built static mesh [0.08s] /Game/Bar/Mesh/SM_Cup_04.SM_Cup_04
[2026.08.11-00.48.08:208][  0]LogStaticMesh: 正在构建静态网格体SM_Cup_03……
[2026.08.11-00.48.09:520][  0]LogStaticMesh: Built static mesh [1.31s] /Game/Bar/Mesh/SM_Cup_03.SM_Cup_03
[2026.08.11-00.48.09:553][  0]LogStaticMesh: 正在构建静态网格体SM_Cup_02……
[2026.08.11-00.48.10:919][  0]LogStaticMesh: Built static mesh [1.37s] /Game/Bar/Mesh/SM_Cup_02.SM_Cup_02
[2026.08.11-00.48.10:952][  0]LogStaticMesh: 正在构建静态网格体SM_Cup_01……
[2026.08.11-00.48.19:961][  0]LogStaticMesh: Built static mesh [9.01s] /Game/Bar/Mesh/SM_Cup_01.SM_Cup_01
[2026.08.11-00.48.20:145][  0]LogStaticMesh: 正在构建静态网格体SM_Chair_24……
[2026.08.11-00.48.23:191][  0]LogStaticMesh: Built static mesh [3.05s] /Game/Bar/Mesh/SM_Chair_24.SM_Chair_24
[2026.08.11-00.48.23:941][  0]LogAudio: Display: Audio Device (ID: 1) registered with world 'model'.
[2026.08.11-00.48.24:108][  0]LogAIModule: Creating AISystem for world model
[2026.08.11-00.48.24:304][  0]LogShaderCompilers: Display: === FShaderJobCache stats ===
[2026.08.11-00.48.24:304][  0]LogShaderCompilers: Display: Total job queries 96, among them cache hits 0 (0.00%)
[2026.08.11-00.48.24:304][  0]LogShaderCompilers: Display: Tracking 96 distinct input hashes that result in 74 distinct outputs (77.08%)
[2026.08.11-00.48.24:307][  0]LogShaderCompilers: Display: RAM used: 0.63 MB (0.00 GB) of 819.20 MB (0.80 GB) budget. Usage: 0.08%
[2026.08.11-00.48.24:308][  0]LogShaderCompilers: Display: ================================================
[2026.08.11-00.48.25:156][  0]LogEditorServer: Finished looking for orphan Actors (0.047 secs)
[2026.08.11-00.48.26:071][  0]LogUObjectHash: Compacting FUObjectHashTables data took 134.50ms
[2026.08.11-00.48.26:858][  0]Cmd: MAP CHECKDEP NOCLEARLOG
[2026.08.11-00.48.26:880][  0]MapCheck: 地图检测完成：0个错误、0个警告、完成用时3.51毫秒。
[2026.08.11-00.48.26:884][  0]LogFileHelpers: Loading map 'model' took 1402.144
[2026.08.11-00.48.27:461][  0]LogUnrealEdMisc: Total Editor Startup Time, took 1425.201
[2026.08.11-00.48.28:061][  0]LogWindowsTextInputMethodSystem: Display: IME system activated using TSF (微软拼音).
[2026.08.11-00.48.28:730][  0]LogSlate: Updating window title bar state: overlay mode, drag disabled, window buttons hidden, title bar hidden
[2026.08.11-00.48.28:748][  0]LogSlate: Updating window title bar state: overlay mode, drag disabled, window buttons hidden, title bar hidden
[2026.08.11-00.48.28:758][  0]LogSlate: Updating window title bar state: overlay mode, drag disabled, window buttons hidden, title bar hidden
[2026.08.11-00.48.28:767][  0]LogSlate: Updating window title bar state: overlay mode, drag disabled, window buttons hidden, title bar hidden
[2026.08.11-00.48.29:173][  0]LogNativeClassHierarchy: Verbose: Native class hierarchy populated in 0.2765 seconds. Added 3822 classes and 928 folders.
[2026.08.11-00.48.29:265][  0]LogNativeClassHierarchy: Verbose: Native class hierarchy updated for 'WidgetCarousel' in 0.0007 seconds. Added 0 classes and 0 folders.
[2026.08.11-00.48.29:336][  0]LogPakFile: PakFile PrimaryIndexSize=187
[2026.08.11-00.48.29:336][  0]LogPakFile: PakFile PathHashIndexSize=101
[2026.08.11-00.48.29:336][  0]LogPakFile: PakFile FullDirectoryIndexSize=148
[2026.08.11-00.48.29:338][  0]LogShaderLibrary: Display: ShaderCodeLibraryPakFileMountedCallback: PakFile 'C:/Program Files/Epic Games/UE_4.27/FeaturePacks/FP_FirstPerson.upack' (chunk index -1, root 'root:/') mounted
[2026.08.11-00.48.29:339][  0]LogShaderLibrary: Display: ShaderCodeLibraryPakFileMountedCallback: pending pak file info (ChunkID:-1 Root:root:/ File:C:/Program Files/Epic Games/UE_4.27/FeaturePacks/FP_FirstPerson.upack)
[2026.08.11-00.48.29:339][  0]LogPakFile: OnPakFileMounted2Time == 0.003100
[2026.08.11-00.48.29:348][  0]LogPakFile: PakFile PrimaryIndexSize=189
[2026.08.11-00.48.29:348][  0]LogPakFile: PakFile PathHashIndexSize=101
[2026.08.11-00.48.29:348][  0]LogPakFile: PakFile FullDirectoryIndexSize=152
[2026.08.11-00.48.29:348][  0]LogShaderLibrary: Display: ShaderCodeLibraryPakFileMountedCallback: PakFile 'C:/Program Files/Epic Games/UE_4.27/FeaturePacks/FP_FirstPersonBP.upack' (chunk index -1, root 'root:/') mounted
[2026.08.11-00.48.29:348][  0]LogShaderLibrary: Display: ShaderCodeLibraryPakFileMountedCallback: pending pak file info (ChunkID:-1 Root:root:/ File:C:/Program Files/Epic Games/UE_4.27/FeaturePacks/FP_FirstPersonBP.upack)
[2026.08.11-00.48.29:348][  0]LogPakFile: OnPakFileMounted2Time == 0.000067
[2026.08.11-00.48.29:353][  0]LogPakFile: PakFile PrimaryIndexSize=191
[2026.08.11-00.48.29:353][  0]LogPakFile: PakFile PathHashIndexSize=101
[2026.08.11-00.48.29:353][  0]LogPakFile: PakFile FullDirectoryIndexSize=160
[2026.08.11-00.48.29:353][  0]LogShaderLibrary: Display: ShaderCodeLibraryPakFileMountedCallback: PakFile 'C:/Program Files/Epic Games/UE_4.27/FeaturePacks/MobileStarterContent.upack' (chunk index -1, root 'root:/') mounted
[2026.08.11-00.48.29:353][  0]LogShaderLibrary: Display: ShaderCodeLibraryPakFileMountedCallback: pending pak file info (ChunkID:-1 Root:root:/ File:C:/Program Files/Epic Games/UE_4.27/FeaturePacks/MobileStarterContent.upack)
[2026.08.11-00.48.29:353][  0]LogPakFile: OnPakFileMounted2Time == 0.000078
[2026.08.11-00.48.29:359][  0]LogPakFile: PakFile PrimaryIndexSize=185
[2026.08.11-00.48.29:359][  0]LogPakFile: PakFile PathHashIndexSize=101
[2026.08.11-00.48.29:359][  0]LogPakFile: PakFile FullDirectoryIndexSize=148
[2026.08.11-00.48.29:359][  0]LogShaderLibrary: Display: ShaderCodeLibraryPakFileMountedCallback: PakFile 'C:/Program Files/Epic Games/UE_4.27/FeaturePacks/StarterContent.upack' (chunk index -1, root 'root:/') mounted
[2026.08.11-00.48.29:359][  0]LogShaderLibrary: Display: ShaderCodeLibraryPakFileMountedCallback: pending pak file info (ChunkID:-1 Root:root:/ File:C:/Program Files/Epic Games/UE_4.27/FeaturePacks/StarterContent.upack)
[2026.08.11-00.48.29:359][  0]LogPakFile: OnPakFileMounted2Time == 0.000078
[2026.08.11-00.48.29:364][  0]LogPakFile: PakFile PrimaryIndexSize=190
[2026.08.11-00.48.29:364][  0]LogPakFile: PakFile PathHashIndexSize=101
[2026.08.11-00.48.29:364][  0]LogPakFile: PakFile FullDirectoryIndexSize=154
[2026.08.11-00.48.29:364][  0]LogShaderLibrary: Display: ShaderCodeLibraryPakFileMountedCallback: PakFile 'C:/Program Files/Epic Games/UE_4.27/FeaturePacks/TP_2DSideScroller.upack' (chunk index -1, root 'root:/') mounted
[2026.08.11-00.48.29:364][  0]LogShaderLibrary: Display: ShaderCodeLibraryPakFileMountedCallback: pending pak file info (ChunkID:-1 Root:root:/ File:C:/Program Files/Epic Games/UE_4.27/FeaturePacks/TP_2DSideScroller.upack)
[2026.08.11-00.48.29:364][  0]LogPakFile: OnPakFileMounted2Time == 0.000070
[2026.08.11-00.48.29:367][  0]LogPakFile: PakFile PrimaryIndexSize=192
[2026.08.11-00.48.29:367][  0]LogPakFile: PakFile PathHashIndexSize=101
[2026.08.11-00.48.29:367][  0]LogPakFile: PakFile FullDirectoryIndexSize=158
[2026.08.11-00.48.29:367][  0]LogShaderLibrary: Display: ShaderCodeLibraryPakFileMountedCallback: PakFile 'C:/Program Files/Epic Games/UE_4.27/FeaturePacks/TP_2DSideScrollerBP.upack' (chunk index -1, root 'root:/') mounted
[2026.08.11-00.48.29:367][  0]LogShaderLibrary: Display: ShaderCodeLibraryPakFileMountedCallback: pending pak file info (ChunkID:-1 Root:root:/ File:C:/Program Files/Epic Games/UE_4.27/FeaturePacks/TP_2DSideScrollerBP.upack)
[2026.08.11-00.48.29:367][  0]LogPakFile: OnPakFileMounted2Time == 0.000073
[2026.08.11-00.48.29:371][  0]LogPakFile: PakFile PrimaryIndexSize=182
[2026.08.11-00.48.29:371][  0]LogPakFile: PakFile PathHashIndexSize=101
[2026.08.11-00.48.29:371][  0]LogPakFile: PakFile FullDirectoryIndexSize=138
[2026.08.11-00.48.29:371][  0]LogShaderLibrary: Display: ShaderCodeLibraryPakFileMountedCallback: PakFile 'C:/Program Files/Epic Games/UE_4.27/FeaturePacks/TP_Flying.upack' (chunk index -1, root 'root:/') mounted
[2026.08.11-00.48.29:371][  0]LogShaderLibrary: Display: ShaderCodeLibraryPakFileMountedCallback: pending pak file info (ChunkID:-1 Root:root:/ File:C:/Program Files/Epic Games/UE_4.27/FeaturePacks/TP_Flying.upack)
[2026.08.11-00.48.29:371][  0]LogPakFile: OnPakFileMounted2Time == 0.000061
[2026.08.11-00.48.29:374][  0]LogPakFile: PakFile PrimaryIndexSize=184
[2026.08.11-00.48.29:374][  0]LogPakFile: PakFile PathHashIndexSize=101
[2026.08.11-00.48.29:374][  0]LogPakFile: PakFile FullDirectoryIndexSize=142
[2026.08.11-00.48.29:375][  0]LogShaderLibrary: Display: ShaderCodeLibraryPakFileMountedCallback: PakFile 'C:/Program Files/Epic Games/UE_4.27/FeaturePacks/TP_FlyingBP.upack' (chunk index -1, root 'root:/') mounted
[2026.08.11-00.48.29:375][  0]LogShaderLibrary: Display: ShaderCodeLibraryPakFileMountedCallback: pending pak file info (ChunkID:-1 Root:root:/ File:C:/Program Files/Epic Games/UE_4.27/FeaturePacks/TP_FlyingBP.upack)
[2026.08.11-00.48.29:375][  0]LogPakFile: OnPakFileMounted2Time == 0.000061
[2026.08.11-00.48.29:378][  0]LogPakFile: PakFile PrimaryIndexSize=188
[2026.08.11-00.48.29:378][  0]LogPakFile: PakFile PathHashIndexSize=101
[2026.08.11-00.48.29:379][  0]LogPakFile: PakFile FullDirectoryIndexSize=150
[2026.08.11-00.48.29:379][  0]LogShaderLibrary: Display: ShaderCodeLibraryPakFileMountedCallback: PakFile 'C:/Program Files/Epic Games/UE_4.27/FeaturePacks/TP_HandheldARBP.upack' (chunk index -1, root 'root:/') mounted
[2026.08.11-00.48.29:379][  0]LogShaderLibrary: Display: ShaderCodeLibraryPakFileMountedCallback: pending pak file info (ChunkID:-1 Root:root:/ File:C:/Program Files/Epic Games/UE_4.27/FeaturePacks/TP_HandheldARBP.upack)
[2026.08.11-00.48.29:379][  0]LogPakFile: OnPakFileMounted2Time == 0.000063
[2026.08.11-00.48.29:388][  0]LogPakFile: PakFile PrimaryIndexSize=182
[2026.08.11-00.48.29:388][  0]LogPakFile: PakFile PathHashIndexSize=101
[2026.08.11-00.48.29:388][  0]LogPakFile: PakFile FullDirectoryIndexSize=138
[2026.08.11-00.48.29:388][  0]LogShaderLibrary: Display: ShaderCodeLibraryPakFileMountedCallback: PakFile 'C:/Program Files/Epic Games/UE_4.27/FeaturePacks/TP_Puzzle.upack' (chunk index -1, root 'root:/') mounted
[2026.08.11-00.48.29:388][  0]LogShaderLibrary: Display: ShaderCodeLibraryPakFileMountedCallback: pending pak file info (ChunkID:-1 Root:root:/ File:C:/Program Files/Epic Games/UE_4.27/FeaturePacks/TP_Puzzle.upack)
[2026.08.11-00.48.29:388][  0]LogPakFile: OnPakFileMounted2Time == 0.000074
[2026.08.11-00.48.29:392][  0]LogPakFile: PakFile PrimaryIndexSize=184
[2026.08.11-00.48.29:392][  0]LogPakFile: PakFile PathHashIndexSize=101
[2026.08.11-00.48.29:392][  0]LogPakFile: PakFile FullDirectoryIndexSize=142
[2026.08.11-00.48.29:392][  0]LogShaderLibrary: Display: ShaderCodeLibraryPakFileMountedCallback: PakFile 'C:/Program Files/Epic Games/UE_4.27/FeaturePacks/TP_PuzzleBP.upack' (chunk index -1, root 'root:/') mounted
[2026.08.11-00.48.29:392][  0]LogShaderLibrary: Display: ShaderCodeLibraryPakFileMountedCallback: pending pak file info (ChunkID:-1 Root:root:/ File:C:/Program Files/Epic Games/UE_4.27/FeaturePacks/TP_PuzzleBP.upack)
[2026.08.11-00.48.29:392][  0]LogPakFile: OnPakFileMounted2Time == 0.000064
[2026.08.11-00.48.29:396][  0]LogPakFile: PakFile PrimaryIndexSize=183
[2026.08.11-00.48.29:396][  0]LogPakFile: PakFile PathHashIndexSize=101
[2026.08.11-00.48.29:396][  0]LogPakFile: PakFile FullDirectoryIndexSize=140
[2026.08.11-00.48.29:396][  0]LogShaderLibrary: Display: ShaderCodeLibraryPakFileMountedCallback: PakFile 'C:/Program Files/Epic Games/UE_4.27/FeaturePacks/TP_Rolling.upack' (chunk index -1, root 'root:/') mounted
[2026.08.11-00.48.29:396][  0]LogShaderLibrary: Display: ShaderCodeLibraryPakFileMountedCallback: pending pak file info (ChunkID:-1 Root:root:/ File:C:/Program Files/Epic Games/UE_4.27/FeaturePacks/TP_Rolling.upack)
[2026.08.11-00.48.29:396][  0]LogPakFile: OnPakFileMounted2Time == 0.000062
[2026.08.11-00.48.29:400][  0]LogPakFile: PakFile PrimaryIndexSize=185
[2026.08.11-00.48.29:400][  0]LogPakFile: PakFile PathHashIndexSize=101
[2026.08.11-00.48.29:400][  0]LogPakFile: PakFile FullDirectoryIndexSize=144
[2026.08.11-00.48.29:400][  0]LogShaderLibrary: Display: ShaderCodeLibraryPakFileMountedCallback: PakFile 'C:/Program Files/Epic Games/UE_4.27/FeaturePacks/TP_RollingBP.upack' (chunk index -1, root 'root:/') mounted
[2026.08.11-00.48.29:400][  0]LogShaderLibrary: Display: ShaderCodeLibraryPakFileMountedCallback: pending pak file info (ChunkID:-1 Root:root:/ File:C:/Program Files/Epic Games/UE_4.27/FeaturePacks/TP_RollingBP.upack)
[2026.08.11-00.48.29:400][  0]LogPakFile: OnPakFileMounted2Time == 0.000074
[2026.08.11-00.48.29:405][  0]LogPakFile: PakFile PrimaryIndexSize=188
[2026.08.11-00.48.29:405][  0]LogPakFile: PakFile PathHashIndexSize=101
[2026.08.11-00.48.29:405][  0]LogPakFile: PakFile FullDirectoryIndexSize=150
[2026.08.11-00.48.29:405][  0]LogShaderLibrary: Display: ShaderCodeLibraryPakFileMountedCallback: PakFile 'C:/Program Files/Epic Games/UE_4.27/FeaturePacks/TP_SideScroller.upack' (chunk index -1, root 'root:/') mounted
[2026.08.11-00.48.29:405][  0]LogShaderLibrary: Display: ShaderCodeLibraryPakFileMountedCallback: pending pak file info (ChunkID:-1 Root:root:/ File:C:/Program Files/Epic Games/UE_4.27/FeaturePacks/TP_SideScroller.upack)
[2026.08.11-00.48.29:405][  0]LogPakFile: OnPakFileMounted2Time == 0.000069
[2026.08.11-00.48.29:409][  0]LogPakFile: PakFile PrimaryIndexSize=190
[2026.08.11-00.48.29:409][  0]LogPakFile: PakFile PathHashIndexSize=101
[2026.08.11-00.48.29:409][  0]LogPakFile: PakFile FullDirectoryIndexSize=154
[2026.08.11-00.48.29:409][  0]LogShaderLibrary: Display: ShaderCodeLibraryPakFileMountedCallback: PakFile 'C:/Program Files/Epic Games/UE_4.27/FeaturePacks/TP_SideScrollerBP.upack' (chunk index -1, root 'root:/') mounted
[2026.08.11-00.48.29:409][  0]LogShaderLibrary: Display: ShaderCodeLibraryPakFileMountedCallback: pending pak file info (ChunkID:-1 Root:root:/ File:C:/Program Files/Epic Games/UE_4.27/FeaturePacks/TP_SideScrollerBP.upack)
[2026.08.11-00.48.29:409][  0]LogPakFile: OnPakFileMounted2Time == 0.000060
[2026.08.11-00.48.29:412][  0]LogPakFile: PakFile PrimaryIndexSize=187
[2026.08.11-00.48.29:412][  0]LogPakFile: PakFile PathHashIndexSize=101
[2026.08.11-00.48.29:412][  0]LogPakFile: PakFile FullDirectoryIndexSize=148
[2026.08.11-00.48.29:412][  0]LogShaderLibrary: Display: ShaderCodeLibraryPakFileMountedCallback: PakFile 'C:/Program Files/Epic Games/UE_4.27/FeaturePacks/TP_ThirdPerson.upack' (chunk index -1, root 'root:/') mounted
[2026.08.11-00.48.29:412][  0]LogShaderLibrary: Display: ShaderCodeLibraryPakFileMountedCallback: pending pak file info (ChunkID:-1 Root:root:/ File:C:/Program Files/Epic Games/UE_4.27/FeaturePacks/TP_ThirdPerson.upack)
[2026.08.11-00.48.29:413][  0]LogPakFile: OnPakFileMounted2Time == 0.000057
[2026.08.11-00.48.29:417][  0]LogPakFile: PakFile PrimaryIndexSize=189
[2026.08.11-00.48.29:417][  0]LogPakFile: PakFile PathHashIndexSize=101
[2026.08.11-00.48.29:417][  0]LogPakFile: PakFile FullDirectoryIndexSize=152
[2026.08.11-00.48.29:417][  0]LogShaderLibrary: Display: ShaderCodeLibraryPakFileMountedCallback: PakFile 'C:/Program Files/Epic Games/UE_4.27/FeaturePacks/TP_ThirdPersonBP.upack' (chunk index -1, root 'root:/') mounted
[2026.08.11-00.48.29:417][  0]LogShaderLibrary: Display: ShaderCodeLibraryPakFileMountedCallback: pending pak file info (ChunkID:-1 Root:root:/ File:C:/Program Files/Epic Games/UE_4.27/FeaturePacks/TP_ThirdPersonBP.upack)
[2026.08.11-00.48.29:417][  0]LogPakFile: OnPakFileMounted2Time == 0.000097
[2026.08.11-00.48.29:422][  0]LogPakFile: PakFile PrimaryIndexSize=183
[2026.08.11-00.48.29:422][  0]LogPakFile: PakFile PathHashIndexSize=101
[2026.08.11-00.48.29:422][  0]LogPakFile: PakFile FullDirectoryIndexSize=140
[2026.08.11-00.48.29:422][  0]LogShaderLibrary: Display: ShaderCodeLibraryPakFileMountedCallback: PakFile 'C:/Program Files/Epic Games/UE_4.27/FeaturePacks/TP_TopDown.upack' (chunk index -1, root 'root:/') mounted
[2026.08.11-00.48.29:422][  0]LogShaderLibrary: Display: ShaderCodeLibraryPakFileMountedCallback: pending pak file info (ChunkID:-1 Root:root:/ File:C:/Program Files/Epic Games/UE_4.27/FeaturePacks/TP_TopDown.upack)
[2026.08.11-00.48.29:422][  0]LogPakFile: OnPakFileMounted2Time == 0.000078
[2026.08.11-00.48.29:424][  0]LogPakFile: PakFile PrimaryIndexSize=185
[2026.08.11-00.48.29:424][  0]LogPakFile: PakFile PathHashIndexSize=101
[2026.08.11-00.48.29:425][  0]LogPakFile: PakFile FullDirectoryIndexSize=144
[2026.08.11-00.48.29:425][  0]LogShaderLibrary: Display: ShaderCodeLibraryPakFileMountedCallback: PakFile 'C:/Program Files/Epic Games/UE_4.27/FeaturePacks/TP_TopDownBP.upack' (chunk index -1, root 'root:/') mounted
[2026.08.11-00.48.29:425][  0]LogShaderLibrary: Display: ShaderCodeLibraryPakFileMountedCallback: pending pak file info (ChunkID:-1 Root:root:/ File:C:/Program Files/Epic Games/UE_4.27/FeaturePacks/TP_TopDownBP.upack)
[2026.08.11-00.48.29:425][  0]LogPakFile: OnPakFileMounted2Time == 0.000063
[2026.08.11-00.48.29:428][  0]LogPakFile: PakFile PrimaryIndexSize=185
[2026.08.11-00.48.29:428][  0]LogPakFile: PakFile PathHashIndexSize=101
[2026.08.11-00.48.29:428][  0]LogPakFile: PakFile FullDirectoryIndexSize=144
[2026.08.11-00.48.29:428][  0]LogShaderLibrary: Display: ShaderCodeLibraryPakFileMountedCallback: PakFile 'C:/Program Files/Epic Games/UE_4.27/FeaturePacks/TP_TwinStick.upack' (chunk index -1, root 'root:/') mounted
[2026.08.11-00.48.29:428][  0]LogShaderLibrary: Display: ShaderCodeLibraryPakFileMountedCallback: pending pak file info (ChunkID:-1 Root:root:/ File:C:/Program Files/Epic Games/UE_4.27/FeaturePacks/TP_TwinStick.upack)
[2026.08.11-00.48.29:428][  0]LogPakFile: OnPakFileMounted2Time == 0.000038
[2026.08.11-00.48.29:431][  0]LogPakFile: PakFile PrimaryIndexSize=187
[2026.08.11-00.48.29:431][  0]LogPakFile: PakFile PathHashIndexSize=101
[2026.08.11-00.48.29:431][  0]LogPakFile: PakFile FullDirectoryIndexSize=148
[2026.08.11-00.48.29:431][  0]LogShaderLibrary: Display: ShaderCodeLibraryPakFileMountedCallback: PakFile 'C:/Program Files/Epic Games/UE_4.27/FeaturePacks/TP_TwinStickBP.upack' (chunk index -1, root 'root:/') mounted
[2026.08.11-00.48.29:431][  0]LogShaderLibrary: Display: ShaderCodeLibraryPakFileMountedCallback: pending pak file info (ChunkID:-1 Root:root:/ File:C:/Program Files/Epic Games/UE_4.27/FeaturePacks/TP_TwinStickBP.upack)
[2026.08.11-00.48.29:432][  0]LogPakFile: OnPakFileMounted2Time == 0.000082
[2026.08.11-00.48.29:437][  0]LogPakFile: PakFile PrimaryIndexSize=183
[2026.08.11-00.48.29:437][  0]LogPakFile: PakFile PathHashIndexSize=101
[2026.08.11-00.48.29:437][  0]LogPakFile: PakFile FullDirectoryIndexSize=140
[2026.08.11-00.48.29:437][  0]LogShaderLibrary: Display: ShaderCodeLibraryPakFileMountedCallback: PakFile 'C:/Program Files/Epic Games/UE_4.27/FeaturePacks/TP_Vehicle.upack' (chunk index -1, root 'root:/') mounted
[2026.08.11-00.48.29:437][  0]LogShaderLibrary: Display: ShaderCodeLibraryPakFileMountedCallback: pending pak file info (ChunkID:-1 Root:root:/ File:C:/Program Files/Epic Games/UE_4.27/FeaturePacks/TP_Vehicle.upack)
[2026.08.11-00.48.29:437][  0]LogPakFile: OnPakFileMounted2Time == 0.000065
[2026.08.11-00.48.29:444][  0]LogPakFile: PakFile PrimaryIndexSize=186
[2026.08.11-00.48.29:444][  0]LogPakFile: PakFile PathHashIndexSize=101
[2026.08.11-00.48.29:444][  0]LogPakFile: PakFile FullDirectoryIndexSize=146
[2026.08.11-00.48.29:444][  0]LogShaderLibrary: Display: ShaderCodeLibraryPakFileMountedCallback: PakFile 'C:/Program Files/Epic Games/UE_4.27/FeaturePacks/TP_VehicleAdv.upack' (chunk index -1, root 'root:/') mounted
[2026.08.11-00.48.29:444][  0]LogShaderLibrary: Display: ShaderCodeLibraryPakFileMountedCallback: pending pak file info (ChunkID:-1 Root:root:/ File:C:/Program Files/Epic Games/UE_4.27/FeaturePacks/TP_VehicleAdv.upack)
[2026.08.11-00.48.29:444][  0]LogPakFile: OnPakFileMounted2Time == 0.000061
[2026.08.11-00.48.29:450][  0]LogPakFile: PakFile PrimaryIndexSize=188
[2026.08.11-00.48.29:450][  0]LogPakFile: PakFile PathHashIndexSize=101
[2026.08.11-00.48.29:451][  0]LogPakFile: PakFile FullDirectoryIndexSize=150
[2026.08.11-00.48.29:451][  0]LogShaderLibrary: Display: ShaderCodeLibraryPakFileMountedCallback: PakFile 'C:/Program Files/Epic Games/UE_4.27/FeaturePacks/TP_VehicleAdvBP.upack' (chunk index -1, root 'root:/') mounted
[2026.08.11-00.48.29:451][  0]LogShaderLibrary: Display: ShaderCodeLibraryPakFileMountedCallback: pending pak file info (ChunkID:-1 Root:root:/ File:C:/Program Files/Epic Games/UE_4.27/FeaturePacks/TP_VehicleAdvBP.upack)
[2026.08.11-00.48.29:451][  0]LogPakFile: OnPakFileMounted2Time == 0.000071
[2026.08.11-00.48.29:456][  0]LogPakFile: PakFile PrimaryIndexSize=185
[2026.08.11-00.48.29:456][  0]LogPakFile: PakFile PathHashIndexSize=101
[2026.08.11-00.48.29:456][  0]LogPakFile: PakFile FullDirectoryIndexSize=144
[2026.08.11-00.48.29:456][  0]LogShaderLibrary: Display: ShaderCodeLibraryPakFileMountedCallback: PakFile 'C:/Program Files/Epic Games/UE_4.27/FeaturePacks/TP_VehicleBP.upack' (chunk index -1, root 'root:/') mounted
[2026.08.11-00.48.29:456][  0]LogShaderLibrary: Display: ShaderCodeLibraryPakFileMountedCallback: pending pak file info (ChunkID:-1 Root:root:/ File:C:/Program Files/Epic Games/UE_4.27/FeaturePacks/TP_VehicleBP.upack)
[2026.08.11-00.48.29:456][  0]LogPakFile: OnPakFileMounted2Time == 0.000073
[2026.08.11-00.48.29:460][  0]LogPakFile: PakFile PrimaryIndexSize=192
[2026.08.11-00.48.29:460][  0]LogPakFile: PakFile PathHashIndexSize=101
[2026.08.11-00.48.29:460][  0]LogPakFile: PakFile FullDirectoryIndexSize=158
[2026.08.11-00.48.29:460][  0]LogShaderLibrary: Display: ShaderCodeLibraryPakFileMountedCallback: PakFile 'C:/Program Files/Epic Games/UE_4.27/FeaturePacks/TP_VirtualRealityBP.upack' (chunk index -1, root 'root:/') mounted
[2026.08.11-00.48.29:460][  0]LogShaderLibrary: Display: ShaderCodeLibraryPakFileMountedCallback: pending pak file info (ChunkID:-1 Root:root:/ File:C:/Program Files/Epic Games/UE_4.27/FeaturePacks/TP_VirtualRealityBP.upack)
[2026.08.11-00.48.29:460][  0]LogPakFile: OnPakFileMounted2Time == 0.000074
[2026.08.11-00.48.29:800][  0]LogNativeClassHierarchy: Verbose: Native class hierarchy updated for 'AddContentDialog' in 0.0005 seconds. Added 0 classes and 0 folders.
[2026.08.11-00.48.29:817][  0]LogNativeClassHierarchy: Verbose: Native class hierarchy updated for 'SceneOutliner' in 0.0005 seconds. Added 2 classes and 0 folders.
[2026.08.11-00.48.30:078][  0]LogSlate: Took 0.012057 seconds to synchronously load lazily loaded font '../../../Engine/Content/Slate/Fonts/Roboto-Regular.ttf' (155K)
[2026.08.11-00.48.30:083][  0]LogSlate: Took 0.002373 seconds to synchronously load lazily loaded font '../../../Engine/Content/Editor/Slate/Fonts/FontAwesome.ttf' (139K)
[2026.08.11-00.48.30:109][  0]LogSlate: Took 0.025119 seconds to synchronously load lazily loaded font '../../../Engine/Content/Slate/Fonts/DroidSansFallback.ttf' (3848K)
[2026.08.11-00.48.30:112][  0]LogSlate: Took 0.001518 seconds to synchronously load lazily loaded font '../../../Engine/Content/Slate/Fonts/Roboto-Bold.ttf' (160K)
[2026.08.11-00.48.30:635][  0]LogRenderer: Reallocating scene render targets to support 860x452 Format 10 NumSamples 1 (Frame:1).
[2026.08.11-00.48.33:737][  0]LogNativeClassHierarchy: Verbose: Native class hierarchy updated for 'HierarchicalLODOutliner' in 0.0006 seconds. Added 0 classes and 0 folders.
[2026.08.11-00.48.33:739][  0]LogLoad: (Engine Initialization) Total time: 1431.48 seconds
[2026.08.11-00.48.33:739][  0]LogLoad: (Engine Initialization) Total Blueprint compile time: 0.00 seconds
[2026.08.11-00.48.33:971][  0]LogContentStreaming: Texture pool size now 1000 MB
[2026.08.11-00.48.34:350][  2]LogSlate: Took 0.001908 seconds to synchronously load lazily loaded font '../../../Engine/Content/Slate/Fonts/Roboto-Light.ttf' (167K)
[2026.08.11-00.48.34:518][  6]LogAssetRegistry: Asset discovery search completed in 1421.6302 seconds
[2026.08.11-00.48.34:574][  6]LogCollectionManager: Fixed up redirectors for 0 collections in 0.000007 seconds (updated 0 objects)
[2026.08.11-00.49.09:309][429]LogSlate: Took 0.005266 seconds to synchronously load lazily loaded font '../../../Engine/Content/Slate/Fonts/Roboto-Light.ttf' (167K)
[2026.08.11-00.49.09:331][429]LogAssetEditorSubsystem: Opening Asset editor for Texture2D /Game/Bar/Texture/T_d10.T_d10
[2026.08.11-00.49.09:401][429]LogNativeClassHierarchy: Verbose: Native class hierarchy updated for 'TextureEditor' in 0.0003 seconds. Added 1 classes and 2 folders.
[2026.08.11-00.49.16:053][  3]LogSlate: Window 'T_d10' being destroyed
[2026.08.11-00.49.23:777][812]LogAssetEditorSubsystem: Opening Asset editor for Texture2D /Game/Bar/Texture/T_d21.T_d21
[2026.08.11-00.49.39:782][305]LogSlate: Window 'T_d21' being destroyed
[2026.08.11-00.50.17:537][605]LogAssetEditorSubsystem: Opening Asset editor for Texture2D /Game/Bar/Texture/T_d28.T_d28
[2026.08.11-00.50.23:687][ 84]LogSlate: Window 'T_d28' being destroyed
[2026.08.11-00.51.27:563][921]LogEditorViewport: Clicking on Actor (LMB): StaticMeshActor (SM_Deco_21)
[2026.08.11-00.51.29:533][ 91]LogEditorViewport: Clicking on Actor (LMB): StaticMeshActor (SM_Floor_07)
[2026.08.11-00.51.30:267][168]LogEditorViewport: Clicking on Actor (LMB): StaticMeshActor (SM_Deco_21)
[2026.08.11-00.51.37:134][961]LogEditorViewport: Clicking on Actor (LMB): StaticMeshActor (SM_Deco_21)
[2026.08.11-00.53.05:962][953]LogEditorViewport: Clicking on Actor (LMB): StaticMeshActor (SM_Wall_10)
[2026.08.11-00.53.13:024][772]LogEditorViewport: Clicking on Actor (LMB): StaticMeshActor (SM_Wall_10)
[2026.08.11-00.53.31:519][919]LogEditorViewport: Clicking on Actor (context menu): StaticMeshActor (SM_Pano)
[2026.08.11-00.54.25:644][751]LogEditorViewport: Clicking on Actor (LMB): StaticMeshActor (SM_Wall_10)
[2026.08.11-00.54.35:163][841]LogEditorViewport: Clicking on Actor (LMB): StaticMeshActor (SM_Deco_12)
[2026.08.11-00.54.40:017][380]LogEditorViewport: Clicking on Actor (LMB): StaticMeshActor (SM_Wall_06)
[2026.08.11-00.54.43:152][739]LogEditorViewport: Clicking on Actor (LMB): StaticMeshActor (SM_Wall_06)
[2026.08.11-00.54.46:715][136]LogEditorViewport: Clicking on Actor (LMB): StaticMeshActor (SM_Wall_06)
[2026.08.11-00.55.07:063][435]LogEditorViewport: Clicking on Actor (LMB): StaticMeshActor (SM_Cabinet_01)
[2026.08.11-00.55.19:984][802]LogEditorViewport: Clicking on Actor (LMB): StaticMeshActor (SM_Floor_01)
[2026.08.11-00.55.20:157][810]LogEditorViewport: Clicking on Component (LMB): StaticMeshComponent (StaticMeshComponent0)
[2026.08.11-00.55.23:311][164]LogEditorViewport: Clicking on Actor (LMB): StaticMeshActor (SM_Wall_10)
[2026.08.11-00.55.34:013][374]LogEditorViewport: Clicking on Actor (LMB): StaticMeshActor (SM_Deco_05)
[2026.08.11-00.55.44:160][459]LogEditorViewport: Clicking on Actor (LMB): StaticMeshActor (SM_Cabinet_01)
