Log file open, 08/11/26 13:11:25
LogWindows: Failed to load 'aqProf.dll' (GetLastError=126)
LogWindows: File 'aqProf.dll' does not exist
LogWindows: Failed to load 'VtuneApi.dll' (GetLastError=126)
LogWindows: File 'VtuneApi.dll' does not exist
LogWindows: Failed to load 'VtuneApi32e.dll' (GetLastError=126)
LogWindows: File 'VtuneApi32e.dll' does not exist
LogConsoleResponse: Display: Failed to find resolution value strings in scalability ini. Falling back to default.
LogConsoleResponse: Display: Failed to find resolution value strings in scalability ini. Falling back to default.
LogInit: Display: Running engine for game: Bar
LogPlatformFile: Not using cached read wrapper
LogTaskGraph: Started task graph with 5 named threads and 23 total threads with 3 sets of task threads.
LogStats: Stats thread started at 1.152022
LogICUInternationalization: ICU TimeZone Detection - Raw Offset: +8:00, Platform Override: ''
LogInit: Display: Loading text-based GConfig....
LogPluginManager: Mounting plugin MeshPainting
LogPluginManager: Mounting plugin XGEController
LogPluginManager: Mounting plugin AISupport
LogPluginManager: Mounting plugin EnvironmentQueryEditor
LogPluginManager: Mounting plugin Paper2D
LogPluginManager: Mounting plugin OodleData
LogPluginManager: Mounting plugin LiveLink
LogPluginManager: Mounting plugin AnimationSharing
LogPluginManager: Mounting plugin GameplayCameras
LogPluginManager: Mounting plugin CameraShakePreviewer
LogPluginManager: Mounting plugin OodleNetwork
LogPluginManager: Mounting plugin CodeLiteSourceCodeAccess
LogPluginManager: Mounting plugin GitSourceControl
LogPluginManager: Mounting plugin KDevelopSourceCodeAccess
LogPluginManager: Mounting plugin CLionSourceCodeAccess
LogPluginManager: Mounting plugin NullSourceCodeAccess
LogPluginManager: Mounting plugin PerforceSourceControl
LogPluginManager: Mounting plugin PlasticSourceControl
LogPluginManager: Mounting plugin PixWinPlugin
LogPluginManager: Mounting plugin PluginUtils
LogPluginManager: Mounting plugin RiderSourceCodeAccess
LogPluginManager: Mounting plugin PropertyAccessNode
LogPluginManager: Mounting plugin SubversionSourceControl
LogPluginManager: Mounting plugin TextureFormatOodle
LogPluginManager: Mounting plugin UObjectPlugin
LogPluginManager: Mounting plugin VisualStudioSourceCodeAccess
LogPluginManager: Mounting plugin XCodeSourceCodeAccess
LogPluginManager: Mounting plugin AssetManagerEditor
LogPluginManager: Mounting plugin VisualStudioCodeSourceCodeAccess
LogPluginManager: Mounting plugin CryptoKeys
LogPluginManager: Mounting plugin Niagara
LogPluginManager: Mounting plugin DataValidation
LogPluginManager: Mounting plugin CurveEditorTools
LogPluginManager: Mounting plugin GeometryMode
LogPluginManager: Mounting plugin FacialAnimation
LogPluginManager: Mounting plugin GameplayTagsEditor
LogPluginManager: Mounting plugin MacGraphicsSwitching
LogPluginManager: Mounting plugin MaterialAnalyzer
LogPluginManager: Mounting plugin MobileLauncherProfileWizard
LogPluginManager: Mounting plugin SpeedTreeImporter
LogPluginManager: Mounting plugin PluginBrowser
LogPluginManager: Mounting plugin DatasmithContent
LogPluginManager: Mounting plugin VariantManagerContent
LogPluginManager: Mounting plugin LuminPlatformFeatures
LogPluginManager: Mounting plugin MagicLeap
LogPluginManager: Mounting plugin MagicLeapMedia
LogPluginManager: Mounting plugin MagicLeapLightEstimation
LogPluginManager: Mounting plugin MLSDK
LogPluginManager: Mounting plugin MagicLeapPassableWorld
LogPluginManager: Mounting plugin AlembicImporter
LogPluginManager: Mounting plugin BackChannel
LogPluginManager: Mounting plugin AutomationUtils
LogPluginManager: Mounting plugin ChaosCloth
LogPluginManager: Mounting plugin ChaosEditor
LogPluginManager: Mounting plugin ChaosClothEditor
LogPluginManager: Mounting plugin CharacterAI
LogPluginManager: Mounting plugin ChaosSolverPlugin
LogPluginManager: Mounting plugin ChaosNiagara
LogPluginManager: Mounting plugin GeometryCache
LogPluginManager: Mounting plugin GeometryCollectionPlugin
LogPluginManager: Mounting plugin AndroidMedia
LogPluginManager: Mounting plugin AvfMedia
LogPluginManager: Mounting plugin MediaCompositing
LogPluginManager: Mounting plugin ImgMedia
LogPluginManager: Mounting plugin MediaPlayerEditor
LogPluginManager: Mounting plugin WebMMedia
LogPluginManager: Mounting plugin WmfMedia
LogPluginManager: Mounting plugin GeometryProcessing
LogPluginManager: Mounting plugin OpenImageDenoise
LogPluginManager: Mounting plugin MotoSynth
LogPluginManager: Mounting plugin PlanarCut
LogPluginManager: Mounting plugin PlatformCrypto
LogPluginManager: Mounting plugin ProxyLODPlugin
LogPluginManager: Mounting plugin PythonScriptPlugin
LogPluginManager: Mounting plugin SkeletalReduction
LogPluginManager: Mounting plugin TcpMessaging
LogPluginManager: Mounting plugin UdpMessaging
LogPluginManager: Mounting plugin LauncherChunkInstaller
LogPluginManager: Mounting plugin OnlineSubsystem
LogPluginManager: Mounting plugin OnlineSubsystemNull
LogPluginManager: Mounting plugin OnlineSubsystemUtils
LogPluginManager: Mounting plugin ActorSequence
LogPluginManager: Mounting plugin MatineeToLevelSequence
LogPluginManager: Mounting plugin LevelSequenceEditor
LogPluginManager: Mounting plugin TemplateSequence
LogPluginManager: Mounting plugin ActorLayerUtilities
LogPluginManager: Mounting plugin AndroidDeviceProfileSelector
LogPluginManager: Mounting plugin AndroidMoviePlayer
LogPluginManager: Mounting plugin AndroidPermission
LogPluginManager: Mounting plugin AppleMoviePlayer
LogPluginManager: Mounting plugin AppleImageUtils
LogPluginManager: Mounting plugin ArchVisCharacter
LogPluginManager: Mounting plugin AssetTags
LogPluginManager: Mounting plugin AudioCapture
LogPluginManager: Mounting plugin AudioSynesthesia
LogPluginManager: Mounting plugin CableComponent
LogPluginManager: Mounting plugin ChunkDownloader
LogPluginManager: Mounting plugin CustomMeshComponent
LogPluginManager: Mounting plugin ExampleDeviceProfileSelector
LogPluginManager: Mounting plugin EditableMesh
LogPluginManager: Mounting plugin GooglePAD
LogPluginManager: Mounting plugin GoogleCloudMessaging
LogPluginManager: Mounting plugin ScreenshotTools
LogPluginManager: Mounting plugin Takes
LogPluginManager: Mounting plugin LinuxDeviceProfileSelector
LogPluginManager: Mounting plugin IOSDeviceProfileSelector
LogPluginManager: Mounting plugin LocationServicesBPLibrary
LogPluginManager: Mounting plugin MobilePatchingUtils
LogPluginManager: Mounting plugin OpenXR
LogPluginManager: Mounting plugin OpenXREyeTracker
LogPluginManager: Mounting plugin OpenXRHandTracking
LogPluginManager: Mounting plugin PostSplashScreen
LogPluginManager: Mounting plugin ProceduralMeshComponent
LogPluginManager: Mounting plugin PropertyAccessEditor
LogPluginManager: Mounting plugin PhysXVehicles
LogPluginManager: Mounting plugin SignificanceManager
LogPluginManager: Mounting plugin RuntimePhysXCooking
LogPluginManager: Mounting plugin SoundFields
LogPluginManager: Mounting plugin WebMMoviePlayer
LogPluginManager: Mounting plugin Synthesis
LogPluginManager: Mounting plugin WindowsMoviePlayer
LogPluginManager: Mounting plugin LightPropagationVolume
LogPluginManager: Mounting plugin ContentBrowserAssetDataSource
LogPluginManager: Mounting plugin ContentBrowserClassDataSource
LogPluginManager: Mounting plugin ContentBrowserFileDataSource
LogPluginManager: Mounting plugin OnlineSubsystemGooglePlay
LogPluginManager: Mounting plugin OnlineSubsystemIOS
LogPluginManager: Mounting plugin OculusVR
LogPluginManager: Mounting plugin SteamVR
PixWinPlugin: PIX capture plugin failed to initialize! Check that the process is launched from PIX.
LogInit: Using libcurl 7.55.1-DEV
LogInit:  - built for x86_64-pc-win32
LogInit:  - supports SSL with OpenSSL/1.1.1
LogInit:  - supports HTTP deflate (compression) using libz 1.2.8
LogInit:  - other features:
LogInit:      CURL_VERSION_SSL
LogInit:      CURL_VERSION_LIBZ
LogInit:      CURL_VERSION_IPV6
LogInit:      CURL_VERSION_ASYNCHDNS
LogInit:      CURL_VERSION_LARGEFILE
LogInit:      CURL_VERSION_IDN
LogInit:  CurlRequestOptions (configurable via config and command line):
LogInit:  - bVerifyPeer = true  - Libcurl will verify peer certificate
LogInit:  - bUseHttpProxy = false  - Libcurl will NOT use HTTP proxy
LogInit:  - bDontReuseConnections = false  - Libcurl will reuse connections
LogInit:  - MaxHostConnections = 16  - Libcurl will limit the number of connections to a host
LogInit:  - LocalHostAddr = Default
LogInit:  - BufferSize = 65536
LogOnline: OSS: Creating online subsystem instance for: NULL
LogInit: WinSock: version 1.1 (2.2), MaxSocks=32767, MaxUdp=65467
LogOnline: OSS: TryLoadSubsystemAndSetDefault: Loaded subsystem for module [NULL]
LogOculusPluginWrapper: OculusPlugin initialized successfully
LogHMD: Failed initializing OVRPlugin 1.59.0
LogInit: Build: ++UE4+Release-4.27-CL-18319896
LogInit: Engine Version: 4.27.2-18319896+++UE4+Release-4.27
LogInit: Compatible Engine Version: 4.27.0-17155196+++UE4+Release-4.27
LogInit: Net CL: 17155196
LogInit: OS: Windows 10 (Release 2009) (), CPU: Intel(R) Xeon(R) CPU E3-1231 v3 @ 3.40GHz, GPU: NVIDIA GeForce GTX 1660
LogInit: Compiled (64-bit): Nov 30 2021 07:12:08
LogInit: Compiled with Visual C++: 19.24.28315.00
LogInit: Build Configuration: Development
LogInit: Branch Name: ++UE4+Release-4.27
LogInit: Command Line: 
LogInit: Base Directory: C:/Program Files/Epic Games/UE_4.27/Engine/Binaries/Win64/
LogInit: Allocator: TBB
LogInit: Installed Engine Build: 1
LogDevObjectVersion: Number of dev versions registered: 29
LogDevObjectVersion:   Dev-Blueprints (B0D832E4-1F89-4F0D-ACCF-7EB736FD4AA2): 10
LogDevObjectVersion:   Dev-Build (E1C64328-A22C-4D53-A36C-8E866417BD8C): 0
LogDevObjectVersion:   Dev-Core (375EC13C-06E4-48FB-B500-84F0262A717E): 4
LogDevObjectVersion:   Dev-Editor (E4B068ED-F494-42E9-A231-DA0B2E46BB41): 40
LogDevObjectVersion:   Dev-Framework (CFFC743F-43B0-4480-9391-14DF171D2073): 37
LogDevObjectVersion:   Dev-Mobile (B02B49B5-BB20-44E9-A304-32B752E40360): 3
LogDevObjectVersion:   Dev-Networking (A4E4105C-59A1-49B5-A7C5-40C4547EDFEE): 0
LogDevObjectVersion:   Dev-Online (39C831C9-5AE6-47DC-9A44-9C173E1C8E7C): 0
LogDevObjectVersion:   Dev-Physics (78F01B33-EBEA-4F98-B9B4-84EACCB95AA2): 14
LogDevObjectVersion:   Dev-Platform (6631380F-2D4D-43E0-8009-CF276956A95A): 0
LogDevObjectVersion:   Dev-Rendering (12F88B9F-8875-4AFC-A67C-D90C383ABD29): 45
LogDevObjectVersion:   Dev-Sequencer (7B5AE74C-D270-4C10-A958-57980B212A5A): 13
LogDevObjectVersion:   Dev-VR (D7296918-1DD6-4BDD-9DE2-64A83CC13884): 3
LogDevObjectVersion:   Dev-LoadTimes (C2A15278-BFE7-4AFE-6C17-90FF531DF755): 1
LogDevObjectVersion:   Private-Geometry (6EACA3D4-40EC-4CC1-B786-8BED09428FC5): 3
LogDevObjectVersion:   Dev-AnimPhys (29E575DD-E0A3-4627-9D10-D276232CDCEA): 17
LogDevObjectVersion:   Dev-Anim (AF43A65D-7FD3-4947-9873-3E8ED9C1BB05): 15
LogDevObjectVersion:   Dev-ReflectionCapture (6B266CEC-1EC7-4B8F-A30B-E4D90942FC07): 1
LogDevObjectVersion:   Dev-Automation (0DF73D61-A23F-47EA-B727-89E90C41499A): 1
LogDevObjectVersion:   FortniteMain (601D1886-AC64-4F84-AA16-D3DE0DEAC7D6): 47
LogDevObjectVersion:   FortniteRelease (E7086368-6B23-4C58-8439-1B7016265E91): 1
LogDevObjectVersion:   Dev-Enterprise (9DFFBCD6-494F-0158-E221-12823C92A888): 10
LogDevObjectVersion:   Dev-Niagara (F2AED0AC-9AFE-416F-8664-AA7FFA26D6FC): 1
LogDevObjectVersion:   Dev-Destruction (174F1F0B-B4C6-45A5-B13F-2EE8D0FB917D): 10
LogDevObjectVersion:   Dev-Physics-Ext (35F94A83-E258-406C-A318-09F59610247C): 41
LogDevObjectVersion:   Dev-PhysicsMaterial-Chaos (B68FC16E-8B1B-42E2-B453-215C058844FE): 1
LogDevObjectVersion:   Dev-CineCamera (B2E18506-4273-CFC2-A54E-F4BB758BBA07): 1
LogDevObjectVersion:   Dev-VirtualProduction (64F58936-FD1B-42BA-BA96-7289D5D0FA4E): 1
LogDevObjectVersion:   Dev-MediaFramework (6F0ED827-A609-4895-9C91-998D90180EA4): 2
LogInit: Presizing for max 25165824 objects, including 0 objects not considered by GC, pre-allocating 0 bytes for permanent pool.
LogConfig: Applying CVar settings from Section [/Script/Engine.StreamingSettings] File [C:/Users/Administrator/Downloads/Bar-z1/Bar/Saved/Config/Windows/Engine.ini]
LogConfig: Setting CVar [[s.MinBulkDataSizeForAsyncLoading:131072]]
LogConfig: Setting CVar [[s.AsyncLoadingThreadEnabled:0]]
LogConfig: Setting CVar [[s.EventDrivenLoaderEnabled:1]]
LogConfig: Setting CVar [[s.WarnIfTimeLimitExceeded:0]]
LogConfig: Setting CVar [[s.TimeLimitExceededMultiplier:1.5]]
LogConfig: Setting CVar [[s.TimeLimitExceededMinTime:0.005]]
LogConfig: Setting CVar [[s.UseBackgroundLevelStreaming:1]]
LogConfig: Setting CVar [[s.PriorityAsyncLoadingExtraTime:15.0]]
LogConfig: Setting CVar [[s.LevelStreamingActorsUpdateTimeLimit:5.0]]
LogConfig: Setting CVar [[s.PriorityLevelStreamingActorsUpdateExtraTime:5.0]]
LogConfig: Setting CVar [[s.LevelStreamingComponentsRegistrationGranularity:10]]
LogConfig: Setting CVar [[s.UnregisterComponentsTimeLimit:1.0]]
LogConfig: Setting CVar [[s.LevelStreamingComponentsUnregistrationGranularity:5]]
LogConfig: Setting CVar [[s.FlushStreamingOnExit:1]]
LogInit: Object subsystem initialized
LogConfig: Setting CVar [[con.DebugEarlyDefault:1]]
LogConfig: Setting CVar [[r.setres:1280x720]]
[2026.08.11-05.11.27:219][  0]LogConfig: Setting CVar [[r.VSync:0]]
[2026.08.11-05.11.27:219][  0]LogConfig: Setting CVar [[r.RHICmdBypass:0]]
[2026.08.11-05.11.27:219][  0]LogConfig: Applying CVar settings from Section [/Script/Engine.RendererSettings] File [C:/Users/Administrator/Downloads/Bar-z1/Bar/Saved/Config/Windows/Engine.ini]
[2026.08.11-05.11.27:219][  0]LogConfig: Setting CVar [[r.GPUCrashDebugging:0]]
[2026.08.11-05.11.27:219][  0]LogConfig: Setting CVar [[r.AllowGlobalClipPlane:1]]
[2026.08.11-05.11.27:219][  0]LogConfig: Applying CVar settings from Section [/Script/Engine.RendererOverrideSettings] File [C:/Users/Administrator/Downloads/Bar-z1/Bar/Saved/Config/Windows/Engine.ini]
[2026.08.11-05.11.27:219][  0]LogConfig: Applying CVar settings from Section [/Script/Engine.StreamingSettings] File [C:/Users/Administrator/Downloads/Bar-z1/Bar/Saved/Config/Windows/Engine.ini]
[2026.08.11-05.11.27:219][  0]LogConfig: Setting CVar [[s.MinBulkDataSizeForAsyncLoading:131072]]
[2026.08.11-05.11.27:219][  0]LogConfig: Setting CVar [[s.AsyncLoadingThreadEnabled:0]]
[2026.08.11-05.11.27:219][  0]LogConfig: Setting CVar [[s.EventDrivenLoaderEnabled:1]]
[2026.08.11-05.11.27:219][  0]LogConfig: Setting CVar [[s.WarnIfTimeLimitExceeded:0]]
[2026.08.11-05.11.27:219][  0]LogConfig: Setting CVar [[s.TimeLimitExceededMultiplier:1.5]]
[2026.08.11-05.11.27:219][  0]LogConfig: Setting CVar [[s.TimeLimitExceededMinTime:0.005]]
[2026.08.11-05.11.27:219][  0]LogConfig: Setting CVar [[s.UseBackgroundLevelStreaming:1]]
[2026.08.11-05.11.27:219][  0]LogConfig: Setting CVar [[s.PriorityAsyncLoadingExtraTime:15.0]]
[2026.08.11-05.11.27:219][  0]LogConfig: Setting CVar [[s.LevelStreamingActorsUpdateTimeLimit:5.0]]
[2026.08.11-05.11.27:219][  0]LogConfig: Setting CVar [[s.PriorityLevelStreamingActorsUpdateExtraTime:5.0]]
[2026.08.11-05.11.27:219][  0]LogConfig: Setting CVar [[s.LevelStreamingComponentsRegistrationGranularity:10]]
[2026.08.11-05.11.27:219][  0]LogConfig: Setting CVar [[s.UnregisterComponentsTimeLimit:1.0]]
[2026.08.11-05.11.27:219][  0]LogConfig: Setting CVar [[s.LevelStreamingComponentsUnregistrationGranularity:5]]
[2026.08.11-05.11.27:219][  0]LogConfig: Setting CVar [[s.FlushStreamingOnExit:1]]
[2026.08.11-05.11.27:219][  0]LogConfig: Applying CVar settings from Section [/Script/Engine.GarbageCollectionSettings] File [C:/Users/Administrator/Downloads/Bar-z1/Bar/Saved/Config/Windows/Engine.ini]
[2026.08.11-05.11.27:219][  0]LogConfig: Setting CVar [[gc.MaxObjectsNotConsideredByGC:1]]
[2026.08.11-05.11.27:219][  0]LogConfig: Setting CVar [[gc.SizeOfPermanentObjectPool:0]]
[2026.08.11-05.11.27:219][  0]LogConfig: Setting CVar [[gc.FlushStreamingOnGC:0]]
[2026.08.11-05.11.27:219][  0]LogConfig: Setting CVar [[gc.NumRetriesBeforeForcingGC:10]]
[2026.08.11-05.11.27:219][  0]LogConfig: Setting CVar [[gc.AllowParallelGC:1]]
[2026.08.11-05.11.27:219][  0]LogConfig: Setting CVar [[gc.TimeBetweenPurgingPendingKillObjects:61.1]]
[2026.08.11-05.11.27:219][  0]LogConfig: Setting CVar [[gc.MaxObjectsInEditor:25165824]]
[2026.08.11-05.11.27:219][  0]LogConfig: Setting CVar [[gc.IncrementalBeginDestroyEnabled:1]]
[2026.08.11-05.11.27:219][  0]LogConfig: Setting CVar [[gc.CreateGCClusters:1]]
[2026.08.11-05.11.27:219][  0]LogConfig: Setting CVar [[gc.MinGCClusterSize:5]]
[2026.08.11-05.11.27:219][  0]LogConfig: Setting CVar [[gc.ActorClusteringEnabled:0]]
[2026.08.11-05.11.27:219][  0]LogConfig: Setting CVar [[gc.BlueprintClusteringEnabled:0]]
[2026.08.11-05.11.27:220][  0]LogConfig: Setting CVar [[gc.UseDisregardForGCOnDedicatedServers:0]]
[2026.08.11-05.11.27:220][  0]LogConfig: Setting CVar [[gc.MultithreadedDestructionEnabled:1]]
[2026.08.11-05.11.27:220][  0]LogConfig: Applying CVar settings from Section [/Script/Engine.NetworkSettings] File [C:/Users/Administrator/Downloads/Bar-z1/Bar/Saved/Config/Windows/Engine.ini]
[2026.08.11-05.11.27:220][  0]LogConfig: Applying CVar settings from Section [/Script/UnrealEd.CookerSettings] File [C:/Users/Administrator/Downloads/Bar-z1/Bar/Saved/Config/Windows/Engine.ini]
[2026.08.11-05.11.27:234][  0]LogConfig: Applying CVar settings from Section [ViewDistanceQuality@3] File [C:/Users/Administrator/Downloads/Bar-z1/Bar/Saved/Config/Windows/Scalability.ini]
[2026.08.11-05.11.27:234][  0]LogConfig: Setting CVar [[r.SkeletalMeshLODBias:0]]
[2026.08.11-05.11.27:234][  0]LogConfig: Setting CVar [[r.ViewDistanceScale:1.0]]
[2026.08.11-05.11.27:234][  0]LogConfig: Applying CVar settings from Section [AntiAliasingQuality@3] File [C:/Users/Administrator/Downloads/Bar-z1/Bar/Saved/Config/Windows/Scalability.ini]
[2026.08.11-05.11.27:234][  0]LogConfig: Setting CVar [[r.PostProcessAAQuality:4]]
[2026.08.11-05.11.27:234][  0]LogConfig: Applying CVar settings from Section [ShadowQuality@3] File [C:/Users/Administrator/Downloads/Bar-z1/Bar/Saved/Config/Windows/Scalability.ini]
[2026.08.11-05.11.27:234][  0]LogConfig: Setting CVar [[r.LightFunctionQuality:1]]
[2026.08.11-05.11.27:234][  0]LogConfig: Setting CVar [[r.ShadowQuality:5]]
[2026.08.11-05.11.27:234][  0]LogConfig: Setting CVar [[r.Shadow.CSM.MaxCascades:10]]
[2026.08.11-05.11.27:234][  0]LogConfig: Setting CVar [[r.Shadow.MaxResolution:2048]]
[2026.08.11-05.11.27:234][  0]LogConfig: Setting CVar [[r.Shadow.MaxCSMResolution:2048]]
[2026.08.11-05.11.27:234][  0]LogConfig: Setting CVar [[r.Shadow.RadiusThreshold:0.01]]
[2026.08.11-05.11.27:234][  0]LogConfig: Setting CVar [[r.Shadow.DistanceScale:1.0]]
[2026.08.11-05.11.27:234][  0]LogConfig: Setting CVar [[r.Shadow.CSM.TransitionScale:1.0]]
[2026.08.11-05.11.27:234][  0]LogConfig: Setting CVar [[r.Shadow.PreShadowResolutionFactor:1.0]]
[2026.08.11-05.11.27:234][  0]LogConfig: Setting CVar [[r.DistanceFieldShadowing:1]]
[2026.08.11-05.11.27:234][  0]LogConfig: Setting CVar [[r.DistanceFieldAO:1]]
[2026.08.11-05.11.27:234][  0]LogConfig: Setting CVar [[r.AOQuality:2]]
[2026.08.11-05.11.27:234][  0]LogConfig: Setting CVar [[r.VolumetricFog:1]]
[2026.08.11-05.11.27:234][  0]LogConfig: Setting CVar [[r.VolumetricFog.GridPixelSize:8]]
[2026.08.11-05.11.27:234][  0]LogConfig: Setting CVar [[r.VolumetricFog.GridSizeZ:128]]
[2026.08.11-05.11.27:234][  0]LogConfig: Setting CVar [[r.VolumetricFog.HistoryMissSupersampleCount:4]]
[2026.08.11-05.11.27:234][  0]LogConfig: Setting CVar [[r.LightMaxDrawDistanceScale:1]]
[2026.08.11-05.11.27:234][  0]LogConfig: Setting CVar [[r.CapsuleShadows:1]]
[2026.08.11-05.11.27:234][  0]LogConfig: Applying CVar settings from Section [PostProcessQuality@3] File [C:/Users/Administrator/Downloads/Bar-z1/Bar/Saved/Config/Windows/Scalability.ini]
[2026.08.11-05.11.27:234][  0]LogConfig: Setting CVar [[r.MotionBlurQuality:4]]
[2026.08.11-05.11.27:234][  0]LogConfig: Setting CVar [[r.AmbientOcclusionMipLevelFactor:0.4]]
[2026.08.11-05.11.27:234][  0]LogConfig: Setting CVar [[r.AmbientOcclusionMaxQuality:100]]
[2026.08.11-05.11.27:234][  0]LogConfig: Setting CVar [[r.AmbientOcclusionLevels:-1]]
[2026.08.11-05.11.27:234][  0]LogConfig: Setting CVar [[r.AmbientOcclusionRadiusScale:1.0]]
[2026.08.11-05.11.27:234][  0]LogConfig: Setting CVar [[r.DepthOfFieldQuality:2]]
[2026.08.11-05.11.27:234][  0]LogConfig: Setting CVar [[r.RenderTargetPoolMin:400]]
[2026.08.11-05.11.27:234][  0]LogConfig: Setting CVar [[r.LensFlareQuality:2]]
[2026.08.11-05.11.27:234][  0]LogConfig: Setting CVar [[r.SceneColorFringeQuality:1]]
[2026.08.11-05.11.27:234][  0]LogConfig: Setting CVar [[r.EyeAdaptationQuality:2]]
[2026.08.11-05.11.27:234][  0]LogConfig: Setting CVar [[r.BloomQuality:5]]
[2026.08.11-05.11.27:234][  0]LogConfig: Setting CVar [[r.FastBlurThreshold:100]]
[2026.08.11-05.11.27:234][  0]LogConfig: Setting CVar [[r.Upscale.Quality:3]]
[2026.08.11-05.11.27:234][  0]LogConfig: Setting CVar [[r.Tonemapper.GrainQuantization:1]]
[2026.08.11-05.11.27:234][  0]LogConfig: Setting CVar [[r.LightShaftQuality:1]]
[2026.08.11-05.11.27:234][  0]LogConfig: Setting CVar [[r.Filter.SizeScale:1]]
[2026.08.11-05.11.27:234][  0]LogConfig: Setting CVar [[r.Tonemapper.Quality:5]]
[2026.08.11-05.11.27:234][  0]LogConfig: Setting CVar [[r.DOF.Gather.AccumulatorQuality:1        ; higher gathering accumulator quality]]
[2026.08.11-05.11.27:234][  0]LogConfig: Setting CVar [[r.DOF.Gather.PostfilterMethod:1          ; Median3x3 postfilering method]]
[2026.08.11-05.11.27:234][  0]LogConfig: Setting CVar [[r.DOF.Gather.EnableBokehSettings:0       ; no bokeh simulation when gathering]]
[2026.08.11-05.11.27:234][  0]LogConfig: Setting CVar [[r.DOF.Gather.RingCount:4                 ; medium number of samples when gathering]]
[2026.08.11-05.11.27:234][  0]LogConfig: Setting CVar [[r.DOF.Scatter.ForegroundCompositing:1    ; additive foreground scattering]]
[2026.08.11-05.11.27:234][  0]LogConfig: Setting CVar [[r.DOF.Scatter.BackgroundCompositing:2    ; additive background scattering]]
[2026.08.11-05.11.27:234][  0]LogConfig: Setting CVar [[r.DOF.Scatter.EnableBokehSettings:1      ; bokeh simulation when scattering]]
[2026.08.11-05.11.27:234][  0]LogConfig: Setting CVar [[r.DOF.Scatter.MaxSpriteRatio:0.1         ; only a maximum of 10% of scattered bokeh]]
[2026.08.11-05.11.27:234][  0]LogConfig: Setting CVar [[r.DOF.Recombine.Quality:1                ; cheap slight out of focus]]
[2026.08.11-05.11.27:234][  0]LogConfig: Setting CVar [[r.DOF.Recombine.EnableBokehSettings:0    ; no bokeh simulation on slight out of focus]]
[2026.08.11-05.11.27:234][  0]LogConfig: Setting CVar [[r.DOF.TemporalAAQuality:1                ; more stable temporal accumulation]]
[2026.08.11-05.11.27:234][  0]LogConfig: Setting CVar [[r.DOF.Kernel.MaxForegroundRadius:0.025]]
[2026.08.11-05.11.27:234][  0]LogConfig: Setting CVar [[r.DOF.Kernel.MaxBackgroundRadius:0.025]]
[2026.08.11-05.11.27:234][  0]LogConfig: Applying CVar settings from Section [TextureQuality@3] File [C:/Users/Administrator/Downloads/Bar-z1/Bar/Saved/Config/Windows/Scalability.ini]
[2026.08.11-05.11.27:234][  0]LogConfig: Setting CVar [[r.Streaming.MipBias:0]]
[2026.08.11-05.11.27:235][  0]LogConfig: Setting CVar [[r.Streaming.AmortizeCPUToGPUCopy:0]]
[2026.08.11-05.11.27:235][  0]LogConfig: Setting CVar [[r.Streaming.MaxNumTexturesToStreamPerFrame:0]]
[2026.08.11-05.11.27:235][  0]LogConfig: Setting CVar [[r.Streaming.Boost:1]]
[2026.08.11-05.11.27:235][  0]LogConfig: Setting CVar [[r.MaxAnisotropy:8]]
[2026.08.11-05.11.27:235][  0]LogConfig: Setting CVar [[r.VT.MaxAnisotropy:8]]
[2026.08.11-05.11.27:235][  0]LogConfig: Setting CVar [[r.Streaming.LimitPoolSizeToVRAM:0]]
[2026.08.11-05.11.27:235][  0]LogConfig: Setting CVar [[r.Streaming.PoolSize:1000]]
[2026.08.11-05.11.27:235][  0]LogConfig: Setting CVar [[r.Streaming.MaxEffectiveScreenSize:0]]
[2026.08.11-05.11.27:235][  0]LogConfig: Applying CVar settings from Section [EffectsQuality@3] File [C:/Users/Administrator/Downloads/Bar-z1/Bar/Saved/Config/Windows/Scalability.ini]
[2026.08.11-05.11.27:235][  0]LogConfig: Setting CVar [[r.TranslucencyLightingVolumeDim:64]]
[2026.08.11-05.11.27:235][  0]LogConfig: Setting CVar [[r.RefractionQuality:2]]
[2026.08.11-05.11.27:235][  0]LogConfig: Setting CVar [[r.SSR.Quality:3]]
[2026.08.11-05.11.27:235][  0]LogConfig: Setting CVar [[r.SSR.HalfResSceneColor:0]]
[2026.08.11-05.11.27:235][  0]LogConfig: Setting CVar [[r.SceneColorFormat:4]]
[2026.08.11-05.11.27:235][  0]LogConfig: Setting CVar [[r.DetailMode:2]]
[2026.08.11-05.11.27:235][  0]LogConfig: Setting CVar [[r.TranslucencyVolumeBlur:1]]
[2026.08.11-05.11.27:235][  0]LogConfig: Setting CVar [[r.MaterialQualityLevel:1 ; High quality]]
[2026.08.11-05.11.27:235][  0]LogConfig: Setting CVar [[r.AnisotropicMaterials:1]]
[2026.08.11-05.11.27:235][  0]LogConfig: Setting CVar [[r.SSS.Scale:1]]
[2026.08.11-05.11.27:235][  0]LogConfig: Setting CVar [[r.SSS.SampleSet:2]]
[2026.08.11-05.11.27:235][  0]LogConfig: Setting CVar [[r.SSS.Quality:1]]
[2026.08.11-05.11.27:235][  0]LogConfig: Setting CVar [[r.SSS.HalfRes:0]]
[2026.08.11-05.11.27:235][  0]LogConfig: Setting CVar [[r.SSGI.Quality:3]]
[2026.08.11-05.11.27:235][  0]LogConfig: Setting CVar [[r.EmitterSpawnRateScale:1.0]]
[2026.08.11-05.11.27:235][  0]LogConfig: Setting CVar [[r.ParticleLightQuality:2]]
[2026.08.11-05.11.27:235][  0]LogConfig: Setting CVar [[r.SkyAtmosphere.AerialPerspectiveLUT.FastApplyOnOpaque:1 ; Always have FastSkyLUT 1 in this case to avoid wrong sky]]
[2026.08.11-05.11.27:235][  0]LogConfig: Setting CVar [[r.SkyAtmosphere.AerialPerspectiveLUT.SampleCountMaxPerSlice:4]]
[2026.08.11-05.11.27:235][  0]LogConfig: Setting CVar [[r.SkyAtmosphere.AerialPerspectiveLUT.DepthResolution:16.0]]
[2026.08.11-05.11.27:235][  0]LogConfig: Setting CVar [[r.SkyAtmosphere.FastSkyLUT:1]]
[2026.08.11-05.11.27:235][  0]LogConfig: Setting CVar [[r.SkyAtmosphere.FastSkyLUT.SampleCountMin:4.0]]
[2026.08.11-05.11.27:235][  0]LogConfig: Setting CVar [[r.SkyAtmosphere.FastSkyLUT.SampleCountMax:128.0]]
[2026.08.11-05.11.27:235][  0]LogConfig: Setting CVar [[r.SkyAtmosphere.SampleCountMin:4.0]]
[2026.08.11-05.11.27:235][  0]LogConfig: Setting CVar [[r.SkyAtmosphere.SampleCountMax:128.0]]
[2026.08.11-05.11.27:235][  0]LogConfig: Setting CVar [[r.SkyAtmosphere.TransmittanceLUT.UseSmallFormat:0]]
[2026.08.11-05.11.27:235][  0]LogConfig: Setting CVar [[r.SkyAtmosphere.TransmittanceLUT.SampleCount:10.0]]
[2026.08.11-05.11.27:235][  0]LogConfig: Setting CVar [[r.SkyAtmosphere.MultiScatteringLUT.SampleCount:15.0]]
[2026.08.11-05.11.27:235][  0]LogConfig: Setting CVar [[r.SkyLight.RealTimeReflectionCapture:1]]
[2026.08.11-05.11.27:235][  0]LogConfig: Applying CVar settings from Section [FoliageQuality@3] File [C:/Users/Administrator/Downloads/Bar-z1/Bar/Saved/Config/Windows/Scalability.ini]
[2026.08.11-05.11.27:235][  0]LogConfig: Setting CVar [[foliage.DensityScale:1.0]]
[2026.08.11-05.11.27:235][  0]LogConfig: Setting CVar [[grass.DensityScale:1.0]]
[2026.08.11-05.11.27:235][  0]LogConfig: Applying CVar settings from Section [ShadingQuality@3] File [C:/Users/Administrator/Downloads/Bar-z1/Bar/Saved/Config/Windows/Scalability.ini]
[2026.08.11-05.11.27:235][  0]LogConfig: Setting CVar [[r.HairStrands.SkyLighting.IntegrationType:2]]
[2026.08.11-05.11.27:235][  0]LogConfig: Setting CVar [[r.HairStrands.SkyAO.SampleCount:4]]
[2026.08.11-05.11.27:235][  0]LogConfig: Setting CVar [[r.HairStrands.Visibility.MSAA.SamplePerPixel:4]]
[2026.08.11-05.11.27:236][  0]LogInit: Selected Device Profile: [Windows]
[2026.08.11-05.11.27:237][  0]LogInit: Applying CVar settings loaded from the selected device profile: [Windows]
[2026.08.11-05.11.27:238][  0]LogHAL: Display: Platform has ~ 16 GB [17118175232 / 17179869184 / 16], which maps to Larger [LargestMinGB=32, LargerMinGB=12, DefaultMinGB=8, SmallerMinGB=6, SmallestMinGB=0)
[2026.08.11-05.11.27:238][  0]LogInit: Going up to parent DeviceProfile []
[2026.08.11-05.11.27:238][  0]LogConfig: Applying CVar settings from Section [ViewDistanceQuality@3] File [C:/Users/Administrator/Downloads/Bar-z1/Bar/Saved/Config/Windows/Scalability.ini]
[2026.08.11-05.11.27:238][  0]LogConfig: Setting CVar [[r.SkeletalMeshLODBias:0]]
[2026.08.11-05.11.27:238][  0]LogConfig: Setting CVar [[r.ViewDistanceScale:1.0]]
[2026.08.11-05.11.27:238][  0]LogConfig: Applying CVar settings from Section [AntiAliasingQuality@3] File [C:/Users/Administrator/Downloads/Bar-z1/Bar/Saved/Config/Windows/Scalability.ini]
[2026.08.11-05.11.27:238][  0]LogConfig: Setting CVar [[r.PostProcessAAQuality:4]]
[2026.08.11-05.11.27:238][  0]LogConfig: Applying CVar settings from Section [ShadowQuality@3] File [C:/Users/Administrator/Downloads/Bar-z1/Bar/Saved/Config/Windows/Scalability.ini]
[2026.08.11-05.11.27:238][  0]LogConfig: Setting CVar [[r.LightFunctionQuality:1]]
[2026.08.11-05.11.27:238][  0]LogConfig: Setting CVar [[r.ShadowQuality:5]]
[2026.08.11-05.11.27:238][  0]LogConfig: Setting CVar [[r.Shadow.CSM.MaxCascades:10]]
[2026.08.11-05.11.27:238][  0]LogConfig: Setting CVar [[r.Shadow.MaxResolution:2048]]
[2026.08.11-05.11.27:238][  0]LogConfig: Setting CVar [[r.Shadow.MaxCSMResolution:2048]]
[2026.08.11-05.11.27:238][  0]LogConfig: Setting CVar [[r.Shadow.RadiusThreshold:0.01]]
[2026.08.11-05.11.27:238][  0]LogConfig: Setting CVar [[r.Shadow.DistanceScale:1.0]]
[2026.08.11-05.11.27:239][  0]LogConfig: Setting CVar [[r.Shadow.CSM.TransitionScale:1.0]]
[2026.08.11-05.11.27:239][  0]LogConfig: Setting CVar [[r.Shadow.PreShadowResolutionFactor:1.0]]
[2026.08.11-05.11.27:239][  0]LogConfig: Setting CVar [[r.DistanceFieldShadowing:1]]
[2026.08.11-05.11.27:239][  0]LogConfig: Setting CVar [[r.DistanceFieldAO:1]]
[2026.08.11-05.11.27:239][  0]LogConfig: Setting CVar [[r.AOQuality:2]]
[2026.08.11-05.11.27:239][  0]LogConfig: Setting CVar [[r.VolumetricFog:1]]
[2026.08.11-05.11.27:239][  0]LogConfig: Setting CVar [[r.VolumetricFog.GridPixelSize:8]]
[2026.08.11-05.11.27:239][  0]LogConfig: Setting CVar [[r.VolumetricFog.GridSizeZ:128]]
[2026.08.11-05.11.27:239][  0]LogConfig: Setting CVar [[r.VolumetricFog.HistoryMissSupersampleCount:4]]
[2026.08.11-05.11.27:239][  0]LogConfig: Setting CVar [[r.LightMaxDrawDistanceScale:1]]
[2026.08.11-05.11.27:239][  0]LogConfig: Setting CVar [[r.CapsuleShadows:1]]
[2026.08.11-05.11.27:239][  0]LogConfig: Applying CVar settings from Section [PostProcessQuality@3] File [C:/Users/Administrator/Downloads/Bar-z1/Bar/Saved/Config/Windows/Scalability.ini]
[2026.08.11-05.11.27:239][  0]LogConfig: Setting CVar [[r.MotionBlurQuality:4]]
[2026.08.11-05.11.27:239][  0]LogConfig: Setting CVar [[r.AmbientOcclusionMipLevelFactor:0.4]]
[2026.08.11-05.11.27:239][  0]LogConfig: Setting CVar [[r.AmbientOcclusionMaxQuality:100]]
[2026.08.11-05.11.27:239][  0]LogConfig: Setting CVar [[r.AmbientOcclusionLevels:-1]]
[2026.08.11-05.11.27:239][  0]LogConfig: Setting CVar [[r.AmbientOcclusionRadiusScale:1.0]]
[2026.08.11-05.11.27:239][  0]LogConfig: Setting CVar [[r.DepthOfFieldQuality:2]]
[2026.08.11-05.11.27:239][  0]LogConfig: Setting CVar [[r.RenderTargetPoolMin:400]]
[2026.08.11-05.11.27:239][  0]LogConfig: Setting CVar [[r.LensFlareQuality:2]]
[2026.08.11-05.11.27:239][  0]LogConfig: Setting CVar [[r.SceneColorFringeQuality:1]]
[2026.08.11-05.11.27:239][  0]LogConfig: Setting CVar [[r.EyeAdaptationQuality:2]]
[2026.08.11-05.11.27:239][  0]LogConfig: Setting CVar [[r.BloomQuality:5]]
[2026.08.11-05.11.27:239][  0]LogConfig: Setting CVar [[r.FastBlurThreshold:100]]
[2026.08.11-05.11.27:239][  0]LogConfig: Setting CVar [[r.Upscale.Quality:3]]
[2026.08.11-05.11.27:239][  0]LogConfig: Setting CVar [[r.Tonemapper.GrainQuantization:1]]
[2026.08.11-05.11.27:239][  0]LogConfig: Setting CVar [[r.LightShaftQuality:1]]
[2026.08.11-05.11.27:239][  0]LogConfig: Setting CVar [[r.Filter.SizeScale:1]]
[2026.08.11-05.11.27:239][  0]LogConfig: Setting CVar [[r.Tonemapper.Quality:5]]
[2026.08.11-05.11.27:239][  0]LogConfig: Setting CVar [[r.DOF.Gather.AccumulatorQuality:1        ; higher gathering accumulator quality]]
[2026.08.11-05.11.27:239][  0]LogConfig: Setting CVar [[r.DOF.Gather.PostfilterMethod:1          ; Median3x3 postfilering method]]
[2026.08.11-05.11.27:239][  0]LogConfig: Setting CVar [[r.DOF.Gather.EnableBokehSettings:0       ; no bokeh simulation when gathering]]
[2026.08.11-05.11.27:239][  0]LogConfig: Setting CVar [[r.DOF.Gather.RingCount:4                 ; medium number of samples when gathering]]
[2026.08.11-05.11.27:239][  0]LogConfig: Setting CVar [[r.DOF.Scatter.ForegroundCompositing:1    ; additive foreground scattering]]
[2026.08.11-05.11.27:239][  0]LogConfig: Setting CVar [[r.DOF.Scatter.BackgroundCompositing:2    ; additive background scattering]]
[2026.08.11-05.11.27:239][  0]LogConfig: Setting CVar [[r.DOF.Scatter.EnableBokehSettings:1      ; bokeh simulation when scattering]]
[2026.08.11-05.11.27:239][  0]LogConfig: Setting CVar [[r.DOF.Scatter.MaxSpriteRatio:0.1         ; only a maximum of 10% of scattered bokeh]]
[2026.08.11-05.11.27:239][  0]LogConfig: Setting CVar [[r.DOF.Recombine.Quality:1                ; cheap slight out of focus]]
[2026.08.11-05.11.27:239][  0]LogConfig: Setting CVar [[r.DOF.Recombine.EnableBokehSettings:0    ; no bokeh simulation on slight out of focus]]
[2026.08.11-05.11.27:239][  0]LogConfig: Setting CVar [[r.DOF.TemporalAAQuality:1                ; more stable temporal accumulation]]
[2026.08.11-05.11.27:239][  0]LogConfig: Setting CVar [[r.DOF.Kernel.MaxForegroundRadius:0.025]]
[2026.08.11-05.11.27:239][  0]LogConfig: Setting CVar [[r.DOF.Kernel.MaxBackgroundRadius:0.025]]
[2026.08.11-05.11.27:239][  0]LogConfig: Applying CVar settings from Section [TextureQuality@3] File [C:/Users/Administrator/Downloads/Bar-z1/Bar/Saved/Config/Windows/Scalability.ini]
[2026.08.11-05.11.27:239][  0]LogConfig: Setting CVar [[r.Streaming.MipBias:0]]
[2026.08.11-05.11.27:239][  0]LogConfig: Setting CVar [[r.Streaming.AmortizeCPUToGPUCopy:0]]
[2026.08.11-05.11.27:239][  0]LogConfig: Setting CVar [[r.Streaming.MaxNumTexturesToStreamPerFrame:0]]
[2026.08.11-05.11.27:239][  0]LogConfig: Setting CVar [[r.Streaming.Boost:1]]
[2026.08.11-05.11.27:239][  0]LogConfig: Setting CVar [[r.MaxAnisotropy:8]]
[2026.08.11-05.11.27:239][  0]LogConfig: Setting CVar [[r.VT.MaxAnisotropy:8]]
[2026.08.11-05.11.27:239][  0]LogConfig: Setting CVar [[r.Streaming.LimitPoolSizeToVRAM:0]]
[2026.08.11-05.11.27:239][  0]LogConfig: Setting CVar [[r.Streaming.PoolSize:1000]]
[2026.08.11-05.11.27:239][  0]LogConfig: Setting CVar [[r.Streaming.MaxEffectiveScreenSize:0]]
[2026.08.11-05.11.27:239][  0]LogConfig: Applying CVar settings from Section [EffectsQuality@3] File [C:/Users/Administrator/Downloads/Bar-z1/Bar/Saved/Config/Windows/Scalability.ini]
[2026.08.11-05.11.27:239][  0]LogConfig: Setting CVar [[r.TranslucencyLightingVolumeDim:64]]
[2026.08.11-05.11.27:239][  0]LogConfig: Setting CVar [[r.RefractionQuality:2]]
[2026.08.11-05.11.27:239][  0]LogConfig: Setting CVar [[r.SSR.Quality:3]]
[2026.08.11-05.11.27:239][  0]LogConfig: Setting CVar [[r.SSR.HalfResSceneColor:0]]
[2026.08.11-05.11.27:239][  0]LogConfig: Setting CVar [[r.SceneColorFormat:4]]
[2026.08.11-05.11.27:239][  0]LogConfig: Setting CVar [[r.DetailMode:2]]
[2026.08.11-05.11.27:239][  0]LogConfig: Setting CVar [[r.TranslucencyVolumeBlur:1]]
[2026.08.11-05.11.27:239][  0]LogConfig: Setting CVar [[r.MaterialQualityLevel:1 ; High quality]]
[2026.08.11-05.11.27:239][  0]LogConfig: Setting CVar [[r.AnisotropicMaterials:1]]
[2026.08.11-05.11.27:239][  0]LogConfig: Setting CVar [[r.SSS.Scale:1]]
[2026.08.11-05.11.27:239][  0]LogConfig: Setting CVar [[r.SSS.SampleSet:2]]
[2026.08.11-05.11.27:239][  0]LogConfig: Setting CVar [[r.SSS.Quality:1]]
[2026.08.11-05.11.27:239][  0]LogConfig: Setting CVar [[r.SSS.HalfRes:0]]
[2026.08.11-05.11.27:239][  0]LogConfig: Setting CVar [[r.SSGI.Quality:3]]
[2026.08.11-05.11.27:239][  0]LogConfig: Setting CVar [[r.EmitterSpawnRateScale:1.0]]
[2026.08.11-05.11.27:239][  0]LogConfig: Setting CVar [[r.ParticleLightQuality:2]]
[2026.08.11-05.11.27:239][  0]LogConfig: Setting CVar [[r.SkyAtmosphere.AerialPerspectiveLUT.FastApplyOnOpaque:1 ; Always have FastSkyLUT 1 in this case to avoid wrong sky]]
[2026.08.11-05.11.27:239][  0]LogConfig: Setting CVar [[r.SkyAtmosphere.AerialPerspectiveLUT.SampleCountMaxPerSlice:4]]
[2026.08.11-05.11.27:239][  0]LogConfig: Setting CVar [[r.SkyAtmosphere.AerialPerspectiveLUT.DepthResolution:16.0]]
[2026.08.11-05.11.27:239][  0]LogConfig: Setting CVar [[r.SkyAtmosphere.FastSkyLUT:1]]
[2026.08.11-05.11.27:239][  0]LogConfig: Setting CVar [[r.SkyAtmosphere.FastSkyLUT.SampleCountMin:4.0]]
[2026.08.11-05.11.27:239][  0]LogConfig: Setting CVar [[r.SkyAtmosphere.FastSkyLUT.SampleCountMax:128.0]]
[2026.08.11-05.11.27:239][  0]LogConfig: Setting CVar [[r.SkyAtmosphere.SampleCountMin:4.0]]
[2026.08.11-05.11.27:239][  0]LogConfig: Setting CVar [[r.SkyAtmosphere.SampleCountMax:128.0]]
[2026.08.11-05.11.27:239][  0]LogConfig: Setting CVar [[r.SkyAtmosphere.TransmittanceLUT.UseSmallFormat:0]]
[2026.08.11-05.11.27:239][  0]LogConfig: Setting CVar [[r.SkyAtmosphere.TransmittanceLUT.SampleCount:10.0]]
[2026.08.11-05.11.27:239][  0]LogConfig: Setting CVar [[r.SkyAtmosphere.MultiScatteringLUT.SampleCount:15.0]]
[2026.08.11-05.11.27:239][  0]LogConfig: Setting CVar [[r.SkyLight.RealTimeReflectionCapture:1]]
[2026.08.11-05.11.27:240][  0]LogConfig: Applying CVar settings from Section [FoliageQuality@3] File [C:/Users/Administrator/Downloads/Bar-z1/Bar/Saved/Config/Windows/Scalability.ini]
[2026.08.11-05.11.27:240][  0]LogConfig: Setting CVar [[foliage.DensityScale:1.0]]
[2026.08.11-05.11.27:240][  0]LogConfig: Setting CVar [[grass.DensityScale:1.0]]
[2026.08.11-05.11.27:240][  0]LogConfig: Applying CVar settings from Section [ShadingQuality@3] File [C:/Users/Administrator/Downloads/Bar-z1/Bar/Saved/Config/Windows/Scalability.ini]
[2026.08.11-05.11.27:240][  0]LogConfig: Setting CVar [[r.HairStrands.SkyLighting.IntegrationType:2]]
[2026.08.11-05.11.27:240][  0]LogConfig: Setting CVar [[r.HairStrands.SkyAO.SampleCount:4]]
[2026.08.11-05.11.27:240][  0]LogConfig: Setting CVar [[r.HairStrands.Visibility.MSAA.SamplePerPixel:4]]
[2026.08.11-05.11.27:240][  0]LogConfig: Applying CVar settings from Section [Startup] File [../../../Engine/Config/ConsoleVariables.ini]
[2026.08.11-05.11.27:241][  0]LogConfig: Setting CVar [[net.UseAdaptiveNetUpdateFrequency:0]]
[2026.08.11-05.11.27:241][  0]LogConfig: Setting CVar [[p.chaos.AllowCreatePhysxBodies:1]]
[2026.08.11-05.11.27:241][  0]LogConfig: Setting CVar [[fx.SkipVectorVMBackendOptimizations:1]]
[2026.08.11-05.11.27:241][  0]LogConfig: Applying CVar settings from Section [ConsoleVariables] File [C:/Users/Administrator/Downloads/Bar-z1/Bar/Saved/Config/Windows/Engine.ini]
[2026.08.11-05.11.27:241][  0]LogConfig: Applying CVar settings from Section [ConsoleVariables] File [C:/Users/Administrator/Downloads/Bar-z1/Bar/Saved/Config/Windows/Editor.ini]
[2026.08.11-05.11.27:241][  0]LogInit: Computer: 备用机
[2026.08.11-05.11.27:241][  0]LogInit: User: Administrator
[2026.08.11-05.11.27:241][  0]LogInit: CPU Page size=4096, Cores=4
[2026.08.11-05.11.27:241][  0]LogInit: High frequency timer resolution =10.000000 MHz
[2026.08.11-05.11.27:242][  0]LogMemory: Memory total: Physical=15.9GB (16GB approx)
[2026.08.11-05.11.27:242][  0]LogMemory: Platform Memory Stats for Windows
[2026.08.11-05.11.27:242][  0]LogMemory: Process Physical Memory: 143.91 MB used, 143.92 MB peak
[2026.08.11-05.11.27:242][  0]LogMemory: Process Virtual Memory: 126.30 MB used, 126.30 MB peak
[2026.08.11-05.11.27:242][  0]LogMemory: Physical Memory: 7924.95 MB used,  8400.21 MB free, 16325.16 MB total
[2026.08.11-05.11.27:242][  0]LogMemory: Virtual Memory: 134198944.00 MB used,  18782.75 MB free, 134217728.00 MB total
[2026.08.11-05.11.27:246][  0]LogWindows: WindowsPlatformFeatures enabled
[2026.08.11-05.11.27:531][  0]LogInit: Physics initialised using underlying interface: PhysX
[2026.08.11-05.11.27:539][  0]LogInit: Using OS detected language (zh-CN).
[2026.08.11-05.11.27:539][  0]LogInit: Using OS detected locale (zh-CN).
[2026.08.11-05.11.27:565][  0]LogTextLocalizationManager: No specific localization for 'zh-CN' exists, so the 'zh-Hans' localization will be used.
[2026.08.11-05.11.27:792][  0]LogTextLocalizationResource: LocRes '../../../Engine/Content/Localization/Editor/zh/Editor.locres' could not be opened for reading!
[2026.08.11-05.11.27:793][  0]LogTextLocalizationResource: LocRes '../../../Engine/Content/Localization/EditorTutorials/zh/EditorTutorials.locres' could not be opened for reading!
[2026.08.11-05.11.27:793][  0]LogTextLocalizationResource: LocRes '../../../Engine/Content/Localization/Keywords/zh/Keywords.locres' could not be opened for reading!
[2026.08.11-05.11.27:793][  0]LogTextLocalizationResource: LocRes '../../../Engine/Content/Localization/Category/zh/Category.locres' could not be opened for reading!
[2026.08.11-05.11.27:793][  0]LogTextLocalizationResource: LocRes '../../../Engine/Content/Localization/ToolTips/zh/ToolTips.locres' could not be opened for reading!
[2026.08.11-05.11.27:794][  0]LogTextLocalizationResource: LocRes '../../../Engine/Content/Localization/PropertyNames/zh/PropertyNames.locres' could not be opened for reading!
[2026.08.11-05.11.27:794][  0]LogTextLocalizationResource: LocRes '../../../Engine/Content/Localization/Engine/zh/Engine.locres' could not be opened for reading!
[2026.08.11-05.11.27:794][  0]LogTextLocalizationResource: LocRes '../../../Engine/Plugins/Online/OnlineSubsystem/Content/Localization/OnlineSubsystem/zh/OnlineSubsystem.locres' could not be opened for reading!
[2026.08.11-05.11.27:794][  0]LogTextLocalizationResource: LocRes '../../../Engine/Plugins/Online/OnlineSubsystemUtils/Content/Localization/OnlineSubsystemUtils/zh/OnlineSubsystemUtils.locres' could not be opened for reading!
[2026.08.11-05.11.27:795][  0]LogTextLocalizationResource: LocRes '../../../Engine/Plugins/Online/Android/OnlineSubsystemGooglePlay/Content/Localization/OnlineSubsystemGooglePlay/zh/OnlineSubsystemGooglePlay.locres' could not be opened for reading!
[2026.08.11-05.11.27:795][  0]LogTextLocalizationResource: LocRes '../../../Engine/Plugins/Online/IOS/OnlineSubsystemIOS/Content/Localization/OnlineSubsystemIOS/zh/OnlineSubsystemIOS.locres' could not be opened for reading!
[2026.08.11-05.11.27:864][  0]LogInit: Setting process to per monitor DPI aware
[2026.08.11-05.11.27:911][  0]LogWindowsTextInputMethodSystem: Display: IME system deactivated.
[2026.08.11-05.11.27:961][  0]LogSlate: New Slate User Created.  User Index 0, Is Virtual User: 0
[2026.08.11-05.11.27:961][  0]LogSlate: Slate User Registered.  User Index 0, Is Virtual User: 0
[2026.08.11-05.11.28:427][  0]LogD3D11RHI: Loaded GFSDK_Aftermath_Lib.x64.dll
[2026.08.11-05.11.28:437][  0]LogHMD: Failed to initialize OpenVR with code 110
[2026.08.11-05.11.28:437][  0]LogD3D11RHI: D3D11 min allowed feature level: 11_0
[2026.08.11-05.11.28:437][  0]LogD3D11RHI: D3D11 max allowed feature level: 11_0
[2026.08.11-05.11.28:437][  0]LogD3D11RHI: D3D11 adapters:
[2026.08.11-05.11.28:685][  0]LogD3D11RHI:    0. 'NVIDIA GeForce GTX 1660' (Feature Level 11_0)
[2026.08.11-05.11.28:685][  0]LogD3D11RHI:       5966/0/8162 MB DedicatedVideo/DedicatedSystem/SharedSystem, Outputs:1, VendorId:0x10de
[2026.08.11-05.11.28:688][  0]LogD3D11RHI:    1. 'Microsoft Basic Render Driver' (Feature Level 11_0)
[2026.08.11-05.11.28:688][  0]LogD3D11RHI:       0/0/8162 MB DedicatedVideo/DedicatedSystem/SharedSystem, Outputs:0, VendorId:0x1414
[2026.08.11-05.11.28:860][  0]LogD3D11RHI:    2. 'NVIDIA GeForce GTX 1660' (Feature Level 11_0)
[2026.08.11-05.11.28:860][  0]LogD3D11RHI:       5966/0/8162 MB DedicatedVideo/DedicatedSystem/SharedSystem, Outputs:0, VendorId:0x10de
[2026.08.11-05.11.29:031][  0]LogD3D11RHI:    3. 'NVIDIA GeForce GTX 1660' (Feature Level 11_0)
[2026.08.11-05.11.29:031][  0]LogD3D11RHI:       5966/0/8162 MB DedicatedVideo/DedicatedSystem/SharedSystem, Outputs:0, VendorId:0x10de
[2026.08.11-05.11.29:031][  0]LogD3D11RHI: Chosen D3D11 Adapter:
[2026.08.11-05.11.29:031][  0]LogD3D11RHI:     Description : NVIDIA GeForce GTX 1660
[2026.08.11-05.11.29:031][  0]LogD3D11RHI:     VendorId    : 10de
[2026.08.11-05.11.29:031][  0]LogD3D11RHI:     DeviceId    : 2184
[2026.08.11-05.11.29:031][  0]LogD3D11RHI:     SubSysId    : 155119da
[2026.08.11-05.11.29:031][  0]LogD3D11RHI:     Revision    : 00a1
[2026.08.11-05.11.29:031][  0]LogD3D11RHI:     DedicatedVideoMemory : 6255804416 bytes
[2026.08.11-05.11.29:031][  0]LogD3D11RHI:     DedicatedSystemMemory : 0 bytes
[2026.08.11-05.11.29:031][  0]LogD3D11RHI:     SharedSystemMemory : 8559087616 bytes
[2026.08.11-05.11.29:031][  0]LogD3D11RHI:     AdapterLuid : 0 38871
[2026.08.11-05.11.29:037][  0]LogD3D11RHI: Creating new Direct3DDevice
[2026.08.11-05.11.29:037][  0]LogD3D11RHI:     GPU DeviceId: 0x2184 (for the marketing name, search the web for "GPU Device Id")
[2026.08.11-05.11.29:037][  0]LogWindows: EnumDisplayDevices:
[2026.08.11-05.11.29:038][  0]LogWindows:    0. 'NVIDIA GeForce GTX 1660' (P:1 D:1)
[2026.08.11-05.11.29:038][  0]LogWindows:    1. 'NVIDIA GeForce GTX 1660' (P:0 D:0)
[2026.08.11-05.11.29:039][  0]LogWindows:    2. 'NVIDIA GeForce GTX 1660' (P:0 D:0)
[2026.08.11-05.11.29:040][  0]LogWindows:    3. 'NVIDIA GeForce GTX 1660' (P:0 D:0)
[2026.08.11-05.11.29:040][  0]LogWindows:    4. 'OrayIddDriver Device' (P:0 D:0)
[2026.08.11-05.11.29:041][  0]LogWindows:    5. 'OrayIddDriver Device' (P:0 D:0)
[2026.08.11-05.11.29:041][  0]LogWindows:    6. 'OrayIddDriver Device' (P:0 D:0)
[2026.08.11-05.11.29:042][  0]LogWindows:    7. 'OrayIddDriver Device' (P:0 D:0)
[2026.08.11-05.11.29:043][  0]LogWindows:    8. 'OrayIddDriver Device' (P:0 D:0)
[2026.08.11-05.11.29:044][  0]LogWindows:    9. 'OrayIddDriver Device' (P:0 D:0)
[2026.08.11-05.11.29:045][  0]LogWindows:    10. 'OrayIddDriver Device' (P:0 D:0)
[2026.08.11-05.11.29:046][  0]LogWindows:    11. 'OrayIddDriver Device' (P:0 D:0)
[2026.08.11-05.11.29:046][  0]LogWindows:    12. 'OrayIddDriver Device' (P:0 D:0)
[2026.08.11-05.11.29:047][  0]LogWindows:    13. 'OrayIddDriver Device' (P:0 D:0)
[2026.08.11-05.11.29:048][  0]LogWindows:    14. 'Todesk Virtual Display Adapter' (P:0 D:0)
[2026.08.11-05.11.29:048][  0]LogWindows:    15. 'Todesk Virtual Display Adapter' (P:0 D:0)
[2026.08.11-05.11.29:049][  0]LogWindows:    16. 'Todesk Virtual Display Adapter' (P:0 D:0)
[2026.08.11-05.11.29:049][  0]LogWindows: DebugString: GetVideoDriverDetailsInvalid PrimaryIsNotTheChoosenAdapter GetVideoDriverDetailsInvalid PrimaryIsNotTheChoosenAdapter GetVideoDriverDetailsInvalid PrimaryIsNotTheChoosenAdapter GetVideoDriverDetailsInvalid PrimaryIsNotTheChoosenAdapter GetVideoDriverDetailsInvalid PrimaryIsNotTheChoosenAdapter GetVideoDriverDetailsInvalid PrimaryIsNotTheChoosenAdapter GetVideoDriverDetailsInvalid PrimaryIsNotTheChoosenAdapter GetVideoDriverDetailsInvalid PrimaryIsNotTheChoosenAdapter GetVideoDriverDetailsInvalid PrimaryIsNotTheChoosenAdapter GetVideoDriverDetailsInvalid PrimaryIsNotTheChoosenAdapter GetVideoDriverDetailsInvalid PrimaryIsNotTheChoosenAdapter GetVideoDriverDetailsInvalid PrimaryIsNotTheChoosenAdapter GetVideoDriverDetailsInvalid PrimaryIsNotTheChoosenAdapter FoundDriverCount:4 
[2026.08.11-05.11.29:049][  0]LogD3D11RHI:     Adapter Name: NVIDIA GeForce GTX 1660
[2026.08.11-05.11.29:050][  0]LogD3D11RHI:   Driver Version: 595.79 (internal:32.0.15.9579, unified:595.79)
[2026.08.11-05.11.29:050][  0]LogD3D11RHI:      Driver Date: 3-4-2026
[2026.08.11-05.11.29:050][  0]LogRHI: Texture pool is 4176 MB (70% of 5966 MB)
[2026.08.11-05.11.29:050][  0]LogD3D11RHI: Creating D3DDevice using adapter:
[2026.08.11-05.11.29:050][  0]LogD3D11RHI:     Description : NVIDIA GeForce GTX 1660
[2026.08.11-05.11.29:050][  0]LogD3D11RHI:     VendorId    : 10de
[2026.08.11-05.11.29:050][  0]LogD3D11RHI:     DeviceId    : 2184
[2026.08.11-05.11.29:050][  0]LogD3D11RHI:     SubSysId    : 155119da
[2026.08.11-05.11.29:050][  0]LogD3D11RHI:     Revision    : 00a1
[2026.08.11-05.11.29:050][  0]LogD3D11RHI:     DedicatedVideoMemory : 6255804416 bytes
[2026.08.11-05.11.29:050][  0]LogD3D11RHI:     DedicatedSystemMemory : 0 bytes
[2026.08.11-05.11.29:050][  0]LogD3D11RHI:     SharedSystemMemory : 8559087616 bytes
[2026.08.11-05.11.29:050][  0]LogD3D11RHI:     AdapterLuid : 0 38871
[2026.08.11-05.11.29:224][  0]LogD3D11RHI: RHI has support for 64 bit atomics
[2026.08.11-05.11.29:225][  0]LogD3D11RHI: Async texture creation enabled
[2026.08.11-05.11.29:225][  0]LogD3D11RHI: Array index from any shader is supported
[2026.08.11-05.11.29:264][  0]LogD3D11RHI: GPU Timing Frequency: 1000.000000 (Debug: 2 1)
[2026.08.11-05.11.29:360][  0]LogRHI: GeForceNow SDK initialized: 1
[2026.08.11-05.11.29:893][  0]LogTargetPlatformManager: Display: Loaded TargetPlatform 'AllDesktop'
[2026.08.11-05.11.29:927][  0]LogTargetPlatformManager: Display: Loaded TargetPlatform 'Android'
[2026.08.11-05.11.29:927][  0]LogTargetPlatformManager: Display: Loaded TargetPlatform 'Android_ASTC'
[2026.08.11-05.11.29:927][  0]LogTargetPlatformManager: Display: Loaded TargetPlatform 'Android_DXT'
[2026.08.11-05.11.29:927][  0]LogTargetPlatformManager: Display: Loaded TargetPlatform 'Android_ETC2'
[2026.08.11-05.11.29:927][  0]LogTargetPlatformManager: Display: Loaded TargetPlatform 'AndroidClient'
[2026.08.11-05.11.29:927][  0]LogTargetPlatformManager: Display: Loaded TargetPlatform 'Android_ASTCClient'
[2026.08.11-05.11.29:927][  0]LogTargetPlatformManager: Display: Loaded TargetPlatform 'Android_DXTClient'
[2026.08.11-05.11.29:927][  0]LogTargetPlatformManager: Display: Loaded TargetPlatform 'Android_ETC2Client'
[2026.08.11-05.11.29:927][  0]LogTargetPlatformManager: Display: Loaded TargetPlatform 'Android_Multi'
[2026.08.11-05.11.29:927][  0]LogTargetPlatformManager: Display: Loaded TargetPlatform 'Android_MultiClient'
[2026.08.11-05.11.29:965][  0]LogTargetPlatformManager: Display: Loaded TargetPlatform 'IOSClient'
[2026.08.11-05.11.29:965][  0]LogTargetPlatformManager: Display: Loaded TargetPlatform 'IOS'
[2026.08.11-05.11.29:984][  0]LogTargetPlatformManager: Display: Loaded TargetPlatform 'Linux'
[2026.08.11-05.11.29:992][  0]LogTargetPlatformManager: Display: Loaded TargetPlatform 'LinuxNoEditor'
[2026.08.11-05.11.30:001][  0]LogTargetPlatformManager: Display: Loaded TargetPlatform 'LinuxClient'
[2026.08.11-05.11.30:010][  0]LogTargetPlatformManager: Display: Loaded TargetPlatform 'LinuxServer'
[2026.08.11-05.11.30:028][  0]LogTargetPlatformManager: Display: Loaded TargetPlatform 'LinuxAArch64NoEditor'
[2026.08.11-05.11.30:037][  0]LogTargetPlatformManager: Display: Loaded TargetPlatform 'LinuxAArch64Client'
[2026.08.11-05.11.30:047][  0]LogTargetPlatformManager: Display: Loaded TargetPlatform 'LinuxAArch64Server'
[2026.08.11-05.11.30:087][  0]LogTargetPlatformManager: Display: Loaded TargetPlatform 'Lumin'
[2026.08.11-05.11.30:087][  0]LogTargetPlatformManager: Display: Loaded TargetPlatform 'LuminClient'
[2026.08.11-05.11.30:103][  0]LogTargetPlatformManager: Display: Loaded TargetPlatform 'MacNoEditor'
[2026.08.11-05.11.30:112][  0]LogTargetPlatformManager: Display: Loaded TargetPlatform 'Mac'
[2026.08.11-05.11.30:120][  0]LogTargetPlatformManager: Display: Loaded TargetPlatform 'MacClient'
[2026.08.11-05.11.30:129][  0]LogTargetPlatformManager: Display: Loaded TargetPlatform 'MacServer'
[2026.08.11-05.11.30:145][  0]LogTargetPlatformManager: Display: Loaded TargetPlatform 'TVOSClient'
[2026.08.11-05.11.30:145][  0]LogTargetPlatformManager: Display: Loaded TargetPlatform 'TVOS'
[2026.08.11-05.11.30:162][  0]LogTargetPlatformManager: Display: Loaded TargetPlatform 'WindowsNoEditor'
[2026.08.11-05.11.30:171][  0]LogTargetPlatformManager: Display: Loaded TargetPlatform 'Windows'
[2026.08.11-05.11.30:182][  0]LogTargetPlatformManager: Display: Loaded TargetPlatform 'WindowsClient'
[2026.08.11-05.11.30:194][  0]LogTargetPlatformManager: Display: Loaded TargetPlatform 'WindowsServer'
[2026.08.11-05.11.30:194][  0]LogTargetPlatformManager: Display: Building Assets For Windows
[2026.08.11-05.11.30:221][  0]LogAudioDebug: Display: Lib vorbis DLL was dynamically loaded.
[2026.08.11-05.11.30:322][  0]LogTextureFormatOodle: Display: Oodle Texture 2.9.0 init RDO Off
[2026.08.11-05.11.30:480][  0]LogRendererCore: Ray tracing is disabled. Reason: r.RayTracing=0.
[2026.08.11-05.11.30:483][  0]LogShaderCompilers: Guid format shader working directory is -4 characters bigger than the processId version (../../../../../../Users/Administrator/Downloads/Bar-z1/Bar/Intermediate/Shaders/WorkingDirectory/2732/).
[2026.08.11-05.11.30:484][  0]LogShaderCompilers: Cleaned the shader compiler working directory 'C:/Users/Administrator/AppData/Local/Temp/UnrealShaderWorkingDir/8AB9F152460C538E04DA4D90C512C87F/'.
[2026.08.11-05.11.30:485][  0]LogXGEController: Cannot use XGE Controller as Incredibuild is not installed on this machine.
[2026.08.11-05.11.30:486][  0]LogShaderCompilers: Cannot use XGE Shader Compiler as Incredibuild is not installed on this machine.
[2026.08.11-05.11.30:486][  0]LogShaderCompilers: Display: Using Local Shader Compiler.
[2026.08.11-05.11.31:603][  0]LogDerivedDataCache: Display: Max Cache Size: 512 MB
[2026.08.11-05.11.31:899][  0]LogDerivedDataCache: Loaded boot cache 0.29s 94MB C:/Users/Administrator/AppData/Local/UnrealEngine/4.27/DerivedDataCache/Boot.ddc.
[2026.08.11-05.11.31:899][  0]LogDerivedDataCache: Display: Loaded Boot cache: C:/Users/Administrator/AppData/Local/UnrealEngine/4.27/DerivedDataCache/Boot.ddc
[2026.08.11-05.11.31:900][  0]LogDerivedDataCache: FDerivedDataBackendGraph:  Pak pak cache file ../../../../../../Users/Administrator/Downloads/Bar-z1/Bar/DerivedDataCache/DDC.ddp not found, will not use a pak cache.
[2026.08.11-05.11.31:900][  0]LogDerivedDataCache: Unable to find inner node Pak for hierarchical cache Hierarchy.
[2026.08.11-05.11.31:900][  0]LogDerivedDataCache: FDerivedDataBackendGraph:  CompressedPak pak cache file ../../../../../../Users/Administrator/Downloads/Bar-z1/Bar/DerivedDataCache/Compressed.ddp not found, will not use a pak cache.
[2026.08.11-05.11.31:900][  0]LogDerivedDataCache: Unable to find inner node CompressedPak for hierarchical cache Hierarchy.
[2026.08.11-05.11.31:927][  0]LogDerivedDataCache: Display: Pak cache opened for reading ../../../Engine/DerivedDataCache/Compressed.ddp.
[2026.08.11-05.11.31:927][  0]LogDerivedDataCache: FDerivedDataBackendGraph:  EnterprisePak pak cache file ../../../Enterprise/DerivedDataCache/Compressed.ddp not found, will not use a pak cache.
[2026.08.11-05.11.31:927][  0]LogDerivedDataCache: Unable to find inner node EnterprisePak for hierarchical cache Hierarchy.
[2026.08.11-05.11.31:946][  0]LogDerivedDataCache: Speed tests for C:/Users/Administrator/AppData/Local/UnrealEngine/Common/DerivedDataCache took 0.02 seconds
[2026.08.11-05.11.31:946][  0]LogDerivedDataCache: Display: Performance to C:/Users/Administrator/AppData/Local/UnrealEngine/Common/DerivedDataCache: Latency=0.37ms. RandomReadSpeed=131.15MBs, RandomWriteSpeed=129.99MBs. Assigned SpeedClass 'Local'
[2026.08.11-05.11.31:947][  0]LogDerivedDataCache: Using Local data cache path C:/Users/Administrator/AppData/Local/UnrealEngine/Common/DerivedDataCache: Writable
[2026.08.11-05.11.31:947][  0]LogDerivedDataCache: Shared data cache path not found in *engine.ini, will not use an Shared cache.
[2026.08.11-05.11.31:947][  0]LogDerivedDataCache: Unable to find inner node Shared for hierarchical cache Hierarchy.
[2026.08.11-05.11.32:012][  0]LogSlate: Using FreeType 2.10.0
[2026.08.11-05.11.32:016][  0]LogSlate: SlateFontServices - WITH_FREETYPE: 1, WITH_HARFBUZZ: 1
[2026.08.11-05.11.32:089][  0]LogAssetRegistry: FAssetRegistry took 0.0087 seconds to start up
[2026.08.11-05.11.32:533][  0]LogInit: Selected Device Profile: [Windows]
[2026.08.11-05.11.32:533][  0]LogInit: Active device profile: [0000013B64E7CB00][0000013B5EC00640 49] Windows
[2026.08.11-05.11.32:533][  0]LogInit: Profiles: [0000013B64E7CB00][0000013B5EC00640 49] Windows, [0000013B64E46100][0000013B5ACAC780 49] WindowsNoEditor, [0000013B64E7D900][0000013B5ACB08C0 49] WindowsServer, [0000013B64E46E00][0000013B5ACB4A00 49] WindowsClient, [0000013B64E7FC00][0000013B5ACB8B40 49] IOS, [0000013B64E44F00][0000013B5AF8ECC0 49] iPadAir, [0000013B64E7FE00][0000013B5AF92E40 49] iPadAir2, [0000013B64DF4D00][0000013B5AF9B100 49] IPadPro, [0000013B64DF4E00][0000013B5AF97140 49] iPadAir3, [0000013B64E47B00][0000013B5AF9F2C0 49] iPadAir4, [0000013B64DF7700][0000013B5AFA3440 49] iPadMini2, [0000013B64E47100][0000013B624435C0 49] iPadMini3, [0000013B64DF7900][0000013B62447740 49] iPadMini4, [0000013B64E47500][0000013B6244B8C0 49] iPadMini5, [0000013B64DFC600][0000013B62453B80 49] iPhone6, [0000013B64DFC700][0000013B6244FBC0 49] iPodTouch6, [0000013B64E7E600][0000013B6245A300 49] iPhone7, [0000013B64E7E800][0000013B62456340 49] iPodTouch7, [0000013B64DFC100][0000013B6245E4C0 49] iPhone5S, [0000013B64DF4700][0000013B62462640 49] iPhone6Plus, [0000013B64DFE500][0000013B624667C0 49] iPhone6S, [0000013B64DF5400][0000013B6246A940 49] iPhone6SPlus, [0000013B64DFFB00][0000013B5AF8AA80 49] iPhone7Plus, [0000013B64DF7600][0000013B6246EBC0 49] iPhoneSE, [0000013B64E7EC00][0000013B62472D00 49] iPhone8, [0000013B64DF4600][0000013B6247AE80 49] iPhone8Plus, [0000013B64E7E100][0000013B6247F000 49] iPhoneX, [0000013B64DF6900][0000013B62483180 49] iPhoneXS, [0000013B64E7FD00][0000013B62487300 49] iPhoneXSMax, [0000013B64DF6E00][0000013B6248B480 49] iPhoneXR, [0000013B64E7FF00][0000013B6248F600 49] iPhone11, [0000013B64DF5F00][0000013B62493780 49] iPhone11Pro, [0000013B64E7C600][0000013B62497900 49] iPhone11ProMax, [0000013B64DF6000][0000013B6249BA80 49] iPhoneSE2, [0000013B64E7FA00][0000013B6249FC00 49] iPhone12Mini, [0000013B64DF6700][0000013B624A2200 49] iPhone12, [0000013B64E7EA00][0000013B624A6380 49] iPhone12Pro, [0000013B64DF4500][0000013B624AA500 49] iPhone12ProMax, [0000013B64E7F900][0000013B624AE680 49] iPadPro105, [0000013B64DF5800][0000013B624B2800 49] iPadPro129, [0000013B64E7CC00][0000013B624B6980 49] iPadPro97, [0000013B64DF6400][0000013B624BAB00 49] iPadPro2_129, [0000013B64E7C800][0000013B62476C40 49] iPad5, [0000013B64DF4400][0000013B624BED80 49] iPad6, [0000013B64E7DB00][0000013B624C2EC0 49] iPad7, [0000013B64DF7500][0000013B624CB040 49] iPad8, [0000013B64E7DF00][0000013B624CF1C0 49] iPadPro11, [0000013B64DF5A00][0000013B624D3340 49] iPadPro2_11, [0000013B64E7E500][0000013B624D74C0 49] iPadPro3_129, [0000013B64DF6200][0000013B624DB640 49] iPadPro4_129, [0000013B64E7D600][0000013B624DF7C0 49] AppleTV, [0000013B64DF7D00][0000013B624E3940 49] AppleTV4K, [0000013B64E7DA00][0000013B624E7AC0 49] TVOS, [0000013B64DF4A00][0000013B624EA0C0 49] Mac, [0000013B64E7E400][0000013B624EE240 49] MacClient, [0000013B64DF6C00][0000013B624F23C0 49] MacNoEditor, [0000013B64E7F500][0000013B624F6540 49] MacServer, [0000013B64DF6300][0000013B624FA6C0 49] Linux, [0000013B64E7C300][0000013B624FE840 49] LinuxAArch64, [0000013B64DF6100][0000013B625029C0 49] LinuxNoEditor, [0000013B64E7E300][0000013B62506B40 49] LinuxAArch64NoEditor, [0000013B64DF7C00][0000013B6250ACC0 49] LinuxClient, [0000013B64E7CF00][0000013B624C6E00 49] LinuxAArch64Client, [0000013B64DF5200][0000013B6250EF40 49] LinuxServer, [0000013B64E7F000][0000013B62513080 49] LinuxAArch64Server, [0000013B64DF5600][0000013B625171C0 49] Android, [0000013B64E7D200][0000013B6251F340 49] Android_Low, [0000013B64DF7E00][0000013B625234C0 49] Android_Mid, [0000013B64E7C100][0000013B62527640 49] Android_High, [0000013B64DF6A00][0000013B6252B7C0 49] Android_Default, [0000013B64E7D300][0000013B6252F940 49] Android_Adreno4xx, [0000013B64E46300][0000013B62533AC0 49] Android_Adreno5xx_Low, [0000013B64DFDC00][0000013B625360C0 49] Android_Adreno5xx, [0000013B64E47E00][0000013B6253A240 49] Android_Adreno6xx, [0000013B64DFE700][0000013B62E723C0 49] Android_Adreno6xx_Vulkan, [0000013B64E47600][0000013B62E76540 49] Android_Mali_T6xx, [0000013B64DFCF00][0000013B62E7A6C0 49] Android_Mali_T7xx, [0000013B64E45B00][0000013B62E7E840 49] Android_Mali_T8xx, [0000013B64DFDF00][0000013B62E829C0 49] Android_Mali_G71, [0000013B64E46C00][0000013B52D80B40 49] Android_Mali_G72, [0000013B64DFEF00][0000013B52D84CC0 49] Android_Mali_G72_Vulkan, [0000013B64E46500][0000013B52D88E40 49] Android_Mali_G76, [0000013B64DFE200][0000013B6251AF80 49] Android_Mali_G76_Vulkan, [0000013B64E44E00][0000013B52D8D0C0 49] Android_Mali_G77, [0000013B64DFD400][0000013B52D91200 49] Android_Mali_G77_Vulkan, [0000013B64E47700][0000013B52D95340 49] Android_Mali_G78, [0000013B64DFD300][0000013B52D9D4C0 49] Android_Mali_G78_Vulkan, [0000013B64E45500][0000013B52DA1640 49] Android_Mali_G710, [0000013B64DFFD00][0000013B52DA57C0 49] Android_Mali_G710_Vulkan, [0000013B64E44700][0000013B52DA9940 49] Android_Vulkan_SM5, [0000013B64DFDB00][0000013B52DADAC0 49] Android_PowerVR_G6xxx, [0000013B64E44A00][0000013B52DB00C0 49] Android_PowerVR_GT7xxx, [0000013B64DFC200][0000013B52DB4240 49] Android_PowerVR_GE8xxx, [0000013B64E47800][0000013B52DB83C0 49] Android_PowerVR_GM9xxx, [0000013B64DFCA00][0000013B52DBC540 49] Android_PowerVR_GM9xxx_Vulkan, [0000013B64E45000][0000013B52DC06C0 49] Android_TegraK1, [0000013B64DFD700][0000013B52DC4840 49] Android_Unknown_Vulkan, [0000013B64E45800][0000013B52DC89C0 49] Lumin, [0000013B64DFFC00][0000013B52DD0B40 49] Lumin_Desktop, [0000013B64E45600][0000013B52DD8CC0 49] HoloLens, 
[2026.08.11-05.11.32:839][  0]LogMeshReduction: Using QuadricMeshReduction for automatic static mesh reduction
[2026.08.11-05.11.32:839][  0]LogMeshReduction: Using SimplygonMeshReduction for automatic skeletal mesh reduction
[2026.08.11-05.11.32:839][  0]LogMeshReduction: Using ProxyLODMeshReduction for automatic mesh merging
[2026.08.11-05.11.32:839][  0]LogMeshReduction: No distributed automatic mesh merging module available
[2026.08.11-05.11.32:840][  0]LogMeshMerging: No distributed automatic mesh merging module available
[2026.08.11-05.11.32:900][  0]LogNetVersion: Bar 1.0.0, NetCL: 17155196, EngineNetVer: 17, GameNetVer: 0 (Checksum: 994579761)
[2026.08.11-05.11.34:084][  0]LogTexture: Default maximum texture size for cubemaps generated from long-lat sources has been changed from 512 to unlimited. In order to preserve old behaiour for '/Engine/MapTemplates/Sky/DaylightAmbientCubemap.DaylightAmbientCubemap', its maximum texture size has been explicitly set to 512.
[2026.08.11-05.11.34:197][  0]LogHMD: PokeAHoleMaterial loaded successfully
[2026.08.11-05.11.34:206][  0]LogUObjectArray: 17178 objects as part of root set at end of initial load.
[2026.08.11-05.11.34:206][  0]LogUObjectAllocator: 4302048 out of 0 bytes used by permanent object pool.
[2026.08.11-05.11.34:206][  0]LogUObjectArray: CloseDisregardForGC: 0/0 objects in disregard for GC pool
[2026.08.11-05.11.35:146][  0]LogNiagaraDebuggerClient: Niagara Debugger Client Initialized | Session: 2D9180EC4247AF245A3DE08A5BA600E2 | Instance: FEE2DF0146F1E50A5BE4D182F1D48639 (备用机-2732).
[2026.08.11-05.11.35:658][  0]LogPython: Using Python 3.7.7
[2026.08.11-05.11.36:373][  0]LogTcpMessaging: Initializing TcpMessaging bridge
[2026.08.11-05.11.36:389][  0]LogUdpMessaging: Initializing bridge on interface 0.0.0.0:0 to multicast group 230.0.0.1:6666.
[2026.08.11-05.11.36:895][  0]SourceControl: 源码管理已禁用
[2026.08.11-05.11.36:895][  0]SourceControl: 源码管理已禁用
[2026.08.11-05.11.36:926][  0]SourceControl: 源码管理已禁用
[2026.08.11-05.11.36:936][  0]SourceControl: 源码管理已禁用
[2026.08.11-05.11.36:964][  0]SourceControl: 源码管理已禁用
[2026.08.11-05.11.36:981][  0]LogUProjectInfo: Found projects:
[2026.08.11-05.11.36:983][  0]LogVSAccessor: Display: Unable to create Visual Studio setup instance: 80040154
[2026.08.11-05.11.36:985][  0]LogVSAccessor: Display: Unable to create Visual Studio setup instance: 80040154
[2026.08.11-05.11.36:985][  0]LogVSAccessor: Display: Unable to create Visual Studio setup instance: 80040154
[2026.08.11-05.11.37:726][  0]LogOpenImageDenoise: OIDN starting up
[2026.08.11-05.11.37:780][  0]LogAndroidPermission: UAndroidPermissionCallbackProxy::GetInstance
[2026.08.11-05.11.37:833][  0]LogAudioCaptureCore: Display: No Audio Capture implementations found. Audio input will be silent.
[2026.08.11-05.11.37:833][  0]LogAudioCaptureCore: Display: No Audio Capture implementations found. Audio input will be silent.
[2026.08.11-05.11.38:148][  0]LogCollectionManager: Loaded 0 collections in 0.002358 seconds
[2026.08.11-05.11.38:217][  0]LogFileCache: Scanning file cache for directory 'C:/Users/Administrator/Downloads/Bar-z1/Bar/Saved/Collections/' took 0.00s
[2026.08.11-05.11.38:217][  0]LogFileCache: Scanning file cache for directory 'C:/Users/Administrator/Downloads/Bar-z1/Bar/Content/Developers/Administrator/Collections/' took 0.00s
[2026.08.11-05.11.38:217][  0]LogFileCache: Scanning file cache for directory 'C:/Users/Administrator/Downloads/Bar-z1/Bar/Content/Collections/' took 0.00s
[2026.08.11-05.11.38:217][  0]LogOcInput: OculusInput pre-init called
[2026.08.11-05.11.38:682][  0]LogEngine: Initializing Engine...
[2026.08.11-05.11.38:700][  0]LogHMD: Failed to enumerate extensions. Please check that you have a valid OpenXR runtime installed.
[2026.08.11-05.11.38:701][  0]LogHMD: Failed to initialize OpenVR with code 110
[2026.08.11-05.11.38:702][  0]LogMagicLeap: Warning: VR disabled because ZI is not enabled.  To enable, in the editor, Edit -> Project Settings -> Plugins -> Magic Leap Plugin -> Enable Zero Iteration
[2026.08.11-05.11.38:707][  0]LogStats: UGameplayTagsManager::InitializeManager -  0.002 s
[2026.08.11-05.11.38:911][  0]LogInit: Initializing FReadOnlyCVARCache
[2026.08.11-05.11.38:967][  0]LogAIModule: Creating AISystem for world Untitled
[2026.08.11-05.11.38:974][  0]LogAudio: Display: Initializing Audio Device Manager...
[2026.08.11-05.11.39:007][  0]LogAudio: Display: Loading Default Audio Settings Objects...
[2026.08.11-05.11.39:012][  0]LogAudio: Display: No default SoundConcurrencyObject specified (or failed to load).
[2026.08.11-05.11.39:016][  0]LogAudio: Display: Audio Device Manager Initialized
[2026.08.11-05.11.39:016][  0]LogAudio: Display: Creating Audio Device:                 Id: 1, Scope: Shared, Realtime: True
[2026.08.11-05.11.39:017][  0]LogAudioMixer: Display: Audio Mixer Platform Settings:
[2026.08.11-05.11.39:018][  0]LogAudioMixer: Display: 	Sample Rate:						  48000
[2026.08.11-05.11.39:018][  0]LogAudioMixer: Display: 	Callback Buffer Frame Size Requested: 1024
[2026.08.11-05.11.39:018][  0]LogAudioMixer: Display: 	Callback Buffer Frame Size To Use:	  1024
[2026.08.11-05.11.39:018][  0]LogAudioMixer: Display: 	Number of buffers to queue:			  2
[2026.08.11-05.11.39:018][  0]LogAudioMixer: Display: 	Max Channels (voices):				  32
[2026.08.11-05.11.39:018][  0]LogAudioMixer: Display: 	Number of Async Source Workers:		  0
[2026.08.11-05.11.39:018][  0]LogAudio: Display: AudioDevice MaxSources: 32
[2026.08.11-05.11.39:021][  0]LogAudio: Display: Audio Spatialization Plugin: None (built-in).
[2026.08.11-05.11.39:021][  0]LogAudio: Display: Audio Reverb Plugin: None (built-in).
[2026.08.11-05.11.39:021][  0]LogAudio: Display: Audio Occlusion Plugin: None (built-in).
[2026.08.11-05.11.39:021][  0]LogAudioMixer: Display: Initializing audio mixer.
[2026.08.11-05.11.39:116][  0]LogAudioMixer: Display: 0: FrontLeft
[2026.08.11-05.11.39:116][  0]LogAudioMixer: Display: 1: FrontRight
[2026.08.11-05.11.39:230][  0]LogAudioMixer: Display: Using Audio Device 2270W (NVIDIA High Definition Audio)
[2026.08.11-05.11.39:233][  0]LogAudioMixer: Display: Initializing Sound Submixes...
[2026.08.11-05.11.39:240][  0]LogAudioMixer: Display: Creating Master Submix 'MasterSubmixDefault'
[2026.08.11-05.11.39:241][  0]LogAudioMixer: Display: Creating Master Submix 'MasterReverbSubmixDefault'
[2026.08.11-05.11.39:243][  0]LogAudioMixer: Display: Creating Master Submix 'MasterEQSubmixDefault'
[2026.08.11-05.11.39:244][  0]LogAudioMixer: FMixerPlatformXAudio2::StartAudioStream() called
[2026.08.11-05.11.39:244][  0]LogAudioMixer: Display: Output buffers initialized: Frames=1024, Channels=2, Samples=2048
[2026.08.11-05.11.39:245][  0]LogAudioMixer: Display: Starting AudioMixerPlatformInterface::RunInternal()
[2026.08.11-05.11.39:245][  0]LogAudioMixer: Display: FMixerPlatformXAudio2::SubmitBuffer() called for the first time
[2026.08.11-05.11.39:245][  0]LogInit: FAudioDevice initialized.
[2026.08.11-05.11.39:246][  0]LogAudio: Display: Audio Device (ID: 1) registered with world 'Untitled'.
[2026.08.11-05.11.39:246][  0]LogNetVersion: Set ProjectVersion to 1.0.0.0. Version Checksum will be recalculated on next use.
[2026.08.11-05.11.39:568][  0]LogDerivedDataCache: Saved boot cache 0.32s 94MB C:/Users/Administrator/AppData/Local/UnrealEngine/4.27/DerivedDataCache/Boot.ddc.
[2026.08.11-05.11.39:569][  0]LogInit: Texture streaming: Enabled
[2026.08.11-05.11.39:647][  0]LogAnalytics: Display: [UEEditor.Rocket.Release] APIServer = https://datarouter.ol.epicgames.com/. AppVersion = 4.27.2-18319896+++UE4+Release-4.27
[2026.08.11-05.11.39:669][  0]LogEngineSessionManager: EngineSessionManager initialized
[2026.08.11-05.11.39:669][  0]LogEngineSessionManager: EngineSessionManager sent abnormal shutdown report. Type=AbnormalShutdown, SessionId={FF5D6708-4B49-2737-330E-84AD028FDA39}
[2026.08.11-05.11.39:669][  0]LogEditorSessionSummary: Verbose: Initializing EditorSessionSummaryWriter for editor session tracking
[2026.08.11-05.11.39:675][  0]LogEditorSessionSummary: EditorSessionSummaryWriter initialized
[2026.08.11-05.11.40:026][  0]LogInit: Transaction tracking system initialized
[2026.08.11-05.11.40:132][  0]BlueprintLog: New page: 编辑器加载
[2026.08.11-05.11.40:385][  0]LocalizationService: 本地化服务已禁用
[2026.08.11-05.11.40:501][  0]TimingProfiler: Initialize
[2026.08.11-05.11.40:504][  0]TimingProfiler: OnSessionChanged
[2026.08.11-05.11.40:505][  0]LoadingProfiler: Initialize
[2026.08.11-05.11.40:505][  0]LoadingProfiler: OnSessionChanged
[2026.08.11-05.11.40:506][  0]NetworkingProfiler: Initialize
[2026.08.11-05.11.40:506][  0]NetworkingProfiler: OnSessionChanged
[2026.08.11-05.11.40:506][  0]MemoryProfiler: Initialize
[2026.08.11-05.11.40:506][  0]MemoryProfiler: OnSessionChanged
[2026.08.11-05.11.40:702][  0]LogVSAccessor: Display: Unable to create Visual Studio setup instance: 80040154
[2026.08.11-05.11.40:703][  0]LogVSAccessor: Display: Unable to create Visual Studio setup instance: 80040154
[2026.08.11-05.11.40:703][  0]LogVSAccessor: Display: Unable to create Visual Studio setup instance: 80040154
[2026.08.11-05.11.40:978][  0]LogFileCache: Scanning file cache for directory 'C:/Users/Administrator/Downloads/Bar-z1/Bar/Content/' took 0.00s
[2026.08.11-05.11.40:978][  0]LogCook: Display: CookSettings for Memory: MemoryMaxUsedVirtual 0MiB, MemoryMaxUsedPhysical 16384MiB, MemoryMinFreeVirtual 0MiB, MemoryMinFreePhysical 1024MiB
[2026.08.11-05.11.40:978][  0]LogCook: Display: Mobile HDR setting 1
[2026.08.11-05.11.41:871][  0]LogInit: Display: Engine is initialized. Leaving FEngineLoop::Init()
[2026.08.11-05.11.41:883][  0]SourceControl: 源码管理已禁用
[2026.08.11-05.11.41:884][  0]LogUnrealEdMisc: Loading editor; pre map load, took 19.181
[2026.08.11-05.11.41:885][  0]Cmd: MAP LOAD FILE="../../../../../../Users/Administrator/Downloads/Bar-z1/Bar/Content/Bar/Map/model.umap" TEMPLATE=0 SHOWPROGRESS=1 FEATURELEVEL=3
[2026.08.11-05.11.41:888][  0]LightingResults: New page: 光照构建
[2026.08.11-05.11.41:895][  0]LogWorld: UWorld::CleanupWorld for Untitled, bSessionEnded=true, bCleanupResources=true
[2026.08.11-05.11.41:897][  0]LogSlate: InvalidateAllWidgets triggered.  All widgets were invalidated
[2026.08.11-05.11.41:899][  0]MapCheck: New page: 地图检测
[2026.08.11-05.11.41:899][  0]LightingResults: New page: 光照构建
[2026.08.11-05.11.41:911][  0]LogAudio: Display: Audio Device unregistered from world 'None'.
[2026.08.11-05.11.41:919][  0]LogUObjectHash: Compacting FUObjectHashTables data took   0.90ms
[2026.08.11-05.12.23:748][  0]LogAudio: Display: Audio Device (ID: 1) registered with world 'model'.
[2026.08.11-05.12.23:755][  0]LogAIModule: Creating AISystem for world model
[2026.08.11-05.12.24:080][  0]LogEditorServer: Finished looking for orphan Actors (0.000 secs)
[2026.08.11-05.12.24:184][  0]LogUObjectHash: Compacting FUObjectHashTables data took   1.57ms
[2026.08.11-05.12.24:202][  0]Cmd: MAP CHECKDEP NOCLEARLOG
[2026.08.11-05.12.24:203][  0]MapCheck: 地图检测完成：0个错误、0个警告、完成用时1.229毫秒。
[2026.08.11-05.12.24:205][  0]LogFileHelpers: Loading map 'model' took 42.319
[2026.08.11-05.12.24:845][  0]LogUnrealEdMisc: Total Editor Startup Time, took 62.143
[2026.08.11-05.12.25:049][  0]LogWindowsTextInputMethodSystem: Display: IME system activated using TSF (微软拼音).
[2026.08.11-05.12.25:655][  0]LogSlate: Updating window title bar state: overlay mode, drag disabled, window buttons hidden, title bar hidden
[2026.08.11-05.12.25:675][  0]LogSlate: Updating window title bar state: overlay mode, drag disabled, window buttons hidden, title bar hidden
[2026.08.11-05.12.25:683][  0]LogSlate: Updating window title bar state: overlay mode, drag disabled, window buttons hidden, title bar hidden
[2026.08.11-05.12.25:691][  0]LogSlate: Updating window title bar state: overlay mode, drag disabled, window buttons hidden, title bar hidden
[2026.08.11-05.12.25:781][  0]LogNativeClassHierarchy: Verbose: Native class hierarchy populated in 0.0136 seconds. Added 3822 classes and 928 folders.
[2026.08.11-05.12.25:812][  0]LogNativeClassHierarchy: Verbose: Native class hierarchy updated for 'WidgetCarousel' in 0.0003 seconds. Added 0 classes and 0 folders.
[2026.08.11-05.12.25:839][  0]LogPakFile: PakFile PrimaryIndexSize=187
[2026.08.11-05.12.25:839][  0]LogPakFile: PakFile PathHashIndexSize=101
[2026.08.11-05.12.25:839][  0]LogPakFile: PakFile FullDirectoryIndexSize=148
[2026.08.11-05.12.25:842][  0]LogShaderLibrary: Display: ShaderCodeLibraryPakFileMountedCallback: PakFile 'C:/Program Files/Epic Games/UE_4.27/FeaturePacks/FP_FirstPerson.upack' (chunk index -1, root 'root:/') mounted
[2026.08.11-05.12.25:842][  0]LogShaderLibrary: Display: ShaderCodeLibraryPakFileMountedCallback: pending pak file info (ChunkID:-1 Root:root:/ File:C:/Program Files/Epic Games/UE_4.27/FeaturePacks/FP_FirstPerson.upack)
[2026.08.11-05.12.25:842][  0]LogPakFile: OnPakFileMounted2Time == 0.003452
[2026.08.11-05.12.25:854][  0]LogPakFile: PakFile PrimaryIndexSize=189
[2026.08.11-05.12.25:855][  0]LogPakFile: PakFile PathHashIndexSize=101
[2026.08.11-05.12.25:855][  0]LogPakFile: PakFile FullDirectoryIndexSize=152
[2026.08.11-05.12.25:855][  0]LogShaderLibrary: Display: ShaderCodeLibraryPakFileMountedCallback: PakFile 'C:/Program Files/Epic Games/UE_4.27/FeaturePacks/FP_FirstPersonBP.upack' (chunk index -1, root 'root:/') mounted
[2026.08.11-05.12.25:855][  0]LogShaderLibrary: Display: ShaderCodeLibraryPakFileMountedCallback: pending pak file info (ChunkID:-1 Root:root:/ File:C:/Program Files/Epic Games/UE_4.27/FeaturePacks/FP_FirstPersonBP.upack)
[2026.08.11-05.12.25:855][  0]LogPakFile: OnPakFileMounted2Time == 0.000107
[2026.08.11-05.12.25:859][  0]LogPakFile: PakFile PrimaryIndexSize=191
[2026.08.11-05.12.25:859][  0]LogPakFile: PakFile PathHashIndexSize=101
[2026.08.11-05.12.25:859][  0]LogPakFile: PakFile FullDirectoryIndexSize=160
[2026.08.11-05.12.25:859][  0]LogShaderLibrary: Display: ShaderCodeLibraryPakFileMountedCallback: PakFile 'C:/Program Files/Epic Games/UE_4.27/FeaturePacks/MobileStarterContent.upack' (chunk index -1, root 'root:/') mounted
[2026.08.11-05.12.25:859][  0]LogShaderLibrary: Display: ShaderCodeLibraryPakFileMountedCallback: pending pak file info (ChunkID:-1 Root:root:/ File:C:/Program Files/Epic Games/UE_4.27/FeaturePacks/MobileStarterContent.upack)
[2026.08.11-05.12.25:859][  0]LogPakFile: OnPakFileMounted2Time == 0.000044
[2026.08.11-05.12.25:864][  0]LogPakFile: PakFile PrimaryIndexSize=185
[2026.08.11-05.12.25:864][  0]LogPakFile: PakFile PathHashIndexSize=101
[2026.08.11-05.12.25:864][  0]LogPakFile: PakFile FullDirectoryIndexSize=148
[2026.08.11-05.12.25:864][  0]LogShaderLibrary: Display: ShaderCodeLibraryPakFileMountedCallback: PakFile 'C:/Program Files/Epic Games/UE_4.27/FeaturePacks/StarterContent.upack' (chunk index -1, root 'root:/') mounted
[2026.08.11-05.12.25:864][  0]LogShaderLibrary: Display: ShaderCodeLibraryPakFileMountedCallback: pending pak file info (ChunkID:-1 Root:root:/ File:C:/Program Files/Epic Games/UE_4.27/FeaturePacks/StarterContent.upack)
[2026.08.11-05.12.25:864][  0]LogPakFile: OnPakFileMounted2Time == 0.000076
[2026.08.11-05.12.25:869][  0]LogPakFile: PakFile PrimaryIndexSize=190
[2026.08.11-05.12.25:870][  0]LogPakFile: PakFile PathHashIndexSize=101
[2026.08.11-05.12.25:870][  0]LogPakFile: PakFile FullDirectoryIndexSize=154
[2026.08.11-05.12.25:870][  0]LogShaderLibrary: Display: ShaderCodeLibraryPakFileMountedCallback: PakFile 'C:/Program Files/Epic Games/UE_4.27/FeaturePacks/TP_2DSideScroller.upack' (chunk index -1, root 'root:/') mounted
[2026.08.11-05.12.25:870][  0]LogShaderLibrary: Display: ShaderCodeLibraryPakFileMountedCallback: pending pak file info (ChunkID:-1 Root:root:/ File:C:/Program Files/Epic Games/UE_4.27/FeaturePacks/TP_2DSideScroller.upack)
[2026.08.11-05.12.25:870][  0]LogPakFile: OnPakFileMounted2Time == 0.000052
[2026.08.11-05.12.25:875][  0]LogPakFile: PakFile PrimaryIndexSize=192
[2026.08.11-05.12.25:875][  0]LogPakFile: PakFile PathHashIndexSize=101
[2026.08.11-05.12.25:875][  0]LogPakFile: PakFile FullDirectoryIndexSize=158
[2026.08.11-05.12.25:875][  0]LogShaderLibrary: Display: ShaderCodeLibraryPakFileMountedCallback: PakFile 'C:/Program Files/Epic Games/UE_4.27/FeaturePacks/TP_2DSideScrollerBP.upack' (chunk index -1, root 'root:/') mounted
[2026.08.11-05.12.25:875][  0]LogShaderLibrary: Display: ShaderCodeLibraryPakFileMountedCallback: pending pak file info (ChunkID:-1 Root:root:/ File:C:/Program Files/Epic Games/UE_4.27/FeaturePacks/TP_2DSideScrollerBP.upack)
[2026.08.11-05.12.25:875][  0]LogPakFile: OnPakFileMounted2Time == 0.000071
[2026.08.11-05.12.25:880][  0]LogPakFile: PakFile PrimaryIndexSize=182
[2026.08.11-05.12.25:880][  0]LogPakFile: PakFile PathHashIndexSize=101
[2026.08.11-05.12.25:880][  0]LogPakFile: PakFile FullDirectoryIndexSize=138
[2026.08.11-05.12.25:880][  0]LogShaderLibrary: Display: ShaderCodeLibraryPakFileMountedCallback: PakFile 'C:/Program Files/Epic Games/UE_4.27/FeaturePacks/TP_Flying.upack' (chunk index -1, root 'root:/') mounted
[2026.08.11-05.12.25:880][  0]LogShaderLibrary: Display: ShaderCodeLibraryPakFileMountedCallback: pending pak file info (ChunkID:-1 Root:root:/ File:C:/Program Files/Epic Games/UE_4.27/FeaturePacks/TP_Flying.upack)
[2026.08.11-05.12.25:880][  0]LogPakFile: OnPakFileMounted2Time == 0.000045
[2026.08.11-05.12.25:884][  0]LogPakFile: PakFile PrimaryIndexSize=184
[2026.08.11-05.12.25:884][  0]LogPakFile: PakFile PathHashIndexSize=101
[2026.08.11-05.12.25:884][  0]LogPakFile: PakFile FullDirectoryIndexSize=142
[2026.08.11-05.12.25:884][  0]LogShaderLibrary: Display: ShaderCodeLibraryPakFileMountedCallback: PakFile 'C:/Program Files/Epic Games/UE_4.27/FeaturePacks/TP_FlyingBP.upack' (chunk index -1, root 'root:/') mounted
[2026.08.11-05.12.25:884][  0]LogShaderLibrary: Display: ShaderCodeLibraryPakFileMountedCallback: pending pak file info (ChunkID:-1 Root:root:/ File:C:/Program Files/Epic Games/UE_4.27/FeaturePacks/TP_FlyingBP.upack)
[2026.08.11-05.12.25:884][  0]LogPakFile: OnPakFileMounted2Time == 0.000045
[2026.08.11-05.12.25:888][  0]LogPakFile: PakFile PrimaryIndexSize=188
[2026.08.11-05.12.25:888][  0]LogPakFile: PakFile PathHashIndexSize=101
[2026.08.11-05.12.25:888][  0]LogPakFile: PakFile FullDirectoryIndexSize=150
[2026.08.11-05.12.25:888][  0]LogShaderLibrary: Display: ShaderCodeLibraryPakFileMountedCallback: PakFile 'C:/Program Files/Epic Games/UE_4.27/FeaturePacks/TP_HandheldARBP.upack' (chunk index -1, root 'root:/') mounted
[2026.08.11-05.12.25:888][  0]LogShaderLibrary: Display: ShaderCodeLibraryPakFileMountedCallback: pending pak file info (ChunkID:-1 Root:root:/ File:C:/Program Files/Epic Games/UE_4.27/FeaturePacks/TP_HandheldARBP.upack)
[2026.08.11-05.12.25:888][  0]LogPakFile: OnPakFileMounted2Time == 0.000047
[2026.08.11-05.12.25:902][  0]LogPakFile: PakFile PrimaryIndexSize=182
[2026.08.11-05.12.25:902][  0]LogPakFile: PakFile PathHashIndexSize=101
[2026.08.11-05.12.25:902][  0]LogPakFile: PakFile FullDirectoryIndexSize=138
[2026.08.11-05.12.25:902][  0]LogShaderLibrary: Display: ShaderCodeLibraryPakFileMountedCallback: PakFile 'C:/Program Files/Epic Games/UE_4.27/FeaturePacks/TP_Puzzle.upack' (chunk index -1, root 'root:/') mounted
[2026.08.11-05.12.25:902][  0]LogShaderLibrary: Display: ShaderCodeLibraryPakFileMountedCallback: pending pak file info (ChunkID:-1 Root:root:/ File:C:/Program Files/Epic Games/UE_4.27/FeaturePacks/TP_Puzzle.upack)
[2026.08.11-05.12.25:902][  0]LogPakFile: OnPakFileMounted2Time == 0.000071
[2026.08.11-05.12.25:906][  0]LogPakFile: PakFile PrimaryIndexSize=184
[2026.08.11-05.12.25:907][  0]LogPakFile: PakFile PathHashIndexSize=101
[2026.08.11-05.12.25:907][  0]LogPakFile: PakFile FullDirectoryIndexSize=142
[2026.08.11-05.12.25:907][  0]LogShaderLibrary: Display: ShaderCodeLibraryPakFileMountedCallback: PakFile 'C:/Program Files/Epic Games/UE_4.27/FeaturePacks/TP_PuzzleBP.upack' (chunk index -1, root 'root:/') mounted
[2026.08.11-05.12.25:907][  0]LogShaderLibrary: Display: ShaderCodeLibraryPakFileMountedCallback: pending pak file info (ChunkID:-1 Root:root:/ File:C:/Program Files/Epic Games/UE_4.27/FeaturePacks/TP_PuzzleBP.upack)
[2026.08.11-05.12.25:907][  0]LogPakFile: OnPakFileMounted2Time == 0.000047
[2026.08.11-05.12.25:912][  0]LogPakFile: PakFile PrimaryIndexSize=183
[2026.08.11-05.12.25:912][  0]LogPakFile: PakFile PathHashIndexSize=101
[2026.08.11-05.12.25:912][  0]LogPakFile: PakFile FullDirectoryIndexSize=140
[2026.08.11-05.12.25:912][  0]LogShaderLibrary: Display: ShaderCodeLibraryPakFileMountedCallback: PakFile 'C:/Program Files/Epic Games/UE_4.27/FeaturePacks/TP_Rolling.upack' (chunk index -1, root 'root:/') mounted
[2026.08.11-05.12.25:912][  0]LogShaderLibrary: Display: ShaderCodeLibraryPakFileMountedCallback: pending pak file info (ChunkID:-1 Root:root:/ File:C:/Program Files/Epic Games/UE_4.27/FeaturePacks/TP_Rolling.upack)
[2026.08.11-05.12.25:912][  0]LogPakFile: OnPakFileMounted2Time == 0.000052
[2026.08.11-05.12.25:916][  0]LogPakFile: PakFile PrimaryIndexSize=185
[2026.08.11-05.12.25:916][  0]LogPakFile: PakFile PathHashIndexSize=101
[2026.08.11-05.12.25:916][  0]LogPakFile: PakFile FullDirectoryIndexSize=144
[2026.08.11-05.12.25:916][  0]LogShaderLibrary: Display: ShaderCodeLibraryPakFileMountedCallback: PakFile 'C:/Program Files/Epic Games/UE_4.27/FeaturePacks/TP_RollingBP.upack' (chunk index -1, root 'root:/') mounted
[2026.08.11-05.12.25:916][  0]LogShaderLibrary: Display: ShaderCodeLibraryPakFileMountedCallback: pending pak file info (ChunkID:-1 Root:root:/ File:C:/Program Files/Epic Games/UE_4.27/FeaturePacks/TP_RollingBP.upack)
[2026.08.11-05.12.25:916][  0]LogPakFile: OnPakFileMounted2Time == 0.000042
[2026.08.11-05.12.25:923][  0]LogPakFile: PakFile PrimaryIndexSize=188
[2026.08.11-05.12.25:923][  0]LogPakFile: PakFile PathHashIndexSize=101
[2026.08.11-05.12.25:923][  0]LogPakFile: PakFile FullDirectoryIndexSize=150
[2026.08.11-05.12.25:923][  0]LogShaderLibrary: Display: ShaderCodeLibraryPakFileMountedCallback: PakFile 'C:/Program Files/Epic Games/UE_4.27/FeaturePacks/TP_SideScroller.upack' (chunk index -1, root 'root:/') mounted
[2026.08.11-05.12.25:923][  0]LogShaderLibrary: Display: ShaderCodeLibraryPakFileMountedCallback: pending pak file info (ChunkID:-1 Root:root:/ File:C:/Program Files/Epic Games/UE_4.27/FeaturePacks/TP_SideScroller.upack)
[2026.08.11-05.12.25:923][  0]LogPakFile: OnPakFileMounted2Time == 0.000050
[2026.08.11-05.12.25:927][  0]LogPakFile: PakFile PrimaryIndexSize=190
[2026.08.11-05.12.25:927][  0]LogPakFile: PakFile PathHashIndexSize=101
[2026.08.11-05.12.25:927][  0]LogPakFile: PakFile FullDirectoryIndexSize=154
[2026.08.11-05.12.25:927][  0]LogShaderLibrary: Display: ShaderCodeLibraryPakFileMountedCallback: PakFile 'C:/Program Files/Epic Games/UE_4.27/FeaturePacks/TP_SideScrollerBP.upack' (chunk index -1, root 'root:/') mounted
[2026.08.11-05.12.25:927][  0]LogShaderLibrary: Display: ShaderCodeLibraryPakFileMountedCallback: pending pak file info (ChunkID:-1 Root:root:/ File:C:/Program Files/Epic Games/UE_4.27/FeaturePacks/TP_SideScrollerBP.upack)
[2026.08.11-05.12.25:927][  0]LogPakFile: OnPakFileMounted2Time == 0.000097
[2026.08.11-05.12.25:931][  0]LogPakFile: PakFile PrimaryIndexSize=187
[2026.08.11-05.12.25:931][  0]LogPakFile: PakFile PathHashIndexSize=101
[2026.08.11-05.12.25:931][  0]LogPakFile: PakFile FullDirectoryIndexSize=148
[2026.08.11-05.12.25:931][  0]LogShaderLibrary: Display: ShaderCodeLibraryPakFileMountedCallback: PakFile 'C:/Program Files/Epic Games/UE_4.27/FeaturePacks/TP_ThirdPerson.upack' (chunk index -1, root 'root:/') mounted
[2026.08.11-05.12.25:932][  0]LogShaderLibrary: Display: ShaderCodeLibraryPakFileMountedCallback: pending pak file info (ChunkID:-1 Root:root:/ File:C:/Program Files/Epic Games/UE_4.27/FeaturePacks/TP_ThirdPerson.upack)
[2026.08.11-05.12.25:932][  0]LogPakFile: OnPakFileMounted2Time == 0.000092
[2026.08.11-05.12.25:937][  0]LogPakFile: PakFile PrimaryIndexSize=189
[2026.08.11-05.12.25:937][  0]LogPakFile: PakFile PathHashIndexSize=101
[2026.08.11-05.12.25:937][  0]LogPakFile: PakFile FullDirectoryIndexSize=152
[2026.08.11-05.12.25:937][  0]LogShaderLibrary: Display: ShaderCodeLibraryPakFileMountedCallback: PakFile 'C:/Program Files/Epic Games/UE_4.27/FeaturePacks/TP_ThirdPersonBP.upack' (chunk index -1, root 'root:/') mounted
[2026.08.11-05.12.25:937][  0]LogShaderLibrary: Display: ShaderCodeLibraryPakFileMountedCallback: pending pak file info (ChunkID:-1 Root:root:/ File:C:/Program Files/Epic Games/UE_4.27/FeaturePacks/TP_ThirdPersonBP.upack)
[2026.08.11-05.12.25:937][  0]LogPakFile: OnPakFileMounted2Time == 0.000047
[2026.08.11-05.12.25:942][  0]LogPakFile: PakFile PrimaryIndexSize=183
[2026.08.11-05.12.25:942][  0]LogPakFile: PakFile PathHashIndexSize=101
[2026.08.11-05.12.25:942][  0]LogPakFile: PakFile FullDirectoryIndexSize=140
[2026.08.11-05.12.25:942][  0]LogShaderLibrary: Display: ShaderCodeLibraryPakFileMountedCallback: PakFile 'C:/Program Files/Epic Games/UE_4.27/FeaturePacks/TP_TopDown.upack' (chunk index -1, root 'root:/') mounted
[2026.08.11-05.12.25:942][  0]LogShaderLibrary: Display: ShaderCodeLibraryPakFileMountedCallback: pending pak file info (ChunkID:-1 Root:root:/ File:C:/Program Files/Epic Games/UE_4.27/FeaturePacks/TP_TopDown.upack)
[2026.08.11-05.12.25:942][  0]LogPakFile: OnPakFileMounted2Time == 0.000079
[2026.08.11-05.12.25:948][  0]LogPakFile: PakFile PrimaryIndexSize=185
[2026.08.11-05.12.25:948][  0]LogPakFile: PakFile PathHashIndexSize=101
[2026.08.11-05.12.25:948][  0]LogPakFile: PakFile FullDirectoryIndexSize=144
[2026.08.11-05.12.25:948][  0]LogShaderLibrary: Display: ShaderCodeLibraryPakFileMountedCallback: PakFile 'C:/Program Files/Epic Games/UE_4.27/FeaturePacks/TP_TopDownBP.upack' (chunk index -1, root 'root:/') mounted
[2026.08.11-05.12.25:948][  0]LogShaderLibrary: Display: ShaderCodeLibraryPakFileMountedCallback: pending pak file info (ChunkID:-1 Root:root:/ File:C:/Program Files/Epic Games/UE_4.27/FeaturePacks/TP_TopDownBP.upack)
[2026.08.11-05.12.25:948][  0]LogPakFile: OnPakFileMounted2Time == 0.000047
[2026.08.11-05.12.25:953][  0]LogPakFile: PakFile PrimaryIndexSize=185
[2026.08.11-05.12.25:953][  0]LogPakFile: PakFile PathHashIndexSize=101
[2026.08.11-05.12.25:953][  0]LogPakFile: PakFile FullDirectoryIndexSize=144
[2026.08.11-05.12.25:953][  0]LogShaderLibrary: Display: ShaderCodeLibraryPakFileMountedCallback: PakFile 'C:/Program Files/Epic Games/UE_4.27/FeaturePacks/TP_TwinStick.upack' (chunk index -1, root 'root:/') mounted
[2026.08.11-05.12.25:953][  0]LogShaderLibrary: Display: ShaderCodeLibraryPakFileMountedCallback: pending pak file info (ChunkID:-1 Root:root:/ File:C:/Program Files/Epic Games/UE_4.27/FeaturePacks/TP_TwinStick.upack)
[2026.08.11-05.12.25:953][  0]LogPakFile: OnPakFileMounted2Time == 0.000042
[2026.08.11-05.12.25:957][  0]LogPakFile: PakFile PrimaryIndexSize=187
[2026.08.11-05.12.25:957][  0]LogPakFile: PakFile PathHashIndexSize=101
[2026.08.11-05.12.25:957][  0]LogPakFile: PakFile FullDirectoryIndexSize=148
[2026.08.11-05.12.25:957][  0]LogShaderLibrary: Display: ShaderCodeLibraryPakFileMountedCallback: PakFile 'C:/Program Files/Epic Games/UE_4.27/FeaturePacks/TP_TwinStickBP.upack' (chunk index -1, root 'root:/') mounted
[2026.08.11-05.12.25:957][  0]LogShaderLibrary: Display: ShaderCodeLibraryPakFileMountedCallback: pending pak file info (ChunkID:-1 Root:root:/ File:C:/Program Files/Epic Games/UE_4.27/FeaturePacks/TP_TwinStickBP.upack)
[2026.08.11-05.12.25:957][  0]LogPakFile: OnPakFileMounted2Time == 0.000043
[2026.08.11-05.12.25:965][  0]LogPakFile: PakFile PrimaryIndexSize=183
[2026.08.11-05.12.25:965][  0]LogPakFile: PakFile PathHashIndexSize=101
[2026.08.11-05.12.25:965][  0]LogPakFile: PakFile FullDirectoryIndexSize=140
[2026.08.11-05.12.25:965][  0]LogShaderLibrary: Display: ShaderCodeLibraryPakFileMountedCallback: PakFile 'C:/Program Files/Epic Games/UE_4.27/FeaturePacks/TP_Vehicle.upack' (chunk index -1, root 'root:/') mounted
[2026.08.11-05.12.25:965][  0]LogShaderLibrary: Display: ShaderCodeLibraryPakFileMountedCallback: pending pak file info (ChunkID:-1 Root:root:/ File:C:/Program Files/Epic Games/UE_4.27/FeaturePacks/TP_Vehicle.upack)
[2026.08.11-05.12.25:965][  0]LogPakFile: OnPakFileMounted2Time == 0.000050
[2026.08.11-05.12.25:975][  0]LogPakFile: PakFile PrimaryIndexSize=186
[2026.08.11-05.12.25:975][  0]LogPakFile: PakFile PathHashIndexSize=101
[2026.08.11-05.12.25:975][  0]LogPakFile: PakFile FullDirectoryIndexSize=146
[2026.08.11-05.12.25:975][  0]LogShaderLibrary: Display: ShaderCodeLibraryPakFileMountedCallback: PakFile 'C:/Program Files/Epic Games/UE_4.27/FeaturePacks/TP_VehicleAdv.upack' (chunk index -1, root 'root:/') mounted
[2026.08.11-05.12.25:975][  0]LogShaderLibrary: Display: ShaderCodeLibraryPakFileMountedCallback: pending pak file info (ChunkID:-1 Root:root:/ File:C:/Program Files/Epic Games/UE_4.27/FeaturePacks/TP_VehicleAdv.upack)
[2026.08.11-05.12.25:975][  0]LogPakFile: OnPakFileMounted2Time == 0.000078
[2026.08.11-05.12.25:989][  0]LogPakFile: PakFile PrimaryIndexSize=188
[2026.08.11-05.12.25:989][  0]LogPakFile: PakFile PathHashIndexSize=101
[2026.08.11-05.12.25:989][  0]LogPakFile: PakFile FullDirectoryIndexSize=150
[2026.08.11-05.12.25:989][  0]LogShaderLibrary: Display: ShaderCodeLibraryPakFileMountedCallback: PakFile 'C:/Program Files/Epic Games/UE_4.27/FeaturePacks/TP_VehicleAdvBP.upack' (chunk index -1, root 'root:/') mounted
[2026.08.11-05.12.25:989][  0]LogShaderLibrary: Display: ShaderCodeLibraryPakFileMountedCallback: pending pak file info (ChunkID:-1 Root:root:/ File:C:/Program Files/Epic Games/UE_4.27/FeaturePacks/TP_VehicleAdvBP.upack)
[2026.08.11-05.12.25:989][  0]LogPakFile: OnPakFileMounted2Time == 0.000051
[2026.08.11-05.12.25:997][  0]LogPakFile: PakFile PrimaryIndexSize=185
[2026.08.11-05.12.25:997][  0]LogPakFile: PakFile PathHashIndexSize=101
[2026.08.11-05.12.25:997][  0]LogPakFile: PakFile FullDirectoryIndexSize=144
[2026.08.11-05.12.25:997][  0]LogShaderLibrary: Display: ShaderCodeLibraryPakFileMountedCallback: PakFile 'C:/Program Files/Epic Games/UE_4.27/FeaturePacks/TP_VehicleBP.upack' (chunk index -1, root 'root:/') mounted
[2026.08.11-05.12.25:997][  0]LogShaderLibrary: Display: ShaderCodeLibraryPakFileMountedCallback: pending pak file info (ChunkID:-1 Root:root:/ File:C:/Program Files/Epic Games/UE_4.27/FeaturePacks/TP_VehicleBP.upack)
[2026.08.11-05.12.25:997][  0]LogPakFile: OnPakFileMounted2Time == 0.000046
[2026.08.11-05.12.26:008][  0]LogPakFile: PakFile PrimaryIndexSize=192
[2026.08.11-05.12.26:009][  0]LogPakFile: PakFile PathHashIndexSize=101
[2026.08.11-05.12.26:009][  0]LogPakFile: PakFile FullDirectoryIndexSize=158
[2026.08.11-05.12.26:009][  0]LogShaderLibrary: Display: ShaderCodeLibraryPakFileMountedCallback: PakFile 'C:/Program Files/Epic Games/UE_4.27/FeaturePacks/TP_VirtualRealityBP.upack' (chunk index -1, root 'root:/') mounted
[2026.08.11-05.12.26:009][  0]LogShaderLibrary: Display: ShaderCodeLibraryPakFileMountedCallback: pending pak file info (ChunkID:-1 Root:root:/ File:C:/Program Files/Epic Games/UE_4.27/FeaturePacks/TP_VirtualRealityBP.upack)
[2026.08.11-05.12.26:009][  0]LogPakFile: OnPakFileMounted2Time == 0.000089
[2026.08.11-05.12.26:476][  0]LogNativeClassHierarchy: Verbose: Native class hierarchy updated for 'AddContentDialog' in 0.0003 seconds. Added 0 classes and 0 folders.
[2026.08.11-05.12.26:499][  0]LogNativeClassHierarchy: Verbose: Native class hierarchy updated for 'SceneOutliner' in 0.0003 seconds. Added 2 classes and 0 folders.
[2026.08.11-05.12.26:755][  0]LogSlate: Took 0.008357 seconds to synchronously load lazily loaded font '../../../Engine/Content/Slate/Fonts/Roboto-Regular.ttf' (155K)
[2026.08.11-05.12.26:763][  0]LogSlate: Took 0.002952 seconds to synchronously load lazily loaded font '../../../Engine/Content/Editor/Slate/Fonts/FontAwesome.ttf' (139K)
[2026.08.11-05.12.26:782][  0]LogSlate: Took 0.015746 seconds to synchronously load lazily loaded font '../../../Engine/Content/Slate/Fonts/DroidSansFallback.ttf' (3848K)
[2026.08.11-05.12.26:784][  0]LogSlate: Took 0.001213 seconds to synchronously load lazily loaded font '../../../Engine/Content/Slate/Fonts/Roboto-Bold.ttf' (160K)
[2026.08.11-05.12.27:086][  0]LogRenderer: Reallocating scene render targets to support 860x452 Format 10 NumSamples 1 (Frame:1).
[2026.08.11-05.12.32:351][  0]LogNativeClassHierarchy: Verbose: Native class hierarchy updated for 'HierarchicalLODOutliner' in 0.0003 seconds. Added 0 classes and 0 folders.
[2026.08.11-05.12.32:352][  0]LogLoad: (Engine Initialization) Total time: 69.65 seconds
[2026.08.11-05.12.32:352][  0]LogLoad: (Engine Initialization) Total Blueprint compile time: 0.00 seconds
[2026.08.11-05.12.32:519][  0]LogContentStreaming: Texture pool size now 1000 MB
[2026.08.11-05.12.32:678][  1]LogEditorViewport: Clicking on Actor (LMB): StaticMeshActor (SM_Cabinet_02)
[2026.08.11-05.12.35:410][  2]LogSlate: Took 0.002010 seconds to synchronously load lazily loaded font '../../../Engine/Content/Slate/Fonts/Roboto-Light.ttf' (167K)
[2026.08.11-05.12.35:789][  7]LogAssetRegistry: Asset discovery search completed in 63.7007 seconds
[2026.08.11-05.12.35:835][  7]LogCollectionManager: Fixed up redirectors for 0 collections in 0.000588 seconds (updated 0 objects)
[2026.08.11-08.35.23:034][908]LogUObjectHash: Compacting FUObjectHashTables data took   0.98ms
[2026.08.11-08.35.23:164][908]LogSlate: Window 'Bar - 虚幻编辑器' being destroyed
[2026.08.11-08.35.23:292][909]Cmd: QUIT_EDITOR
[2026.08.11-08.35.23:292][909]LogCore: Engine exit requested (reason: UUnrealEdEngine::CloseEditor())
[2026.08.11-08.35.23:299][909]LogCore: Engine exit requested (reason: EngineExit() was called; note: exit was already requested)
[2026.08.11-08.35.23:306][909]LogAudio: Display: Beginning Audio Device Manager Shutdown (Module: AudioMixerXAudio2)...
[2026.08.11-08.35.23:306][909]LogAudio: Display: Destroying 1 Remaining Audio Device(s)...
[2026.08.11-08.35.23:306][909]LogAudio: Display: Audio Device unregistered from world 'model'.
[2026.08.11-08.35.23:307][909]LogAudioMixer: FMixerPlatformXAudio2::StopAudioStream() called
[2026.08.11-08.35.23:313][909]LogAudioMixer: FMixerPlatformXAudio2::StopAudioStream() called
[2026.08.11-08.35.23:389][909]LogAudio: Display: Audio Device Manager Shutdown
[2026.08.11-08.35.23:391][909]LogWindowsTextInputMethodSystem: Display: IME system activated using TSF (微软拼音).
[2026.08.11-08.35.23:408][909]LogExit: Preparing to exit.
[2026.08.11-08.35.23:616][909]LogUObjectHash: Compacting FUObjectHashTables data took   2.50ms
[2026.08.11-08.35.24:291][909]LogActorComponent: UnregisterComponent: (None.None) Not registered. Aborting.
[2026.08.11-08.35.24:291][909]LogActorComponent: UnregisterComponent: (None.None) Not registered. Aborting.
[2026.08.11-08.35.24:291][909]LogActorComponent: UnregisterComponent: (None.None) Not registered. Aborting.
[2026.08.11-08.35.24:291][909]LogActorComponent: UnregisterComponent: (None.None) Not registered. Aborting.
[2026.08.11-08.35.24:291][909]LogActorComponent: UnregisterComponent: (None.None) Not registered. Aborting.
[2026.08.11-08.35.24:291][909]LogActorComponent: UnregisterComponent: (None.None) Not registered. Aborting.
[2026.08.11-08.35.24:291][909]LogActorComponent: UnregisterComponent: (None.None) Not registered. Aborting.
[2026.08.11-08.35.24:291][909]LogWorld: UWorld::CleanupWorld for None, bSessionEnded=true, bCleanupResources=true
[2026.08.11-08.35.24:437][909]LogDemo: Cleaned up 0 splitscreen connections with owner deletion
[2026.08.11-08.35.24:464][909]LogExit: Transaction tracking system shut down
[2026.08.11-08.35.24:574][909]LogExit: Editor shut down
[2026.08.11-08.35.27:708][909]LogExit: Object subsystem successfully closed.
[2026.08.11-08.35.27:748][909]LogShaderCompilers: Display: === FShaderJobCache stats ===
[2026.08.11-08.35.27:748][909]LogShaderCompilers: Display: Total job queries 0, among them cache hits 0 (0.00%)
[2026.08.11-08.35.27:748][909]LogShaderCompilers: Display: Tracking 0 distinct input hashes that result in 0 distinct outputs (0.00%)
[2026.08.11-08.35.27:748][909]LogShaderCompilers: Display: RAM used: 0.00 MB (0.00 GB) of 819.20 MB (0.80 GB) budget. Usage: 0.00%
[2026.08.11-08.35.27:748][909]LogShaderCompilers: Display: ================================================
[2026.08.11-08.35.27:778][909]LogShaderCompilers: Display: Shaders left to compile 0
[2026.08.11-08.35.27:920][909]LogModuleManager: Shutting down and abandoning module HierarchicalLODOutliner (870)
[2026.08.11-08.35.27:920][909]LogModuleManager: Shutting down and abandoning module SceneOutliner (868)
[2026.08.11-08.35.27:920][909]LogModuleManager: Shutting down and abandoning module AddContentDialog (866)
[2026.08.11-08.35.27:921][909]LogModuleManager: Shutting down and abandoning module WidgetCarousel (865)
[2026.08.11-08.35.27:921][909]LogModuleManager: Shutting down and abandoning module EditorWidgets (862)
[2026.08.11-08.35.27:921][909]LogModuleManager: Shutting down and abandoning module StatsViewer (860)
[2026.08.11-08.35.27:922][909]LogModuleManager: Shutting down and abandoning module PIEPreviewDeviceProfileSelector (858)
[2026.08.11-08.35.27:922][909]LogModuleManager: Shutting down and abandoning module SequenceRecorderSections (856)
[2026.08.11-08.35.27:922][909]LogModuleManager: Shutting down and abandoning module AutomationWorker (854)
[2026.08.11-08.35.27:922][909]LogModuleManager: Shutting down and abandoning module SteamVREditor (852)
[2026.08.11-08.35.27:922][909]LogModuleManager: Shutting down and abandoning module OculusMR (850)
[2026.08.11-08.35.27:922][909]LogModuleManager: Shutting down and abandoning module OpenXRInput (848)
[2026.08.11-08.35.27:922][909]LogModuleManager: Shutting down and abandoning module TakeRecorderSources (846)
[2026.08.11-08.35.27:923][909]LogModuleManager: Shutting down and abandoning module TakeRecorder (845)
[2026.08.11-08.35.27:923][909]LogModuleManager: Shutting down and abandoning module TakeTrackRecorders (842)
[2026.08.11-08.35.27:924][909]LogModuleManager: Shutting down and abandoning module TakesCore (840)
[2026.08.11-08.35.27:924][909]LogModuleManager: Shutting down and abandoning module GooglePADEditor (838)
[2026.08.11-08.35.27:924][909]LogModuleManager: Shutting down and abandoning module AudioCaptureEditor (836)
[2026.08.11-08.35.27:924][909]LogModuleManager: Shutting down and abandoning module TemplateSequenceEditor (834)
[2026.08.11-08.35.27:924][909]LogModuleManager: Shutting down and abandoning module LevelSequenceEditor (832)
[2026.08.11-08.35.27:925][909]LogModuleManager: Shutting down and abandoning module MatineeToLevelSequence (830)
[2026.08.11-08.35.27:925][909]LogModuleManager: Shutting down and abandoning module ActorSequenceEditor (828)
[2026.08.11-08.35.27:925][909]LogModuleManager: Shutting down and abandoning module PlanarCut (826)
[2026.08.11-08.35.27:925][909]LogModuleManager: Shutting down and abandoning module WmfMediaFactory (824)
[2026.08.11-08.35.27:925][909]LogModuleManager: Shutting down and abandoning module WmfMediaEditor (822)
[2026.08.11-08.35.27:925][909]LogModuleManager: Shutting down and abandoning module WebMMediaFactory (820)
[2026.08.11-08.35.27:925][909]LogModuleManager: Shutting down and abandoning module WebMMediaEditor (818)
[2026.08.11-08.35.27:925][909]LogModuleManager: Shutting down and abandoning module WebMMedia (816)
[2026.08.11-08.35.27:925][909]LogModuleManager: Shutting down and abandoning module MediaPlayerEditor (814)
[2026.08.11-08.35.27:925][909]LogModuleManager: Shutting down and abandoning module OpenExrWrapper (812)
[2026.08.11-08.35.27:925][909]LogModuleManager: Shutting down and abandoning module ImgMediaFactory (810)
[2026.08.11-08.35.27:925][909]LogModuleManager: Shutting down and abandoning module ImgMediaEditor (808)
[2026.08.11-08.35.27:925][909]LogModuleManager: Shutting down and abandoning module MediaCompositingEditor (806)
[2026.08.11-08.35.27:925][909]LogModuleManager: Shutting down and abandoning module SequenceRecorder (805)
[2026.08.11-08.35.27:925][909]LogModuleManager: Shutting down and abandoning module AvfMediaFactory (802)
[2026.08.11-08.35.27:926][909]LogModuleManager: Shutting down and abandoning module AvfMediaEditor (800)
[2026.08.11-08.35.27:926][909]LogModuleManager: Shutting down and abandoning module AndroidMediaFactory (798)
[2026.08.11-08.35.27:926][909]LogModuleManager: Shutting down and abandoning module AndroidMediaEditor (796)
[2026.08.11-08.35.27:926][909]LogModuleManager: Shutting down and abandoning module CharacterAI (794)
[2026.08.11-08.35.27:926][909]LogModuleManager: Shutting down and abandoning module MagicLeapMediaCodecFactory (792)
[2026.08.11-08.35.27:926][909]LogModuleManager: Shutting down and abandoning module MagicLeapMediaFactory (790)
[2026.08.11-08.35.27:926][909]LogModuleManager: Shutting down and abandoning module MagicLeapMediaEditor (788)
[2026.08.11-08.35.27:926][909]LogModuleManager: Shutting down and abandoning module TextureAlignMode (786)
[2026.08.11-08.35.27:926][909]LogModuleManager: Shutting down and abandoning module BspMode (784)
[2026.08.11-08.35.27:926][909]LogModuleManager: Shutting down and abandoning module GeometryMode (782)
[2026.08.11-08.35.27:926][909]LogModuleManager: Shutting down and abandoning module CameraShakePreviewer (780)
[2026.08.11-08.35.27:926][909]LogModuleManager: Shutting down and abandoning module SmartSnapping (778)
[2026.08.11-08.35.27:926][909]LogModuleManager: Shutting down and abandoning module SessionServices (776)
[2026.08.11-08.35.27:926][909]LogModuleManager: Shutting down and abandoning module MeshPaint (774)
[2026.08.11-08.35.27:926][909]LogModuleManager: Shutting down and abandoning module VirtualTexturingEditor (772)
[2026.08.11-08.35.27:927][909]LogModuleManager: Shutting down and abandoning module FoliageEdit (770)
[2026.08.11-08.35.27:927][909]LogModuleManager: Shutting down and abandoning module LandscapeEditor (768)
[2026.08.11-08.35.27:927][909]LogModuleManager: Shutting down and abandoning module MeshPaintMode (766)
[2026.08.11-08.35.27:927][909]LogModuleManager: Shutting down and abandoning module SceneDepthPickerMode (764)
[2026.08.11-08.35.27:928][909]LogModuleManager: Shutting down and abandoning module ActorPickerMode (762)
[2026.08.11-08.35.27:928][909]LogModuleManager: Shutting down and abandoning module PlacementMode (760)
[2026.08.11-08.35.27:928][909]LogModuleManager: Shutting down and abandoning module ViewportSnapping (758)
[2026.08.11-08.35.27:928][909]LogModuleManager: Shutting down and abandoning module ViewportInteraction (756)
[2026.08.11-08.35.27:928][909]LogModuleManager: Shutting down and abandoning module ClothPainter (754)
[2026.08.11-08.35.27:928][909]LogModuleManager: Shutting down and abandoning module SkeletalMeshEditor (753)
[2026.08.11-08.35.27:928][909]LogModuleManager: Shutting down and abandoning module LogVisualizer (750)
[2026.08.11-08.35.27:929][909]LogModuleManager: Shutting down and abandoning module IntroTutorials (748)
[2026.08.11-08.35.27:929][909]LogModuleManager: Shutting down and abandoning module GameProjectGeneration (747)
[2026.08.11-08.35.27:929][909]LogModuleManager: Shutting down and abandoning module LuminPlatformEditor (744)
[2026.08.11-08.35.27:929][909]LogModuleManager: Shutting down and abandoning module IOSPlatformEditor (742)
[2026.08.11-08.35.27:929][909]LogModuleManager: Shutting down and abandoning module AndroidPlatformEditor (740)
[2026.08.11-08.35.27:929][909]LogModuleManager: Shutting down and abandoning module AndroidDeviceDetection (739)
[2026.08.11-08.35.29:277][909]LogModuleManager: Shutting down and abandoning module WindowsPlatformEditor (736)
[2026.08.11-08.35.29:277][909]LogModuleManager: Shutting down and abandoning module LuminRuntimeSettings (734)
[2026.08.11-08.35.29:277][909]LogModuleManager: Shutting down and abandoning module IOSRuntimeSettings (732)
[2026.08.11-08.35.29:277][909]LogModuleManager: Shutting down and abandoning module AndroidRuntimeSettings (730)
[2026.08.11-08.35.29:277][909]LogModuleManager: Shutting down and abandoning module TraceInsights (728)
[2026.08.11-08.35.29:278][909]MemoryProfiler: Shutdown
[2026.08.11-08.35.29:278][909]NetworkingProfiler: Shutdown
[2026.08.11-08.35.29:278][909]LoadingProfiler: Shutdown
[2026.08.11-08.35.29:278][909]TimingProfiler: Shutdown
[2026.08.11-08.35.29:282][909]LogModuleManager: Shutting down and abandoning module TraceServices (727)
[2026.08.11-08.35.29:283][909]LogModuleManager: Shutting down and abandoning module EditorInteractiveToolsFramework (724)
[2026.08.11-08.35.29:283][909]LogModuleManager: Shutting down and abandoning module TimeManagementEditor (722)
[2026.08.11-08.35.29:283][909]LogModuleManager: Shutting down and abandoning module InputBindingEditor (720)
[2026.08.11-08.35.29:283][909]LogModuleManager: Shutting down and abandoning module MergeActors (718)
[2026.08.11-08.35.29:283][909]LogModuleManager: Shutting down and abandoning module LocalizationDashboard (716)
[2026.08.11-08.35.29:284][909]LogModuleManager: Shutting down and abandoning module LocalizationService (715)
[2026.08.11-08.35.29:284][909]LogModuleManager: Shutting down and abandoning module HardwareTargeting (712)
[2026.08.11-08.35.29:284][909]LogModuleManager: Shutting down and abandoning module DeviceProfileEditor (710)
[2026.08.11-08.35.29:284][909]LogModuleManager: Shutting down and abandoning module UndoHistory (708)
[2026.08.11-08.35.29:284][909]LogModuleManager: Shutting down and abandoning module XmlParser (706)
[2026.08.11-08.35.29:284][909]LogModuleManager: Shutting down and abandoning module Blutility (704)
[2026.08.11-08.35.29:284][909]LogModuleManager: Shutting down and abandoning module ProjectSettingsViewer (702)
[2026.08.11-08.35.29:285][909]LogModuleManager: Shutting down and abandoning module ProjectTargetPlatformEditor (701)
[2026.08.11-08.35.29:286][909]LogModuleManager: Shutting down and abandoning module EditorSettingsViewer (698)
[2026.08.11-08.35.29:286][909]LogModuleManager: Shutting down and abandoning module InternationalizationSettings (697)
[2026.08.11-08.35.29:286][909]LogModuleManager: Shutting down and abandoning module SettingsEditor (694)
[2026.08.11-08.35.29:286][909]LogModuleManager: Shutting down and abandoning module ProjectLauncher (692)
[2026.08.11-08.35.29:286][909]LogModuleManager: Shutting down and abandoning module SessionFrontend (690)
[2026.08.11-08.35.29:287][909]LogModuleManager: Shutting down and abandoning module ProfilerClient (688)
[2026.08.11-08.35.29:287][909]LogModuleManager: Shutting down and abandoning module DeviceManager (686)
[2026.08.11-08.35.29:287][909]LogModuleManager: Shutting down and abandoning module TargetDeviceServices (685)
[2026.08.11-08.35.29:322][909]LogModuleManager: Shutting down and abandoning module AutomationController (682)
[2026.08.11-08.35.29:322][909]LogModuleManager: Shutting down and abandoning module AutomationWindow (680)
[2026.08.11-08.35.29:322][909]LogModuleManager: Shutting down and abandoning module Layers (678)
[2026.08.11-08.35.29:322][909]LogModuleManager: Shutting down and abandoning module ComponentVisualizers (676)
[2026.08.11-08.35.29:322][909]LogModuleManager: Shutting down and abandoning module DetailCustomizations (674)
[2026.08.11-08.35.29:323][909]LogModuleManager: Shutting down and abandoning module PackagesDialog (672)
[2026.08.11-08.35.29:323][909]LogModuleManager: Shutting down and abandoning module AnimationBlueprintEditor (670)
[2026.08.11-08.35.29:323][909]LogModuleManager: Shutting down and abandoning module Persona (668)
[2026.08.11-08.35.29:324][909]LogModuleManager: Shutting down and abandoning module AdvancedPreviewScene (667)
[2026.08.11-08.35.29:324][909]LogModuleManager: Shutting down and abandoning module AnimGraph (665)
[2026.08.11-08.35.29:325][909]LogModuleManager: Shutting down and abandoning module Kismet (662)
[2026.08.11-08.35.29:326][909]LogModuleManager: Shutting down and abandoning module KismetWidgets (661)
[2026.08.11-08.35.29:326][909]LogModuleManager: Shutting down and abandoning module GraphEditor (658)
[2026.08.11-08.35.29:327][909]LogModuleManager: Shutting down and abandoning module StructViewer (656)
[2026.08.11-08.35.29:327][909]LogModuleManager: Shutting down and abandoning module ClassViewer (654)
[2026.08.11-08.35.29:327][909]LogModuleManager: Shutting down and abandoning module Toolbox (652)
[2026.08.11-08.35.29:327][909]LogModuleManager: Shutting down and abandoning module ModuleUI (650)
[2026.08.11-08.35.29:328][909]LogModuleManager: Shutting down and abandoning module OutputLog (648)
[2026.08.11-08.35.29:329][909]LogModuleManager: Shutting down and abandoning module GammaUI (646)
[2026.08.11-08.35.29:329][909]LogModuleManager: Shutting down and abandoning module Documentation (644)
[2026.08.11-08.35.29:329][909]LogModuleManager: Shutting down and abandoning module LiveCoding (642)
[2026.08.11-08.35.29:329][909]LogModuleManager: Shutting down and abandoning module LevelSequence (640)
[2026.08.11-08.35.29:329][909]LogModuleManager: Shutting down and abandoning module MovieSceneTracks (638)
[2026.08.11-08.35.29:329][909]LogModuleManager: Shutting down and abandoning module MovieScene (636)
[2026.08.11-08.35.29:329][909]LogModuleManager: Shutting down and abandoning module StreamingPauseRendering (634)
[2026.08.11-08.35.29:329][909]LogModuleManager: Shutting down and abandoning module LauncherPlatform (632)
[2026.08.11-08.35.29:329][909]LogModuleManager: Shutting down and abandoning module AnalyticsET (630)
[2026.08.11-08.35.29:329][909]LogModuleManager: Shutting down and abandoning module PortalServices (628)
[2026.08.11-08.35.29:329][909]LogModuleManager: Shutting down and abandoning module PortalRpc (626)
[2026.08.11-08.35.29:329][909]LogModuleManager: Shutting down and abandoning module MessagingRpc (624)
[2026.08.11-08.35.29:329][909]LogModuleManager: Shutting down and abandoning module AudioMixerXAudio2 (622)
[2026.08.11-08.35.29:329][909]LogModuleManager: Shutting down and abandoning module AudioMixerCore (621)
[2026.08.11-08.35.29:329][909]LogModuleManager: Shutting down and abandoning module AIModule (618)
[2026.08.11-08.35.29:330][909]LogModuleManager: Shutting down and abandoning module GameplayDebugger (617)
[2026.08.11-08.35.29:330][909]LogModuleManager: Shutting down and abandoning module AITestSuite (615)
[2026.08.11-08.35.29:330][909]LogModuleManager: Shutting down and abandoning module NavigationSystem (613)
[2026.08.11-08.35.29:330][909]LogModuleManager: Shutting down and abandoning module ImageWriteQueue (610)
[2026.08.11-08.35.29:330][909]LogModuleManager: Shutting down and abandoning module ProfilerService (608)
[2026.08.11-08.35.29:448][909]LogModuleManager: Shutting down and abandoning module TaskGraph (606)
[2026.08.11-08.35.29:449][909]LogModuleManager: Shutting down and abandoning module AudioSynesthesiaEditor (604)
[2026.08.11-08.35.29:449][909]LogModuleManager: Shutting down and abandoning module OculusEditor (602)
[2026.08.11-08.35.29:452][909]LogModuleManager: Shutting down and abandoning module OculusInput (600)
[2026.08.11-08.35.29:452][909]LogModuleManager: Shutting down and abandoning module ContentBrowserFileDataSource (598)
[2026.08.11-08.35.29:452][909]LogModuleManager: Shutting down and abandoning module ContentBrowserClassDataSource (596)
[2026.08.11-08.35.29:452][909]LogModuleManager: Shutting down and abandoning module ContentBrowserAssetDataSource (594)
[2026.08.11-08.35.29:452][909]LogModuleManager: Shutting down and abandoning module CollectionManager (593)
[2026.08.11-08.35.29:453][909]LogModuleManager: Shutting down and abandoning module LightPropagationVolumeEditor (590)
[2026.08.11-08.35.29:453][909]LogModuleManager: Shutting down and abandoning module SynthesisEditor (588)
[2026.08.11-08.35.29:453][909]LogModuleManager: Shutting down and abandoning module Synthesis (586)
[2026.08.11-08.35.29:453][909]LogModuleManager: Shutting down and abandoning module ProceduralMeshComponentEditor (584)
[2026.08.11-08.35.29:454][909]LogModuleManager: Shutting down and abandoning module ProceduralMeshComponent (582)
[2026.08.11-08.35.29:454][909]LogModuleManager: Shutting down and abandoning module OpenXREditor (580)
[2026.08.11-08.35.29:454][909]LogModuleManager: Shutting down and abandoning module MobilePatchingUtils (578)
[2026.08.11-08.35.29:454][909]LogModuleManager: Shutting down and abandoning module TakeSequencer (576)
[2026.08.11-08.35.29:454][909]LogModuleManager: Shutting down and abandoning module TakeMovieScene (574)
[2026.08.11-08.35.29:454][909]LogModuleManager: Shutting down and abandoning module ScreenshotTools (572)
[2026.08.11-08.35.29:455][909]LogModuleManager: Shutting down and abandoning module GooglePAD (570)
[2026.08.11-08.35.29:455][909]LogModuleManager: Shutting down and abandoning module EditableMesh (568)
[2026.08.11-08.35.29:455][909]LogModuleManager: Shutting down and abandoning module CustomMeshComponent (566)
[2026.08.11-08.35.29:455][909]LogModuleManager: Shutting down and abandoning module CableComponent (564)
[2026.08.11-08.35.29:455][909]LogModuleManager: Shutting down and abandoning module AudioCapture (562)
[2026.08.11-08.35.29:455][909]LogModuleManager: Shutting down and abandoning module AudioCaptureRtAudio (561)
[2026.08.11-08.35.29:455][909]LogModuleManager: Shutting down and abandoning module AssetTags (558)
[2026.08.11-08.35.29:455][909]LogModuleManager: Shutting down and abandoning module ArchVisCharacter (556)
[2026.08.11-08.35.29:455][909]LogModuleManager: Shutting down and abandoning module AppleImageUtilsBlueprintSupport (554)
[2026.08.11-08.35.29:455][909]LogModuleManager: Shutting down and abandoning module AppleImageUtils (552)
[2026.08.11-08.35.29:455][909]LogModuleManager: Shutting down and abandoning module AndroidPermission (550)
[2026.08.11-08.35.29:455][909]LogModuleManager: Shutting down and abandoning module ActorLayerUtilitiesEditor (548)
[2026.08.11-08.35.29:455][909]LogModuleManager: Shutting down and abandoning module ActorLayerUtilities (546)
[2026.08.11-08.35.29:455][909]LogModuleManager: Shutting down and abandoning module TemplateSequence (544)
[2026.08.11-08.35.29:455][909]LogModuleManager: Shutting down and abandoning module MotoSynthEditor (542)
[2026.08.11-08.35.29:455][909]LogModuleManager: Shutting down and abandoning module MotoSynth (540)
[2026.08.11-08.35.29:456][909]LogModuleManager: Shutting down and abandoning module OpenImageDenoise (538)
[2026.08.11-08.35.29:456][909]LogOpenImageDenoise: OIDN shutting down
[2026.08.11-08.35.29:456][909]LogModuleManager: Shutting down and abandoning module MeshConversion (536)
[2026.08.11-08.35.29:456][909]LogModuleManager: Shutting down and abandoning module DynamicMesh (534)
[2026.08.11-08.35.29:456][909]LogModuleManager: Shutting down and abandoning module GeometryAlgorithms (532)
[2026.08.11-08.35.29:456][909]LogModuleManager: Shutting down and abandoning module GeometricObjects (530)
[2026.08.11-08.35.29:456][909]LogModuleManager: Shutting down and abandoning module ImgMedia (528)
[2026.08.11-08.35.29:456][909]LogModuleManager: Shutting down and abandoning module MediaCompositing (526)
[2026.08.11-08.35.29:456][909]LogModuleManager: Shutting down and abandoning module GeometryCollectionTracks (524)
[2026.08.11-08.35.29:456][909]LogModuleManager: Shutting down and abandoning module GeometryCollectionSequencer (523)
[2026.08.11-08.35.29:456][909]LogModuleManager: Shutting down and abandoning module GeometryCollectionEditor (520)
[2026.08.11-08.35.29:456][909]LogModuleManager: Shutting down and abandoning module GeometryCacheTracks (518)
[2026.08.11-08.35.29:456][909]LogModuleManager: Shutting down and abandoning module GeometryCacheStreamer (516)
[2026.08.11-08.35.29:456][909]LogModuleManager: Shutting down and abandoning module GeometryCacheSequencer (514)
[2026.08.11-08.35.29:456][909]LogModuleManager: Shutting down and abandoning module ChaosNiagara (512)
[2026.08.11-08.35.29:457][909]LogModuleManager: Shutting down and abandoning module ChaosSolverEditor (510)
[2026.08.11-08.35.29:457][909]LogModuleManager: Shutting down and abandoning module ChaosClothEditor (508)
[2026.08.11-08.35.29:457][909]LogModuleManager: Shutting down and abandoning module FractureEditor (506)
[2026.08.11-08.35.29:457][909]LogModuleManager: Shutting down and abandoning module FieldSystemEngine (505)
[2026.08.11-08.35.29:457][909]LogModuleManager: Shutting down and abandoning module AutomationUtilsEditor (502)
[2026.08.11-08.35.29:457][909]LogModuleManager: Shutting down and abandoning module AutomationUtils (500)
[2026.08.11-08.35.29:457][909]LogModuleManager: Shutting down and abandoning module BackChannel (498)
[2026.08.11-08.35.29:457][909]LogModuleManager: Shutting down and abandoning module AlembicImporter (496)
[2026.08.11-08.35.29:457][909]LogModuleManager: Shutting down and abandoning module AlembicLibrary (495)
[2026.08.11-08.35.29:457][909]LogModuleManager: Shutting down and abandoning module GeometryCache (494)
[2026.08.11-08.35.29:457][909]LogModuleManager: Shutting down and abandoning module GeometryCacheEd (493)
[2026.08.11-08.35.29:457][909]LogModuleManager: Shutting down and abandoning module MagicLeapSharedWorld (488)
[2026.08.11-08.35.29:457][909]LogModuleManager: Shutting down and abandoning module MagicLeapLightEstimation (486)
[2026.08.11-08.35.29:457][909]LogModuleManager: Shutting down and abandoning module MagicLeapHelperVulkan (484)
[2026.08.11-08.35.29:458][909]LogModuleManager: Shutting down and abandoning module MagicLeapHelperOpenGL (482)
[2026.08.11-08.35.29:458][909]LogModuleManager: Shutting down and abandoning module MagicLeapAudio (480)
[2026.08.11-08.35.29:458][909]LogModuleManager: Shutting down and abandoning module VariantManagerContentEditor (478)
[2026.08.11-08.35.29:458][909]LogModuleManager: Shutting down and abandoning module DatasmithContentEditor (476)
[2026.08.11-08.35.29:458][909]LogModuleManager: Shutting down and abandoning module PluginBrowser (474)
[2026.08.11-08.35.29:459][909]LogModuleManager: Shutting down and abandoning module SpeedTreeImporter (472)
[2026.08.11-08.35.29:459][909]LogModuleManager: Shutting down and abandoning module MobileLauncherProfileWizard (470)
[2026.08.11-08.35.29:460][909]LogModuleManager: Shutting down and abandoning module MaterialAnalyzer (468)
[2026.08.11-08.35.29:460][909]LogModuleManager: Shutting down and abandoning module CurveEditorTools (466)
[2026.08.11-08.35.29:461][909]LogModuleManager: Shutting down and abandoning module NiagaraEditorWidgets (464)
[2026.08.11-08.35.29:462][909]LogModuleManager: Shutting down and abandoning module CryptoKeysOpenSSL (462)
[2026.08.11-08.35.29:462][909]LogModuleManager: Shutting down and abandoning module CryptoKeys (460)
[2026.08.11-08.35.29:462][909]LogModuleManager: Shutting down and abandoning module VisualStudioCodeSourceCodeAccess (458)
[2026.08.11-08.35.29:462][909]LogModuleManager: Shutting down and abandoning module VisualStudioSourceCodeAccess (456)
[2026.08.11-08.35.29:462][909]LogModuleManager: Shutting down and abandoning module UObjectPlugin (454)
[2026.08.11-08.35.29:462][909]LogModuleManager: Shutting down and abandoning module SubversionSourceControl (452)
[2026.08.11-08.35.29:463][909]LogModuleManager: Shutting down and abandoning module RiderSourceCodeAccess (450)
[2026.08.11-08.35.29:463][909]LogModuleManager: Shutting down and abandoning module PluginUtils (448)
[2026.08.11-08.35.29:463][909]LogModuleManager: Shutting down and abandoning module PlasticSourceControl (446)
[2026.08.11-08.35.29:464][909]LogModuleManager: Shutting down and abandoning module PerforceSourceControl (444)
[2026.08.11-08.35.29:464][909]LogModuleManager: Shutting down and abandoning module CLionSourceCodeAccess (442)
[2026.08.11-08.35.29:465][909]LogModuleManager: Shutting down and abandoning module GitSourceControl (440)
[2026.08.11-08.35.29:465][909]LogModuleManager: Shutting down and abandoning module SourceControl (439)
[2026.08.11-08.35.29:465][909]LogModuleManager: Shutting down and abandoning module OodleNetworkHandlerComponent (436)
[2026.08.11-08.35.29:465][909]LogModuleManager: Shutting down and abandoning module AnimationSharingEd (434)
[2026.08.11-08.35.29:465][909]LogModuleManager: Shutting down and abandoning module LiveLinkSequencer (432)
[2026.08.11-08.35.29:465][909]LogModuleManager: Shutting down and abandoning module LiveLinkMovieScene (430)
[2026.08.11-08.35.29:465][909]LogModuleManager: Shutting down and abandoning module LiveLinkGraphNode (428)
[2026.08.11-08.35.29:465][909]LogModuleManager: Shutting down and abandoning module LiveLinkEditor (426)
[2026.08.11-08.35.29:465][909]LogModuleManager: Shutting down and abandoning module LiveLinkComponents (424)
[2026.08.11-08.35.29:465][909]LogModuleManager: Shutting down and abandoning module LiveLink (422)
[2026.08.11-08.35.30:319][909]LogModuleManager: Shutting down and abandoning module PaperTiledImporter (420)
[2026.08.11-08.35.30:319][909]LogModuleManager: Shutting down and abandoning module PaperSpriteSheetImporter (418)
[2026.08.11-08.35.30:319][909]LogModuleManager: Shutting down and abandoning module Paper2DEditor (416)
[2026.08.11-08.35.30:320][909]LogModuleManager: Shutting down and abandoning module MeshPaintingToolset (414)
[2026.08.11-08.35.30:320][909]LogModuleManager: Shutting down and abandoning module MeshPaintEditorMode (412)
[2026.08.11-08.35.30:321][909]LogModuleManager: Shutting down and abandoning module LightPropagationVolumeRuntime (410)
[2026.08.11-08.35.30:321][909]LogModuleManager: Shutting down and abandoning module SoundFields (408)
[2026.08.11-08.35.30:321][909]LogModuleManager: Shutting down and abandoning module RuntimePhysXCooking (406)
[2026.08.11-08.35.30:321][909]LogModuleManager: Shutting down and abandoning module SignificanceManager (404)
[2026.08.11-08.35.30:321][909]LogModuleManager: Shutting down and abandoning module PhysXVehiclesEditor (402)
[2026.08.11-08.35.30:321][909]LogModuleManager: Shutting down and abandoning module PropertyAccessEditor (398)
[2026.08.11-08.35.30:321][909]LogModuleManager: Shutting down and abandoning module LocationServicesBPLibrary (396)
[2026.08.11-08.35.30:321][909]LogModuleManager: Shutting down and abandoning module AudioSynesthesia (394)
[2026.08.11-08.35.30:321][909]LogModuleManager: Shutting down and abandoning module AudioSynesthesiaCore (392)
[2026.08.11-08.35.30:321][909]LogModuleManager: Shutting down and abandoning module ActorSequence (390)
[2026.08.11-08.35.30:321][909]LogModuleManager: Shutting down and abandoning module UdpMessaging (388)
[2026.08.11-08.35.30:422][909]LogModuleManager: Shutting down and abandoning module TcpMessaging (386)
[2026.08.11-08.35.30:522][909]LogModuleManager: Shutting down and abandoning module PythonScriptPlugin (384)
[2026.08.11-08.35.30:522][909]LogModuleManager: Shutting down and abandoning module ImgMediaEngine (382)
[2026.08.11-08.35.30:522][909]LogModuleManager: Shutting down and abandoning module MagicLeapARPin (380)
[2026.08.11-08.35.30:522][909]LogModuleManager: Shutting down and abandoning module MagicLeapHandMeshing (378)
[2026.08.11-08.35.30:522][909]LogModuleManager: Shutting down and abandoning module MagicLeapSecureStorage (376)
[2026.08.11-08.35.30:522][909]LogModuleManager: Shutting down and abandoning module MagicLeapPrivileges (374)
[2026.08.11-08.35.30:522][909]LogModuleManager: Shutting down and abandoning module MagicLeapPlanes (372)
[2026.08.11-08.35.30:522][909]LogMagicLeapPlanes: Planes tracker already destroyed.
[2026.08.11-08.35.30:522][909]LogModuleManager: Shutting down and abandoning module MagicLeapImageTracker (370)
[2026.08.11-08.35.30:522][909]LogModuleManager: Shutting down and abandoning module MagicLeapIdentity (368)
[2026.08.11-08.35.30:522][909]LogModuleManager: Shutting down and abandoning module MagicLeapHandTracking (366)
[2026.08.11-08.35.30:522][909]LogModuleManager: Shutting down and abandoning module MagicLeapEyeTracker (364)
[2026.08.11-08.35.30:522][909]LogModuleManager: Shutting down and abandoning module MagicLeapController (362)
[2026.08.11-08.35.30:522][909]LogModuleManager: Shutting down and abandoning module MagicLeapARPinImpl (360)
[2026.08.11-08.35.30:522][909]LogModuleManager: Shutting down and abandoning module MagicLeapAR (358)
[2026.08.11-08.35.30:522][909]LogModuleManager: Shutting down and abandoning module GameplayTagsEditor (356)
[2026.08.11-08.35.30:522][909]LogModuleManager: Shutting down and abandoning module FacialAnimationEditor (354)
[2026.08.11-08.35.30:523][909]LogModuleManager: Shutting down and abandoning module FacialAnimation (352)
[2026.08.11-08.35.30:523][909]LogModuleManager: Shutting down and abandoning module DataValidation (350)
[2026.08.11-08.35.30:523][909]LogModuleManager: Shutting down and abandoning module NiagaraAnimNotifies (348)
[2026.08.11-08.35.30:523][909]LogModuleManager: Shutting down and abandoning module Niagara (346)
[2026.08.11-08.35.30:523][909]LogModuleManager: Shutting down and abandoning module SignalProcessing (345)
[2026.08.11-08.35.30:523][909]LogModuleManager: Shutting down and abandoning module NiagaraEditor (343)
[2026.08.11-08.35.30:525][909]LogModuleManager: Shutting down and abandoning module NiagaraCore (340)
[2026.08.11-08.35.30:525][909]LogModuleManager: Shutting down and abandoning module AssetManagerEditor (338)
[2026.08.11-08.35.30:525][909]LogModuleManager: Shutting down and abandoning module LevelEditor (337)
[2026.08.11-08.35.30:537][909]LogModuleManager: Shutting down and abandoning module PixelInspectorModule (336)
[2026.08.11-08.35.30:538][909]LogModuleManager: Shutting down and abandoning module CommonMenuExtensions (334)
[2026.08.11-08.35.30:538][909]LogModuleManager: Shutting down and abandoning module MainFrame (332)
[2026.08.11-08.35.30:539][909]LogModuleManager: Shutting down and abandoning module HotReload (331)
[2026.08.11-08.35.30:540][909]LogModuleManager: Shutting down and abandoning module ToolMenus (327)
[2026.08.11-08.35.30:540][909]LogModuleManager: Shutting down and abandoning module ContentBrowser (325)
[2026.08.11-08.35.30:540][909]LogModuleManager: Shutting down and abandoning module ContentBrowserData (324)
[2026.08.11-08.35.30:540][909]LogModuleManager: Shutting down and abandoning module TreeMap (321)
[2026.08.11-08.35.30:540][909]LogModuleManager: Shutting down and abandoning module PropertyAccessNode (318)
[2026.08.11-08.35.30:540][909]LogModuleManager: Shutting down and abandoning module GameplayCameras (316)
[2026.08.11-08.35.30:540][909]LogModuleManager: Shutting down and abandoning module AnimationSharing (314)
[2026.08.11-08.35.30:540][909]LogModuleManager: Shutting down and abandoning module Paper2D (312)
[2026.08.11-08.35.30:540][909]LogModuleManager: Shutting down and abandoning module EnvironmentQueryEditor (310)
[2026.08.11-08.35.30:540][909]LogModuleManager: Shutting down and abandoning module WindowsMoviePlayer (308)
[2026.08.11-08.35.30:586][909]LogModuleManager: Shutting down and abandoning module WebMMoviePlayer (306)
[2026.08.11-08.35.30:587][909]LogModuleManager: Shutting down and abandoning module NetworkReplayStreaming (304)
[2026.08.11-08.35.30:587][909]LogModuleManager: Shutting down and abandoning module PacketHandler (302)
[2026.08.11-08.35.30:587][909]LogModuleManager: Shutting down and abandoning module ClothingSystemEditor (300)
[2026.08.11-08.35.30:587][909]LogModuleManager: Shutting down and abandoning module ClothingSystemRuntimeNv (298)
[2026.08.11-08.35.30:589][909]LogModuleManager: Shutting down and abandoning module MediaAssets (296)
[2026.08.11-08.35.30:589][909]LogModuleManager: Shutting down and abandoning module Overlay (294)
[2026.08.11-08.35.30:589][909]LogModuleManager: Shutting down and abandoning module OverlayEditor (293)
[2026.08.11-08.35.30:589][909]LogModuleManager: Shutting down and abandoning module VREditor (290)
[2026.08.11-08.35.30:589][909]LogModuleManager: Shutting down and abandoning module StringTableEditor (288)
[2026.08.11-08.35.30:589][909]LogModuleManager: Shutting down and abandoning module GameplayTasksEditor (286)
[2026.08.11-08.35.30:589][909]LogModuleManager: Shutting down and abandoning module BehaviorTreeEditor (284)
[2026.08.11-08.35.30:589][909]LogModuleManager: Shutting down and abandoning module FunctionalTesting (282)
[2026.08.11-08.35.30:589][909]LogModuleManager: Shutting down and abandoning module CollisionAnalyzer (280)
[2026.08.11-08.35.30:590][909]LogModuleManager: Shutting down and abandoning module WorkspaceMenuStructure (279)
[2026.08.11-08.35.30:590][909]LogModuleManager: Shutting down and abandoning module UMG (276)
[2026.08.11-08.35.30:590][909]LogModuleManager: Shutting down and abandoning module UMGEditor (275)
[2026.08.11-08.35.30:590][909]LogModuleManager: Shutting down and abandoning module MessageLog (273)
[2026.08.11-08.35.30:590][909]LogModuleManager: Shutting down and abandoning module SlateReflector (268)
[2026.08.11-08.35.30:591][909]LogModuleManager: Shutting down and abandoning module Slate (266)
[2026.08.11-08.35.30:591][909]LogModuleManager: Shutting down and abandoning module SlateCore (264)
[2026.08.11-08.35.30:592][909]LogModuleManager: Shutting down and abandoning module LandscapeEditorUtilities (262)
[2026.08.11-08.35.30:592][909]LogModuleManager: Shutting down and abandoning module UnrealEd (260)
[2026.08.11-08.35.30:592][909]LogModuleManager: Shutting down and abandoning module MRMesh (258)
[2026.08.11-08.35.30:592][909]LogModuleManager: Shutting down and abandoning module SourceCodeAccess (256)
[2026.08.11-08.35.30:592][909]LogModuleManager: Shutting down and abandoning module HeadMountedDisplay (254)
[2026.08.11-08.35.30:592][909]LogModuleManager: Shutting down and abandoning module XAudio2 (252)
[2026.08.11-08.35.30:592][909]LogModuleManager: Shutting down and abandoning module Networking (250)
[2026.08.11-08.35.30:592][909]LogModuleManager: Shutting down and abandoning module Core (248)
[2026.08.11-08.35.30:592][909]LogModuleManager: Shutting down and abandoning module MaterialEditor (246)
[2026.08.11-08.35.30:592][909]LogModuleManager: Shutting down and abandoning module MovieSceneTools (244)
[2026.08.11-08.35.30:594][909]LogModuleManager: Shutting down and abandoning module CurveEditor (243)
[2026.08.11-08.35.30:596][909]LogModuleManager: Shutting down and abandoning module Sequencer (241)
[2026.08.11-08.35.30:597][909]LogModuleManager: Shutting down and abandoning module EditorStyle (240)
[2026.08.11-08.35.30:607][909]LogModuleManager: Shutting down and abandoning module KismetCompiler (236)
[2026.08.11-08.35.30:607][909]LogModuleManager: Shutting down and abandoning module MeshBuilder (234)
[2026.08.11-08.35.30:607][909]LogModuleManager: Shutting down and abandoning module MeshUtilities (232)
[2026.08.11-08.35.30:607][909]LogModuleManager: Shutting down and abandoning module MeshMergeUtilities (231)
[2026.08.11-08.35.30:607][909]LogModuleManager: Shutting down and abandoning module MeshReductionInterface (230)
[2026.08.11-08.35.30:608][909]LogModuleManager: Shutting down and abandoning module MeshBoneReduction (229)
[2026.08.11-08.35.30:608][909]LogModuleManager: Shutting down and abandoning module SkeletalMeshReduction (227)
[2026.08.11-08.35.30:608][909]LogModuleManager: Shutting down and abandoning module ProxyLODMeshReduction (225)
[2026.08.11-08.35.30:609][909]LogModuleManager: Shutting down and abandoning module QuadricMeshReduction (223)
[2026.08.11-08.35.30:609][909]LogModuleManager: Shutting down and abandoning module MaterialBaking (219)
[2026.08.11-08.35.30:609][909]LogModuleManager: Shutting down and abandoning module NullInstallBundleManager (214)
[2026.08.11-08.35.30:609][909]LogModuleManager: Shutting down and abandoning module DerivedDataCache (212)
[2026.08.11-08.35.30:609][909]LogModuleManager: Shutting down and abandoning module TargetPlatform (210)
[2026.08.11-08.35.30:612][909]LogModuleManager: Shutting down and abandoning module VulkanShaderFormat (209)
[2026.08.11-08.35.30:614][909]LogModuleManager: Shutting down and abandoning module ShaderFormatVectorVM (207)
[2026.08.11-08.35.30:615][909]LogModuleManager: Shutting down and abandoning module ShaderFormatOpenGL (205)
[2026.08.11-08.35.30:616][909]LogModuleManager: Shutting down and abandoning module ShaderFormatD3D (203)
[2026.08.11-08.35.30:616][909]LogModuleManager: Shutting down and abandoning module MetalShaderFormat (201)
[2026.08.11-08.35.30:617][909]LogModuleManager: Shutting down and abandoning module TextureFormatOodle (199)
[2026.08.11-08.35.30:617][909]LogModuleManager: Shutting down and abandoning module TextureFormatUncompressed (197)
[2026.08.11-08.35.30:617][909]LogModuleManager: Shutting down and abandoning module TextureFormatPVR (195)
[2026.08.11-08.35.30:617][909]LogModuleManager: Shutting down and abandoning module TextureFormatETC2 (193)
[2026.08.11-08.35.30:617][909]LogModuleManager: Shutting down and abandoning module TextureFormatDXT (191)
[2026.08.11-08.35.30:617][909]LogModuleManager: Shutting down and abandoning module TextureFormatIntelISPCTexComp (189)
[2026.08.11-08.35.30:617][909]LogModuleManager: Shutting down and abandoning module TextureFormatASTC (187)
[2026.08.11-08.35.30:617][909]LogModuleManager: Shutting down and abandoning module ImageWrapper (186)
[2026.08.11-08.35.30:617][909]LogModuleManager: Shutting down and abandoning module AudioFormatOpus (183)
[2026.08.11-08.35.30:618][909]LogModuleManager: Shutting down and abandoning module AudioFormatOgg (181)
[2026.08.11-08.35.30:618][909]LogModuleManager: Shutting down and abandoning module AudioFormatADPCM (179)
[2026.08.11-08.35.30:619][909]LogModuleManager: Shutting down and abandoning module WindowsServerTargetPlatform (177)
[2026.08.11-08.35.30:619][909]LogModuleManager: Shutting down and abandoning module WindowsClientTargetPlatform (175)
[2026.08.11-08.35.30:619][909]LogModuleManager: Shutting down and abandoning module WindowsTargetPlatform (173)
[2026.08.11-08.35.30:619][909]LogModuleManager: Shutting down and abandoning module WindowsNoEditorTargetPlatform (171)
[2026.08.11-08.35.30:619][909]LogModuleManager: Shutting down and abandoning module TVOSTargetPlatform (169)
[2026.08.11-08.35.30:663][909]LogModuleManager: Shutting down and abandoning module MacServerTargetPlatform (167)
[2026.08.11-08.35.30:664][909]LogModuleManager: Shutting down and abandoning module MacClientTargetPlatform (165)
[2026.08.11-08.35.30:664][909]LogModuleManager: Shutting down and abandoning module MacTargetPlatform (163)
[2026.08.11-08.35.30:664][909]LogModuleManager: Shutting down and abandoning module MacNoEditorTargetPlatform (161)
[2026.08.11-08.35.30:664][909]LogModuleManager: Shutting down and abandoning module LuminTargetPlatform (159)
[2026.08.11-08.35.30:733][909]LogModuleManager: Shutting down and abandoning module LinuxAArch64ServerTargetPlatform (157)
[2026.08.11-08.35.30:733][909]LogModuleManager: Shutting down and abandoning module LinuxAArch64ClientTargetPlatform (155)
[2026.08.11-08.35.30:733][909]LogModuleManager: Shutting down and abandoning module LinuxAArch64NoEditorTargetPlatform (153)
[2026.08.11-08.35.30:733][909]LogModuleManager: Shutting down and abandoning module LinuxServerTargetPlatform (151)
[2026.08.11-08.35.30:733][909]LogModuleManager: Shutting down and abandoning module LinuxClientTargetPlatform (149)
[2026.08.11-08.35.30:733][909]LogModuleManager: Shutting down and abandoning module LinuxNoEditorTargetPlatform (147)
[2026.08.11-08.35.30:733][909]LogModuleManager: Shutting down and abandoning module LinuxTargetPlatform (145)
[2026.08.11-08.35.30:734][909]LogModuleManager: Shutting down and abandoning module Messaging (143)
[2026.08.11-08.35.30:734][909]LogModuleManager: Shutting down and abandoning module IOSTargetPlatform (141)
[2026.08.11-08.35.30:764][909]LogModuleManager: Shutting down and abandoning module AndroidTargetPlatform (139)
[2026.08.11-08.35.30:878][909]LogModuleManager: Shutting down and abandoning module AllDesktopTargetPlatform (137)
[2026.08.11-08.35.30:878][909]LogModuleManager: Shutting down and abandoning module D3D11RHI (134)
[2026.08.11-08.35.30:879][909]LogModuleManager: Shutting down and abandoning module InputCore (132)
[2026.08.11-08.35.30:879][909]LogModuleManager: Shutting down and abandoning module Settings (130)
[2026.08.11-08.35.30:880][909]LogModuleManager: Shutting down and abandoning module DirectoryWatcher (128)
[2026.08.11-08.35.30:891][909]LogModuleManager: Shutting down and abandoning module PhysXCooking (126)
[2026.08.11-08.35.30:891][909]LogModuleManager: Shutting down and abandoning module Chaos (124)
[2026.08.11-08.35.30:892][909]LogModuleManager: Shutting down and abandoning module WindowsPlatformFeatures (122)
[2026.08.11-08.35.30:892][909]LogModuleManager: Shutting down and abandoning module GameplayMediaEncoder (121)
[2026.08.11-08.35.30:892][909]LogModuleManager: Shutting down and abandoning module AVEncoder (120)
[2026.08.11-08.35.30:893][909]LogModuleManager: Shutting down and abandoning module SteamVRInputDevice (116)
[2026.08.11-08.35.30:893][909]LogModuleManager: Shutting down and abandoning module SteamVRInput (114)
[2026.08.11-08.35.30:893][909]LogModuleManager: Shutting down and abandoning module SteamVR (112)
[2026.08.11-08.35.30:893][909]LogHMD: Freeing OpenVRDLLHandle.
[2026.08.11-08.35.30:893][909]LogModuleManager: Shutting down and abandoning module OculusHMD (110)
[2026.08.11-08.35.30:893][909]LogModuleManager: Shutting down and abandoning module OpenXRHandTracking (108)
[2026.08.11-08.35.30:897][909]LogSlate: Slate User Destroyed.  User Index 0, Is Virtual User: 0
[2026.08.11-08.35.30:897][909]LogModuleManager: Shutting down and abandoning module OpenXREyeTracker (106)
[2026.08.11-08.35.30:898][909]LogModuleManager: Shutting down and abandoning module OpenXRAR (104)
[2026.08.11-08.35.30:898][909]LogModuleManager: Shutting down and abandoning module AugmentedReality (103)
[2026.08.11-08.35.30:898][909]LogModuleManager: Shutting down and abandoning module OpenXRHMD (100)
[2026.08.11-08.35.30:898][909]LogModuleManager: Shutting down and abandoning module ExampleDeviceProfileSelector (98)
[2026.08.11-08.35.30:898][909]LogModuleManager: Shutting down and abandoning module ChunkDownloader (96)
[2026.08.11-08.35.30:898][909]LogModuleManager: Shutting down and abandoning module OnlineBlueprintSupport (94)
[2026.08.11-08.35.30:898][909]LogModuleManager: Shutting down and abandoning module OnlineSubsystem (90)
[2026.08.11-08.35.30:903][909]LogModuleManager: Shutting down and abandoning module XMPP (85)
[2026.08.11-08.35.30:903][909]LogModuleManager: Shutting down and abandoning module WebSockets (84)
[2026.08.11-08.35.30:938][909]LogModuleManager: Shutting down and abandoning module HTTP (81)
[2026.08.11-08.35.30:938][909]LogHttp: Display: Http module shutting down, but needs to wait on 1 outstanding Http requests:
[2026.08.11-08.35.30:938][909]LogHttp: Display: 	verb=[POST] url=[https://datarouter.ol.epicgames.com/datarouter/api/v1/public/data?SessionID=%7B9B792F34-4E96-1558-7AB5-D4A1397DF411%7D&AppID=UEEditor.Rocket.Release&AppVersion=4.27.2-18319896%2B%2B%2BUE4%2BRelease-4.27&UserID=8ca12e264e44b96ec6924e87a0a2bf13%7Cd27d390211d54d179f050b53e1b26e3e%7Cc658aba6-0670-49f0-8266-c8ab0d1e5e9d&AppEnvironment=datacollector-binary&UploadType=eteventstream] refs=[1] status=Processing
[2026.08.11-08.35.30:938][909]LogHttp: Display: cleaning up 1 outstanding Http requests.
[2026.08.11-08.35.30:958][909]LogModuleManager: Shutting down and abandoning module SSL (80)
[2026.08.11-08.35.30:976][909]LogModuleManager: Shutting down and abandoning module LauncherChunkInstaller (76)
[2026.08.11-08.35.30:976][909]LogModuleManager: Shutting down and abandoning module WmfMedia (74)
[2026.08.11-08.35.30:980][909]LogModuleManager: Shutting down and abandoning module Media (73)
[2026.08.11-08.35.30:983][909]LogModuleManager: Shutting down and abandoning module MediaInfo (72)
[2026.08.11-08.35.30:983][909]LogModuleManager: Shutting down and abandoning module ExrReaderGpu (68)
[2026.08.11-08.35.30:983][909]LogModuleManager: Shutting down and abandoning module ChaosCloth (66)
[2026.08.11-08.35.30:983][909]LogModuleManager: Shutting down and abandoning module MLSDK (64)
[2026.08.11-08.35.30:984][909]LogModuleManager: Shutting down and abandoning module MagicLeap (62)
[2026.08.11-08.35.30:984][909]LogModuleManager: Shutting down and abandoning module VariantManagerContent (60)
[2026.08.11-08.35.30:985][909]LogModuleManager: Shutting down and abandoning module DatasmithContent (58)
[2026.08.11-08.35.30:986][909]LogModuleManager: Shutting down and abandoning module NiagaraVertexFactories (56)
[2026.08.11-08.35.30:987][909]LogModuleManager: Shutting down and abandoning module NiagaraShader (54)
[2026.08.11-08.35.30:987][909]LogModuleManager: Shutting down and abandoning module PixWinPlugin (52)
[2026.08.11-08.35.30:987][909]LogModuleManager: Shutting down and abandoning module AISupportModule (50)
[2026.08.11-08.35.30:987][909]LogModuleManager: Shutting down and abandoning module DesktopPlatform (48)
[2026.08.11-08.35.30:988][909]LogModuleManager: Shutting down and abandoning module PythonScriptPluginPreload (46)
[2026.08.11-08.35.30:989][909]LogModuleManager: Shutting down and abandoning module PlatformCryptoOpenSSL (44)
[2026.08.11-08.35.30:989][909]LogModuleManager: Shutting down and abandoning module PlatformCryptoTypes (42)
[2026.08.11-08.35.30:989][909]LogModuleManager: Shutting down and abandoning module PlatformCrypto (40)
[2026.08.11-08.35.30:989][909]LogModuleManager: Shutting down and abandoning module OodleDataCompressionFormat (38)
[2026.08.11-08.35.30:990][909]LogModuleManager: Shutting down and abandoning module XGEController (36)
[2026.08.11-08.35.30:990][909]LogXGEController: Cleaning working directory: C:/Users/Administrator/AppData/Local/Temp/UnrealXGEWorkingDir/
[2026.08.11-08.35.30:993][909]LogModuleManager: Shutting down and abandoning module AnimationModifiers (34)
[2026.08.11-08.35.30:993][909]LogModuleManager: Shutting down and abandoning module AudioEditor (32)
[2026.08.11-08.35.30:997][909]LogModuleManager: Shutting down and abandoning module PropertyEditor (31)
[2026.08.11-08.35.30:997][909]LogModuleManager: Shutting down and abandoning module TextureCompressor (28)
[2026.08.11-08.35.30:998][909]LogModuleManager: Shutting down and abandoning module RenderCore (26)
[2026.08.11-08.35.30:998][909]LogModuleManager: Shutting down and abandoning module Landscape (24)
[2026.08.11-08.35.30:998][909]LogModuleManager: Shutting down and abandoning module SlateRHIRenderer (22)
[2026.08.11-08.35.30:998][909]LogModuleManager: Shutting down and abandoning module AnimGraphRuntime (20)
[2026.08.11-08.35.30:998][909]LogModuleManager: Shutting down and abandoning module Renderer (18)
[2026.08.11-08.35.30:999][909]LogModuleManager: Shutting down and abandoning module Engine (16)
[2026.08.11-08.35.30:999][909]LogModuleManager: Shutting down and abandoning module CoreUObject (14)
[2026.08.11-08.35.30:999][909]LogModuleManager: Shutting down and abandoning module NetworkFile (12)
[2026.08.11-08.35.30:999][909]LogModuleManager: Shutting down and abandoning module CookedIterativeFile (10)
[2026.08.11-08.35.30:999][909]LogModuleManager: Shutting down and abandoning module StreamingFile (8)
[2026.08.11-08.35.30:999][909]LogModuleManager: Shutting down and abandoning module SandboxFile (6)
[2026.08.11-08.35.30:999][909]LogModuleManager: Shutting down and abandoning module PakFile (4)
[2026.08.11-08.35.30:999][909]LogModuleManager: Shutting down and abandoning module RSA (3)
[2026.08.11-08.35.30:999][909]LogContentStreaming: Display: There are 1 unreleased StreamingManagers
[2026.08.11-08.35.31:026][909]LogD3D11RHI: Shutdown
[2026.08.11-08.35.31:026][909]LogD3D11RHI: CleanupD3DDevice
[2026.08.11-08.35.31:047][909]LogExit: Exiting.
[2026.08.11-08.35.31:122][909]Log file closed, 08/11/26 16:35:31
